2026-05-27 23:34:32.360 [main] INFO  c.u.b.UnibridgeBackendApplication - Starting UnibridgeBackendApplication using Java 21.0.4 with PID 34448 (D:\UnibridgeBackend\target\classes started by wumingwuyou in D:\UnibridgeBackend)
2026-05-27 23:34:32.362 [main] DEBUG c.u.b.UnibridgeBackendApplication - Running with Spring Boot v3.5.13, Spring v6.2.17
2026-05-27 23:34:32.363 [main] INFO  c.u.b.UnibridgeBackendApplication - The following 1 profile is active: "dev"
2026-05-27 23:34:33.882 [main] DEBUG o.apache.ibatis.logging.LogFactory - Logging initialized using 'class org.apache.ibatis.logging.slf4j.Slf4jImpl' adapter.
2026-05-27 23:34:33.888 [main] DEBUG o.m.s.mapper.ClassPathMapperScanner - Identified candidate component class: file [D:\UnibridgeBackend\target\classes\com\unibridge\backend\infrastructure\persistence\mapper\AchievementArchiveMapper.class]
2026-05-27 23:34:33.889 [main] DEBUG o.m.s.mapper.ClassPathMapperScanner - Identified candidate component class: file [D:\UnibridgeBackend\target\classes\com\unibridge\backend\infrastructure\persistence\mapper\ClientEntityMapper.class]
2026-05-27 23:34:33.889 [main] DEBUG o.m.s.mapper.ClassPathMapperScanner - Identified candidate component class: file [D:\UnibridgeBackend\target\classes\com\unibridge\backend\infrastructure\persistence\mapper\ClientEntityProfileMapper.class]
2026-05-27 23:34:33.889 [main] DEBUG o.m.s.mapper.ClassPathMapperScanner - Identified candidate component class: file [D:\UnibridgeBackend\target\classes\com\unibridge\backend\infrastructure\persistence\mapper\ClientNoteMapper.class]
2026-05-27 23:34:33.889 [main] DEBUG o.m.s.mapper.ClassPathMapperScanner - Identified candidate component class: file [D:\UnibridgeBackend\target\classes\com\unibridge\backend\infrastructure\persistence\mapper\ClientProjectCommercialSecretMapper.class]
2026-05-27 23:34:33.889 [main] DEBUG o.m.s.mapper.ClassPathMapperScanner - Identified candidate component class: file [D:\UnibridgeBackend\target\classes\com\unibridge\backend\infrastructure\persistence\mapper\ClientProjectMapper.class]
2026-05-27 23:34:33.889 [main] DEBUG o.m.s.mapper.ClassPathMapperScanner - Identified candidate component class: file [D:\UnibridgeBackend\target\classes\com\unibridge\backend\infrastructure\persistence\mapper\ClientTeamMapper.class]
2026-05-27 23:34:33.889 [main] DEBUG o.m.s.mapper.ClassPathMapperScanner - Identified candidate component class: file [D:\UnibridgeBackend\target\classes\com\unibridge\backend\infrastructure\persistence\mapper\ClientTeamMemberMapper.class]
2026-05-27 23:34:33.889 [main] DEBUG o.m.s.mapper.ClassPathMapperScanner - Identified candidate component class: file [D:\UnibridgeBackend\target\classes\com\unibridge\backend\infrastructure\persistence\mapper\ClientUserMapper.class]
2026-05-27 23:34:33.889 [main] DEBUG o.m.s.mapper.ClassPathMapperScanner - Identified candidate component class: file [D:\UnibridgeBackend\target\classes\com\unibridge\backend\infrastructure\persistence\mapper\ClientUserProfileMapper.class]
2026-05-27 23:34:33.889 [main] DEBUG o.m.s.mapper.ClassPathMapperScanner - Identified candidate component class: file [D:\UnibridgeBackend\target\classes\com\unibridge\backend\infrastructure\persistence\mapper\EntityMapper.class]
2026-05-27 23:34:33.889 [main] DEBUG o.m.s.mapper.ClassPathMapperScanner - Identified candidate component class: file [D:\UnibridgeBackend\target\classes\com\unibridge\backend\infrastructure\persistence\mapper\SysCreditLogMapper.class]
2026-05-27 23:34:33.889 [main] DEBUG o.m.s.mapper.ClassPathMapperScanner - Identified candidate component class: file [D:\UnibridgeBackend\target\classes\com\unibridge\backend\infrastructure\persistence\mapper\SysCreditProfileMapper.class]
2026-05-27 23:34:33.889 [main] DEBUG o.m.s.mapper.ClassPathMapperScanner - Identified candidate component class: file [D:\UnibridgeBackend\target\classes\com\unibridge\backend\infrastructure\persistence\mapper\SysEntityTotpCredentialsMapper.class]
2026-05-27 23:34:33.889 [main] DEBUG o.m.s.mapper.ClassPathMapperScanner - Identified candidate component class: file [D:\UnibridgeBackend\target\classes\com\unibridge\backend\infrastructure\persistence\mapper\UserAuthLinkMapper.class]
2026-05-27 23:34:33.889 [main] DEBUG o.m.s.mapper.ClassPathMapperScanner - Identified candidate component class: file [D:\UnibridgeBackend\target\classes\com\unibridge\backend\infrastructure\persistence\mapper\UserContentInteractionMapper.class]
2026-05-27 23:34:33.889 [main] DEBUG o.m.s.mapper.ClassPathMapperScanner - Identified candidate component class: file [D:\UnibridgeBackend\target\classes\com\unibridge\backend\infrastructure\persistence\mapper\UserProfileMapper.class]
2026-05-27 23:34:33.889 [main] DEBUG o.m.s.mapper.ClassPathMapperScanner - Identified candidate component class: file [D:\UnibridgeBackend\target\classes\com\unibridge\backend\infrastructure\persistence\mapper\UserTagInterestMapper.class]
2026-05-27 23:34:33.891 [main] DEBUG o.m.s.mapper.ClassPathMapperScanner - Identified candidate component class: file [D:\UnibridgeBackend\target\classes\com\unibridge\backend\infrastructure\media\mapper\FileRecordMapper.class]
2026-05-27 23:34:33.893 [main] DEBUG o.m.s.mapper.ClassPathMapperScanner - Identified candidate component class: file [D:\UnibridgeBackend\target\classes\com\unibridge\backend\domain\admin\mapper\SystemAdminMapper.class]
2026-05-27 23:34:33.894 [main] DEBUG o.m.s.mapper.ClassPathMapperScanner - Creating MapperFactoryBean with name 'achievementArchiveMapper' and 'com.unibridge.backend.infrastructure.persistence.mapper.AchievementArchiveMapper' mapperInterface
2026-05-27 23:34:33.898 [main] DEBUG o.m.s.mapper.ClassPathMapperScanner - Enabling autowire by type for MapperFactoryBean with name 'achievementArchiveMapper'.
2026-05-27 23:34:33.898 [main] DEBUG o.m.s.mapper.ClassPathMapperScanner - Creating MapperFactoryBean with name 'clientEntityMapper' and 'com.unibridge.backend.infrastructure.persistence.mapper.ClientEntityMapper' mapperInterface
2026-05-27 23:34:33.898 [main] DEBUG o.m.s.mapper.ClassPathMapperScanner - Enabling autowire by type for MapperFactoryBean with name 'clientEntityMapper'.
2026-05-27 23:34:33.899 [main] DEBUG o.m.s.mapper.ClassPathMapperScanner - Creating MapperFactoryBean with name 'clientEntityProfileMapper' and 'com.unibridge.backend.infrastructure.persistence.mapper.ClientEntityProfileMapper' mapperInterface
2026-05-27 23:34:33.900 [main] DEBUG o.m.s.mapper.ClassPathMapperScanner - Enabling autowire by type for MapperFactoryBean with name 'clientEntityProfileMapper'.
2026-05-27 23:34:33.900 [main] DEBUG o.m.s.mapper.ClassPathMapperScanner - Creating MapperFactoryBean with name 'clientNoteMapper' and 'com.unibridge.backend.infrastructure.persistence.mapper.ClientNoteMapper' mapperInterface
2026-05-27 23:34:33.901 [main] DEBUG o.m.s.mapper.ClassPathMapperScanner - Enabling autowire by type for MapperFactoryBean with name 'clientNoteMapper'.
2026-05-27 23:34:33.901 [main] DEBUG o.m.s.mapper.ClassPathMapperScanner - Creating MapperFactoryBean with name 'clientProjectCommercialSecretMapper' and 'com.unibridge.backend.infrastructure.persistence.mapper.ClientProjectCommercialSecretMapper' mapperInterface
2026-05-27 23:34:33.902 [main] DEBUG o.m.s.mapper.ClassPathMapperScanner - Enabling autowire by type for MapperFactoryBean with name 'clientProjectCommercialSecretMapper'.
2026-05-27 23:34:33.902 [main] DEBUG o.m.s.mapper.ClassPathMapperScanner - Creating MapperFactoryBean with name 'clientProjectMapper' and 'com.unibridge.backend.infrastructure.persistence.mapper.ClientProjectMapper' mapperInterface
2026-05-27 23:34:33.903 [main] DEBUG o.m.s.mapper.ClassPathMapperScanner - Enabling autowire by type for MapperFactoryBean with name 'clientProjectMapper'.
2026-05-27 23:34:33.903 [main] DEBUG o.m.s.mapper.ClassPathMapperScanner - Creating MapperFactoryBean with name 'clientTeamMapper' and 'com.unibridge.backend.infrastructure.persistence.mapper.ClientTeamMapper' mapperInterface
2026-05-27 23:34:33.904 [main] DEBUG o.m.s.mapper.ClassPathMapperScanner - Enabling autowire by type for MapperFactoryBean with name 'clientTeamMapper'.
2026-05-27 23:34:33.904 [main] DEBUG o.m.s.mapper.ClassPathMapperScanner - Creating MapperFactoryBean with name 'clientTeamMemberMapper' and 'com.unibridge.backend.infrastructure.persistence.mapper.ClientTeamMemberMapper' mapperInterface
2026-05-27 23:34:33.905 [main] DEBUG o.m.s.mapper.ClassPathMapperScanner - Enabling autowire by type for MapperFactoryBean with name 'clientTeamMemberMapper'.
2026-05-27 23:34:33.905 [main] DEBUG o.m.s.mapper.ClassPathMapperScanner - Creating MapperFactoryBean with name 'clientUserMapper' and 'com.unibridge.backend.infrastructure.persistence.mapper.ClientUserMapper' mapperInterface
2026-05-27 23:34:33.905 [main] DEBUG o.m.s.mapper.ClassPathMapperScanner - Enabling autowire by type for MapperFactoryBean with name 'clientUserMapper'.
2026-05-27 23:34:33.905 [main] DEBUG o.m.s.mapper.ClassPathMapperScanner - Creating MapperFactoryBean with name 'clientUserProfileMapper' and 'com.unibridge.backend.infrastructure.persistence.mapper.ClientUserProfileMapper' mapperInterface
2026-05-27 23:34:33.906 [main] DEBUG o.m.s.mapper.ClassPathMapperScanner - Enabling autowire by type for MapperFactoryBean with name 'clientUserProfileMapper'.
2026-05-27 23:34:33.906 [main] DEBUG o.m.s.mapper.ClassPathMapperScanner - Creating MapperFactoryBean with name 'entityMapper' and 'com.unibridge.backend.infrastructure.persistence.mapper.EntityMapper' mapperInterface
2026-05-27 23:34:33.907 [main] DEBUG o.m.s.mapper.ClassPathMapperScanner - Enabling autowire by type for MapperFactoryBean with name 'entityMapper'.
2026-05-27 23:34:33.907 [main] DEBUG o.m.s.mapper.ClassPathMapperScanner - Creating MapperFactoryBean with name 'sysCreditLogMapper' and 'com.unibridge.backend.infrastructure.persistence.mapper.SysCreditLogMapper' mapperInterface
2026-05-27 23:34:33.908 [main] DEBUG o.m.s.mapper.ClassPathMapperScanner - Enabling autowire by type for MapperFactoryBean with name 'sysCreditLogMapper'.
2026-05-27 23:34:33.908 [main] DEBUG o.m.s.mapper.ClassPathMapperScanner - Creating MapperFactoryBean with name 'sysCreditProfileMapper' and 'com.unibridge.backend.infrastructure.persistence.mapper.SysCreditProfileMapper' mapperInterface
2026-05-27 23:34:33.908 [main] DEBUG o.m.s.mapper.ClassPathMapperScanner - Enabling autowire by type for MapperFactoryBean with name 'sysCreditProfileMapper'.
2026-05-27 23:34:33.908 [main] DEBUG o.m.s.mapper.ClassPathMapperScanner - Creating MapperFactoryBean with name 'sysEntityTotpCredentialsMapper' and 'com.unibridge.backend.infrastructure.persistence.mapper.SysEntityTotpCredentialsMapper' mapperInterface
2026-05-27 23:34:33.909 [main] DEBUG o.m.s.mapper.ClassPathMapperScanner - Enabling autowire by type for MapperFactoryBean with name 'sysEntityTotpCredentialsMapper'.
2026-05-27 23:34:33.909 [main] DEBUG o.m.s.mapper.ClassPathMapperScanner - Creating MapperFactoryBean with name 'userAuthLinkMapper' and 'com.unibridge.backend.infrastructure.persistence.mapper.UserAuthLinkMapper' mapperInterface
2026-05-27 23:34:33.910 [main] DEBUG o.m.s.mapper.ClassPathMapperScanner - Enabling autowire by type for MapperFactoryBean with name 'userAuthLinkMapper'.
2026-05-27 23:34:33.910 [main] DEBUG o.m.s.mapper.ClassPathMapperScanner - Creating MapperFactoryBean with name 'userContentInteractionMapper' and 'com.unibridge.backend.infrastructure.persistence.mapper.UserContentInteractionMapper' mapperInterface
2026-05-27 23:34:33.910 [main] DEBUG o.m.s.mapper.ClassPathMapperScanner - Enabling autowire by type for MapperFactoryBean with name 'userContentInteractionMapper'.
2026-05-27 23:34:33.910 [main] DEBUG o.m.s.mapper.ClassPathMapperScanner - Creating MapperFactoryBean with name 'userProfileMapper' and 'com.unibridge.backend.infrastructure.persistence.mapper.UserProfileMapper' mapperInterface
2026-05-27 23:34:33.911 [main] DEBUG o.m.s.mapper.ClassPathMapperScanner - Enabling autowire by type for MapperFactoryBean with name 'userProfileMapper'.
2026-05-27 23:34:33.911 [main] DEBUG o.m.s.mapper.ClassPathMapperScanner - Creating MapperFactoryBean with name 'userTagInterestMapper' and 'com.unibridge.backend.infrastructure.persistence.mapper.UserTagInterestMapper' mapperInterface
2026-05-27 23:34:33.912 [main] DEBUG o.m.s.mapper.ClassPathMapperScanner - Enabling autowire by type for MapperFactoryBean with name 'userTagInterestMapper'.
2026-05-27 23:34:33.912 [main] DEBUG o.m.s.mapper.ClassPathMapperScanner - Creating MapperFactoryBean with name 'fileRecordMapper' and 'com.unibridge.backend.infrastructure.media.mapper.FileRecordMapper' mapperInterface
2026-05-27 23:34:33.913 [main] DEBUG o.m.s.mapper.ClassPathMapperScanner - Enabling autowire by type for MapperFactoryBean with name 'fileRecordMapper'.
2026-05-27 23:34:33.913 [main] DEBUG o.m.s.mapper.ClassPathMapperScanner - Creating MapperFactoryBean with name 'systemAdminMapper' and 'com.unibridge.backend.domain.admin.mapper.SystemAdminMapper' mapperInterface
2026-05-27 23:34:33.913 [main] DEBUG o.m.s.mapper.ClassPathMapperScanner - Enabling autowire by type for MapperFactoryBean with name 'systemAdminMapper'.
2026-05-27 23:34:34.780 [main] DEBUG c.u.b.i.s.u.UploadSecurityHeadersFilter - Filter 'uploadSecurityHeadersFilter' configured for use
2026-05-27 23:34:34.780 [main] DEBUG c.u.b.i.c.ApiRequestLoggingFilter - Filter 'apiRequestLoggingFilter' configured for use
2026-05-27 23:34:34.903 [main] DEBUG c.b.m.core.spi.CompatibleHelper - Load compatibleSet: com.baomidou.mybatisplus.extension.spi.SpringCompatibleSet@58feb6b0
2026-05-27 23:34:34.967 [main] DEBUG c.b.m.e.s.MybatisSqlSessionFactoryBean - Property 'mapperLocations' was not specified.
2026-05-27 23:34:34.979 [main] DEBUG c.b.m.core.toolkit.Sequence - Get /10.161.196.120 network interface 
2026-05-27 23:34:34.979 [main] DEBUG c.b.m.core.toolkit.Sequence - Get network interface info: name:wireless_32768 (RZ608 Wi-Fi 6E 80MHz)
2026-05-27 23:34:34.995 [main] DEBUG c.b.m.core.toolkit.Sequence - Initialization Sequence datacenterId:31 workerId:25
2026-05-27 23:34:36.183 [main] INFO  c.u.b.i.config.IpRegionConfig - ip2region 已就绪：classpath:ip2region/ip2region.xdb，xdbSize=10641955 bytes
2026-05-27 23:34:36.652 [main] INFO  c.u.b.i.config.UploadConfig - Local upload static mapping enabled: [/uploads/**] -> [file:C:/Users/wumingwuyou/unibridge/uploads/]
2026-05-27 23:34:36.784 [main] INFO  c.b.m.e.s.MybatisPlusApplicationContextAware - Register ApplicationContext instances org.springframework.boot.web.servlet.context.AnnotationConfigServletWebServerApplicationContext@242aa8d9
2026-05-27 23:34:37.086 [main] INFO  c.u.b.UnibridgeBackendApplication - Started UnibridgeBackendApplication in 5.734 seconds (process running for 6.249)
2026-05-27 23:35:18.223 [http-nio-8081-exec-3] DEBUG c.u.b.i.config.IpLocationInterceptor - IP属地解析: ip=127.0.0.1, location=局域网, uri=/api/v1/client/feed/home
2026-05-27 23:35:18.223 [http-nio-8081-exec-4] DEBUG c.u.b.i.config.IpLocationInterceptor - IP属地解析: ip=127.0.0.1, location=局域网, uri=/api/v1/client/user-profile/menu
2026-05-27 23:35:18.223 [http-nio-8081-exec-2] DEBUG c.u.b.i.config.IpLocationInterceptor - IP属地解析: ip=127.0.0.1, location=局域网, uri=/api/v1/client/user-profile/menu
2026-05-27 23:35:18.223 [http-nio-8081-exec-1] DEBUG c.u.b.i.config.IpLocationInterceptor - IP属地解析: ip=127.0.0.1, location=局域网, uri=/api/v1/client/feed/home
2026-05-27 23:35:18.232 [http-nio-8081-exec-3] INFO  c.u.b.i.c.ApiRequestLoggingFilter - [API] OPTIONS /api/v1/client/feed/home -> 200 (76 ms) ip=127.0.0.1 location=局域网
2026-05-27 23:35:18.232 [http-nio-8081-exec-2] INFO  c.u.b.i.c.ApiRequestLoggingFilter - [API] OPTIONS /api/v1/client/user-profile/menu?uid=US00000000002 -> 200 (76 ms) ip=127.0.0.1 location=局域网
2026-05-27 23:35:18.232 [http-nio-8081-exec-4] INFO  c.u.b.i.c.ApiRequestLoggingFilter - [API] OPTIONS /api/v1/client/user-profile/menu?uid=US00000000002 -> 200 (76 ms) ip=127.0.0.1 location=局域网
2026-05-27 23:35:18.232 [http-nio-8081-exec-1] INFO  c.u.b.i.c.ApiRequestLoggingFilter - [API] OPTIONS /api/v1/client/feed/home -> 200 (76 ms) ip=127.0.0.1 location=局域网
2026-05-27 23:35:18.245 [http-nio-8081-exec-10] DEBUG c.u.b.i.config.IpLocationInterceptor - IP属地解析: ip=127.0.0.1, location=局域网, uri=/api/v1/client/user-profile/menu
2026-05-27 23:35:18.245 [http-nio-8081-exec-5] DEBUG c.u.b.i.config.IpLocationInterceptor - IP属地解析: ip=127.0.0.1, location=局域网, uri=/api/v1/client/feed/home
2026-05-27 23:35:18.445 [http-nio-8081-exec-5] DEBUG org.mybatis.spring.SqlSessionUtils - Creating a new SqlSession
2026-05-27 23:35:18.445 [http-nio-8081-exec-10] DEBUG org.mybatis.spring.SqlSessionUtils - Creating a new SqlSession
2026-05-27 23:35:18.452 [http-nio-8081-exec-5] DEBUG org.mybatis.spring.SqlSessionUtils - SqlSession [org.apache.ibatis.session.defaults.DefaultSqlSession@21728416] was not registered for synchronization because synchronization is not active
2026-05-27 23:35:18.452 [http-nio-8081-exec-10] DEBUG org.mybatis.spring.SqlSessionUtils - SqlSession [org.apache.ibatis.session.defaults.DefaultSqlSession@48accba0] was not registered for synchronization because synchronization is not active
2026-05-27 23:35:18.949 [http-nio-8081-exec-5] DEBUG o.m.s.t.SpringManagedTransaction - JDBC Connection [HikariProxyConnection@480244122 wrapping com.mysql.cj.jdbc.ConnectionImpl@25396f1d] will not be managed by Spring
2026-05-27 23:35:18.949 [http-nio-8081-exec-10] DEBUG o.m.s.t.SpringManagedTransaction - JDBC Connection [HikariProxyConnection@936692340 wrapping com.mysql.cj.jdbc.ConnectionImpl@51f4e276] will not be managed by Spring
2026-05-27 23:35:18.960 [http-nio-8081-exec-5] DEBUG c.u.b.i.p.m.U.selectList - ==>  Preparing: SELECT id,user_uid,tag,weight,updated_at FROM user_tag_interests WHERE (user_uid = ?) ORDER BY weight DESC LIMIT 50
2026-05-27 23:35:18.960 [http-nio-8081-exec-10] DEBUG c.u.b.i.p.m.C.selectList - ==>  Preparing: SELECT id,user_uid,phone,email,password_hash,account_status,account_status_changed_at,account_status_remark,last_login_at,created_at,updated_at FROM user WHERE (user_uid = ?) LIMIT 1
2026-05-27 23:35:19.017 [http-nio-8081-exec-5] DEBUG c.u.b.i.p.m.U.selectList - ==> Parameters: US00000000002(String)
2026-05-27 23:35:19.017 [http-nio-8081-exec-10] DEBUG c.u.b.i.p.m.C.selectList - ==> Parameters: US00000000002(String)
2026-05-27 23:35:19.077 [http-nio-8081-exec-10] DEBUG c.u.b.i.p.m.C.selectList - <==      Total: 1
2026-05-27 23:35:19.077 [http-nio-8081-exec-5] DEBUG c.u.b.i.p.m.U.selectList - <==      Total: 3
2026-05-27 23:35:19.084 [http-nio-8081-exec-10] DEBUG org.mybatis.spring.SqlSessionUtils - Closing non transactional SqlSession [org.apache.ibatis.session.defaults.DefaultSqlSession@48accba0]
2026-05-27 23:35:19.084 [http-nio-8081-exec-5] DEBUG org.mybatis.spring.SqlSessionUtils - Closing non transactional SqlSession [org.apache.ibatis.session.defaults.DefaultSqlSession@21728416]
2026-05-27 23:35:19.087 [http-nio-8081-exec-10] DEBUG org.mybatis.spring.SqlSessionUtils - Creating a new SqlSession
2026-05-27 23:35:19.087 [http-nio-8081-exec-10] DEBUG org.mybatis.spring.SqlSessionUtils - SqlSession [org.apache.ibatis.session.defaults.DefaultSqlSession@58d0cb9a] was not registered for synchronization because synchronization is not active
2026-05-27 23:35:19.087 [http-nio-8081-exec-5] DEBUG org.mybatis.spring.SqlSessionUtils - Creating a new SqlSession
2026-05-27 23:35:19.087 [http-nio-8081-exec-5] DEBUG org.mybatis.spring.SqlSessionUtils - SqlSession [org.apache.ibatis.session.defaults.DefaultSqlSession@75305b2b] was not registered for synchronization because synchronization is not active
2026-05-27 23:35:19.088 [http-nio-8081-exec-10] DEBUG o.m.s.t.SpringManagedTransaction - JDBC Connection [HikariProxyConnection@2088383648 wrapping com.mysql.cj.jdbc.ConnectionImpl@51f4e276] will not be managed by Spring
2026-05-27 23:35:19.088 [http-nio-8081-exec-10] DEBUG c.u.b.i.p.m.C.selectList - ==>  Preparing: SELECT id,user_uid,nick_name,real_name,avatar_url,current_entity_name,level,bio_data,career_data,intro,announcement,created_at,updated_at FROM user_profile WHERE (user_uid = ?) LIMIT 1
2026-05-27 23:35:19.088 [http-nio-8081-exec-5] DEBUG o.m.s.t.SpringManagedTransaction - JDBC Connection [HikariProxyConnection@1660577469 wrapping com.mysql.cj.jdbc.ConnectionImpl@25396f1d] will not be managed by Spring
2026-05-27 23:35:19.089 [http-nio-8081-exec-5] DEBUG c.u.b.i.p.m.C.selectList - ==>  Preparing: SELECT id,user_uid,content_type_code,extended_uid,title,summary,editor_type,content,cover_url,video_url,video_duration,tags,view_count,like_count,collect_count,comment_count,status,published_at,created_at,updated_at FROM note WHERE (status = ?) ORDER BY published_at DESC,created_at DESC LIMIT 400
2026-05-27 23:35:19.090 [http-nio-8081-exec-10] DEBUG c.u.b.i.p.m.C.selectList - ==> Parameters: US00000000002(String)
2026-05-27 23:35:19.090 [http-nio-8081-exec-5] DEBUG c.u.b.i.p.m.C.selectList - ==> Parameters: PUBLISHED(String)
2026-05-27 23:35:19.095 [http-nio-8081-exec-10] DEBUG c.u.b.i.p.m.C.selectList - <==      Total: 1
2026-05-27 23:35:19.096 [http-nio-8081-exec-10] DEBUG org.mybatis.spring.SqlSessionUtils - Closing non transactional SqlSession [org.apache.ibatis.session.defaults.DefaultSqlSession@58d0cb9a]
2026-05-27 23:35:19.104 [http-nio-8081-exec-5] DEBUG c.u.b.i.p.m.C.selectList - <==      Total: 10
2026-05-27 23:35:19.105 [http-nio-8081-exec-5] DEBUG org.mybatis.spring.SqlSessionUtils - Closing non transactional SqlSession [org.apache.ibatis.session.defaults.DefaultSqlSession@75305b2b]
2026-05-27 23:35:19.113 [http-nio-8081-exec-5] DEBUG org.mybatis.spring.SqlSessionUtils - Creating a new SqlSession
2026-05-27 23:35:19.114 [http-nio-8081-exec-5] DEBUG org.mybatis.spring.SqlSessionUtils - SqlSession [org.apache.ibatis.session.defaults.DefaultSqlSession@10f28695] was not registered for synchronization because synchronization is not active
2026-05-27 23:35:19.115 [http-nio-8081-exec-5] DEBUG o.m.s.t.SpringManagedTransaction - JDBC Connection [HikariProxyConnection@1249961356 wrapping com.mysql.cj.jdbc.ConnectionImpl@25396f1d] will not be managed by Spring
2026-05-27 23:35:19.115 [http-nio-8081-exec-5] DEBUG c.u.b.i.p.m.C.selectList - ==>  Preparing: SELECT id,user_uid,nick_name,real_name,avatar_url,current_entity_name,level,bio_data,career_data,intro,announcement,created_at,updated_at FROM user_profile WHERE (user_uid = ?) LIMIT 1
2026-05-27 23:35:19.116 [http-nio-8081-exec-5] DEBUG c.u.b.i.p.m.C.selectList - ==> Parameters: US00000000001(String)
2026-05-27 23:35:19.119 [http-nio-8081-exec-5] DEBUG c.u.b.i.p.m.C.selectList - <==      Total: 1
2026-05-27 23:35:19.120 [http-nio-8081-exec-5] DEBUG org.mybatis.spring.SqlSessionUtils - Closing non transactional SqlSession [org.apache.ibatis.session.defaults.DefaultSqlSession@10f28695]
2026-05-27 23:35:19.122 [http-nio-8081-exec-5] DEBUG org.mybatis.spring.SqlSessionUtils - Creating a new SqlSession
2026-05-27 23:35:19.122 [http-nio-8081-exec-5] DEBUG org.mybatis.spring.SqlSessionUtils - SqlSession [org.apache.ibatis.session.defaults.DefaultSqlSession@383ed27b] was not registered for synchronization because synchronization is not active
2026-05-27 23:35:19.124 [http-nio-8081-exec-5] DEBUG o.m.s.t.SpringManagedTransaction - JDBC Connection [HikariProxyConnection@1254704675 wrapping com.mysql.cj.jdbc.ConnectionImpl@25396f1d] will not be managed by Spring
2026-05-27 23:35:19.124 [http-nio-8081-exec-5] DEBUG c.u.b.i.p.m.U.selectList - ==>  Preparing: SELECT id,user_uid,entity_code,role,auth_serial_no,proof_artifact_url,audit_status,is_active,remark,created_at,updated_at FROM user_auth_link WHERE (user_uid = ? AND is_active = ?) ORDER BY updated_at DESC LIMIT 1
2026-05-27 23:35:19.126 [http-nio-8081-exec-5] DEBUG c.u.b.i.p.m.U.selectList - ==> Parameters: US00000000001(String), 1(Integer)
2026-05-27 23:35:19.134 [http-nio-8081-exec-5] DEBUG c.u.b.i.p.m.U.selectList - <==      Total: 1
2026-05-27 23:35:19.134 [http-nio-8081-exec-5] DEBUG org.mybatis.spring.SqlSessionUtils - Closing non transactional SqlSession [org.apache.ibatis.session.defaults.DefaultSqlSession@383ed27b]
2026-05-27 23:35:19.136 [http-nio-8081-exec-5] DEBUG org.mybatis.spring.SqlSessionUtils - Creating a new SqlSession
2026-05-27 23:35:19.137 [http-nio-8081-exec-5] DEBUG org.mybatis.spring.SqlSessionUtils - SqlSession [org.apache.ibatis.session.defaults.DefaultSqlSession@468fabe5] was not registered for synchronization because synchronization is not active
2026-05-27 23:35:19.138 [http-nio-8081-exec-5] DEBUG o.m.s.t.SpringManagedTransaction - JDBC Connection [HikariProxyConnection@586164673 wrapping com.mysql.cj.jdbc.ConnectionImpl@25396f1d] will not be managed by Spring
2026-05-27 23:35:19.138 [http-nio-8081-exec-5] DEBUG c.u.b.i.p.m.C.selectList - ==>  Preparing: SELECT id,entity_code,name,location,type,logo_url,banner_url,intro,announcement,created_at,updated_at FROM entity_profile WHERE (entity_code = ?) LIMIT 1
2026-05-27 23:35:19.138 [http-nio-8081-exec-5] DEBUG c.u.b.i.p.m.C.selectList - ==> Parameters: 10598(String)
2026-05-27 23:35:19.142 [http-nio-8081-exec-5] DEBUG c.u.b.i.p.m.C.selectList - <==      Total: 1
2026-05-27 23:35:19.143 [http-nio-8081-exec-5] DEBUG org.mybatis.spring.SqlSessionUtils - Closing non transactional SqlSession [org.apache.ibatis.session.defaults.DefaultSqlSession@468fabe5]
2026-05-27 23:35:19.148 [http-nio-8081-exec-5] DEBUG org.mybatis.spring.SqlSessionUtils - Creating a new SqlSession
2026-05-27 23:35:19.148 [http-nio-8081-exec-5] DEBUG org.mybatis.spring.SqlSessionUtils - SqlSession [org.apache.ibatis.session.defaults.DefaultSqlSession@d3bc7ef] was not registered for synchronization because synchronization is not active
2026-05-27 23:35:19.149 [http-nio-8081-exec-5] DEBUG o.m.s.t.SpringManagedTransaction - JDBC Connection [HikariProxyConnection@741204561 wrapping com.mysql.cj.jdbc.ConnectionImpl@25396f1d] will not be managed by Spring
2026-05-27 23:35:19.150 [http-nio-8081-exec-5] DEBUG c.u.b.i.p.m.C.selectList - ==>  Preparing: SELECT id,user_uid,nick_name,real_name,avatar_url,current_entity_name,level,bio_data,career_data,intro,announcement,created_at,updated_at FROM user_profile WHERE (user_uid = ?) LIMIT 1
2026-05-27 23:35:19.150 [http-nio-8081-exec-5] DEBUG c.u.b.i.p.m.C.selectList - ==> Parameters: US00000000003(String)
2026-05-27 23:35:19.153 [http-nio-8081-exec-5] DEBUG c.u.b.i.p.m.C.selectList - <==      Total: 1
2026-05-27 23:35:19.153 [http-nio-8081-exec-5] DEBUG org.mybatis.spring.SqlSessionUtils - Closing non transactional SqlSession [org.apache.ibatis.session.defaults.DefaultSqlSession@d3bc7ef]
2026-05-27 23:35:19.154 [http-nio-8081-exec-5] DEBUG org.mybatis.spring.SqlSessionUtils - Creating a new SqlSession
2026-05-27 23:35:19.154 [http-nio-8081-exec-5] DEBUG org.mybatis.spring.SqlSessionUtils - SqlSession [org.apache.ibatis.session.defaults.DefaultSqlSession@6360bb71] was not registered for synchronization because synchronization is not active
2026-05-27 23:35:19.156 [http-nio-8081-exec-5] DEBUG o.m.s.t.SpringManagedTransaction - JDBC Connection [HikariProxyConnection@817306701 wrapping com.mysql.cj.jdbc.ConnectionImpl@25396f1d] will not be managed by Spring
2026-05-27 23:35:19.156 [http-nio-8081-exec-5] DEBUG c.u.b.i.p.m.U.selectList - ==>  Preparing: SELECT id,user_uid,entity_code,role,auth_serial_no,proof_artifact_url,audit_status,is_active,remark,created_at,updated_at FROM user_auth_link WHERE (user_uid = ? AND is_active = ?) ORDER BY updated_at DESC LIMIT 1
2026-05-27 23:35:19.157 [http-nio-8081-exec-5] DEBUG c.u.b.i.p.m.U.selectList - ==> Parameters: US00000000003(String), 1(Integer)
2026-05-27 23:35:19.160 [http-nio-8081-exec-5] DEBUG c.u.b.i.p.m.U.selectList - <==      Total: 1
2026-05-27 23:35:19.160 [http-nio-8081-exec-5] DEBUG org.mybatis.spring.SqlSessionUtils - Closing non transactional SqlSession [org.apache.ibatis.session.defaults.DefaultSqlSession@6360bb71]
2026-05-27 23:35:19.161 [http-nio-8081-exec-5] DEBUG org.mybatis.spring.SqlSessionUtils - Creating a new SqlSession
2026-05-27 23:35:19.161 [http-nio-8081-exec-5] DEBUG org.mybatis.spring.SqlSessionUtils - SqlSession [org.apache.ibatis.session.defaults.DefaultSqlSession@169b2ccf] was not registered for synchronization because synchronization is not active
2026-05-27 23:35:19.162 [http-nio-8081-exec-5] DEBUG o.m.s.t.SpringManagedTransaction - JDBC Connection [HikariProxyConnection@1892066910 wrapping com.mysql.cj.jdbc.ConnectionImpl@25396f1d] will not be managed by Spring
2026-05-27 23:35:19.162 [http-nio-8081-exec-5] DEBUG c.u.b.i.p.m.C.selectList - ==>  Preparing: SELECT id,entity_code,name,location,type,logo_url,banner_url,intro,announcement,created_at,updated_at FROM entity_profile WHERE (entity_code = ?) LIMIT 1
2026-05-27 23:35:19.163 [http-nio-8081-exec-5] DEBUG c.u.b.i.p.m.C.selectList - ==> Parameters: 91440300708461136T(String)
2026-05-27 23:35:19.166 [http-nio-8081-exec-5] DEBUG c.u.b.i.p.m.C.selectList - <==      Total: 1
2026-05-27 23:35:19.166 [http-nio-8081-exec-5] DEBUG org.mybatis.spring.SqlSessionUtils - Closing non transactional SqlSession [org.apache.ibatis.session.defaults.DefaultSqlSession@169b2ccf]
2026-05-27 23:35:19.168 [http-nio-8081-exec-5] DEBUG org.mybatis.spring.SqlSessionUtils - Creating a new SqlSession
2026-05-27 23:35:19.168 [http-nio-8081-exec-5] DEBUG org.mybatis.spring.SqlSessionUtils - SqlSession [org.apache.ibatis.session.defaults.DefaultSqlSession@51826953] was not registered for synchronization because synchronization is not active
2026-05-27 23:35:19.169 [http-nio-8081-exec-5] DEBUG o.m.s.t.SpringManagedTransaction - JDBC Connection [HikariProxyConnection@514902776 wrapping com.mysql.cj.jdbc.ConnectionImpl@25396f1d] will not be managed by Spring
2026-05-27 23:35:19.169 [http-nio-8081-exec-5] DEBUG c.u.b.i.p.m.C.selectList - ==>  Preparing: SELECT id,user_uid,nick_name,real_name,avatar_url,current_entity_name,level,bio_data,career_data,intro,announcement,created_at,updated_at FROM user_profile WHERE (user_uid = ?) LIMIT 1
2026-05-27 23:35:19.170 [http-nio-8081-exec-5] DEBUG c.u.b.i.p.m.C.selectList - ==> Parameters: US00000000002(String)
2026-05-27 23:35:19.173 [http-nio-8081-exec-5] DEBUG c.u.b.i.p.m.C.selectList - <==      Total: 1
2026-05-27 23:35:19.174 [http-nio-8081-exec-5] DEBUG org.mybatis.spring.SqlSessionUtils - Closing non transactional SqlSession [org.apache.ibatis.session.defaults.DefaultSqlSession@51826953]
2026-05-27 23:35:19.174 [http-nio-8081-exec-5] DEBUG org.mybatis.spring.SqlSessionUtils - Creating a new SqlSession
2026-05-27 23:35:19.175 [http-nio-8081-exec-5] DEBUG org.mybatis.spring.SqlSessionUtils - SqlSession [org.apache.ibatis.session.defaults.DefaultSqlSession@7ff5c148] was not registered for synchronization because synchronization is not active
2026-05-27 23:35:19.176 [http-nio-8081-exec-5] DEBUG o.m.s.t.SpringManagedTransaction - JDBC Connection [HikariProxyConnection@1031792404 wrapping com.mysql.cj.jdbc.ConnectionImpl@25396f1d] will not be managed by Spring
2026-05-27 23:35:19.176 [http-nio-8081-exec-5] DEBUG c.u.b.i.p.m.U.selectList - ==>  Preparing: SELECT id,user_uid,entity_code,role,auth_serial_no,proof_artifact_url,audit_status,is_active,remark,created_at,updated_at FROM user_auth_link WHERE (user_uid = ? AND is_active = ?) ORDER BY updated_at DESC LIMIT 1
2026-05-27 23:35:19.177 [http-nio-8081-exec-5] DEBUG c.u.b.i.p.m.U.selectList - ==> Parameters: US00000000002(String), 1(Integer)
2026-05-27 23:35:19.179 [http-nio-8081-exec-5] DEBUG c.u.b.i.p.m.U.selectList - <==      Total: 1
2026-05-27 23:35:19.179 [http-nio-8081-exec-5] DEBUG org.mybatis.spring.SqlSessionUtils - Closing non transactional SqlSession [org.apache.ibatis.session.defaults.DefaultSqlSession@7ff5c148]
2026-05-27 23:35:19.181 [http-nio-8081-exec-5] DEBUG org.mybatis.spring.SqlSessionUtils - Creating a new SqlSession
2026-05-27 23:35:19.181 [http-nio-8081-exec-5] DEBUG org.mybatis.spring.SqlSessionUtils - SqlSession [org.apache.ibatis.session.defaults.DefaultSqlSession@75881a94] was not registered for synchronization because synchronization is not active
2026-05-27 23:35:19.182 [http-nio-8081-exec-5] DEBUG o.m.s.t.SpringManagedTransaction - JDBC Connection [HikariProxyConnection@606501612 wrapping com.mysql.cj.jdbc.ConnectionImpl@25396f1d] will not be managed by Spring
2026-05-27 23:35:19.182 [http-nio-8081-exec-5] DEBUG c.u.b.i.p.m.C.selectList - ==>  Preparing: SELECT id,entity_code,name,location,type,logo_url,banner_url,intro,announcement,created_at,updated_at FROM entity_profile WHERE (entity_code = ?) LIMIT 1
2026-05-27 23:35:19.183 [http-nio-8081-exec-5] DEBUG c.u.b.i.p.m.C.selectList - ==> Parameters: 10598(String)
2026-05-27 23:35:19.185 [http-nio-8081-exec-5] DEBUG c.u.b.i.p.m.C.selectList - <==      Total: 1
2026-05-27 23:35:19.185 [http-nio-8081-exec-5] DEBUG org.mybatis.spring.SqlSessionUtils - Closing non transactional SqlSession [org.apache.ibatis.session.defaults.DefaultSqlSession@75881a94]
2026-05-27 23:35:19.186 [http-nio-8081-exec-5] DEBUG org.mybatis.spring.SqlSessionUtils - Creating a new SqlSession
2026-05-27 23:35:19.187 [http-nio-8081-exec-5] DEBUG org.mybatis.spring.SqlSessionUtils - SqlSession [org.apache.ibatis.session.defaults.DefaultSqlSession@43ec4de3] was not registered for synchronization because synchronization is not active
2026-05-27 23:35:19.187 [http-nio-8081-exec-5] DEBUG o.m.s.t.SpringManagedTransaction - JDBC Connection [HikariProxyConnection@1980081072 wrapping com.mysql.cj.jdbc.ConnectionImpl@25396f1d] will not be managed by Spring
2026-05-27 23:35:19.188 [http-nio-8081-exec-5] DEBUG c.u.b.i.p.m.C.selectList - ==>  Preparing: SELECT id,user_uid,nick_name,real_name,avatar_url,current_entity_name,level,bio_data,career_data,intro,announcement,created_at,updated_at FROM user_profile WHERE (user_uid = ?) LIMIT 1
2026-05-27 23:35:19.188 [http-nio-8081-exec-5] DEBUG c.u.b.i.p.m.C.selectList - ==> Parameters: US00000000001(String)
2026-05-27 23:35:19.191 [http-nio-8081-exec-5] DEBUG c.u.b.i.p.m.C.selectList - <==      Total: 1
2026-05-27 23:35:19.191 [http-nio-8081-exec-5] DEBUG org.mybatis.spring.SqlSessionUtils - Closing non transactional SqlSession [org.apache.ibatis.session.defaults.DefaultSqlSession@43ec4de3]
2026-05-27 23:35:19.192 [http-nio-8081-exec-5] DEBUG org.mybatis.spring.SqlSessionUtils - Creating a new SqlSession
2026-05-27 23:35:19.192 [http-nio-8081-exec-5] DEBUG org.mybatis.spring.SqlSessionUtils - SqlSession [org.apache.ibatis.session.defaults.DefaultSqlSession@1cccbe27] was not registered for synchronization because synchronization is not active
2026-05-27 23:35:19.193 [http-nio-8081-exec-5] DEBUG o.m.s.t.SpringManagedTransaction - JDBC Connection [HikariProxyConnection@1030650632 wrapping com.mysql.cj.jdbc.ConnectionImpl@25396f1d] will not be managed by Spring
2026-05-27 23:35:19.194 [http-nio-8081-exec-5] DEBUG c.u.b.i.p.m.U.selectList - ==>  Preparing: SELECT id,user_uid,entity_code,role,auth_serial_no,proof_artifact_url,audit_status,is_active,remark,created_at,updated_at FROM user_auth_link WHERE (user_uid = ? AND is_active = ?) ORDER BY updated_at DESC LIMIT 1
2026-05-27 23:35:19.195 [http-nio-8081-exec-5] DEBUG c.u.b.i.p.m.U.selectList - ==> Parameters: US00000000001(String), 1(Integer)
2026-05-27 23:35:19.197 [http-nio-8081-exec-5] DEBUG c.u.b.i.p.m.U.selectList - <==      Total: 1
2026-05-27 23:35:19.197 [http-nio-8081-exec-5] DEBUG org.mybatis.spring.SqlSessionUtils - Closing non transactional SqlSession [org.apache.ibatis.session.defaults.DefaultSqlSession@1cccbe27]
2026-05-27 23:35:19.199 [http-nio-8081-exec-5] DEBUG org.mybatis.spring.SqlSessionUtils - Creating a new SqlSession
2026-05-27 23:35:19.199 [http-nio-8081-exec-5] DEBUG org.mybatis.spring.SqlSessionUtils - SqlSession [org.apache.ibatis.session.defaults.DefaultSqlSession@1d01ea03] was not registered for synchronization because synchronization is not active
2026-05-27 23:35:19.200 [http-nio-8081-exec-5] DEBUG o.m.s.t.SpringManagedTransaction - JDBC Connection [HikariProxyConnection@1690653186 wrapping com.mysql.cj.jdbc.ConnectionImpl@25396f1d] will not be managed by Spring
2026-05-27 23:35:19.200 [http-nio-8081-exec-5] DEBUG c.u.b.i.p.m.C.selectList - ==>  Preparing: SELECT id,entity_code,name,location,type,logo_url,banner_url,intro,announcement,created_at,updated_at FROM entity_profile WHERE (entity_code = ?) LIMIT 1
2026-05-27 23:35:19.200 [http-nio-8081-exec-5] DEBUG c.u.b.i.p.m.C.selectList - ==> Parameters: 10598(String)
2026-05-27 23:35:19.201 [http-nio-8081-exec-10] INFO  c.u.b.i.c.ApiRequestLoggingFilter - [API] GET /api/v1/client/user-profile/menu?uid=US00000000002 -> 200 (961 ms) ip=127.0.0.1 location=局域网
2026-05-27 23:35:19.203 [http-nio-8081-exec-5] DEBUG c.u.b.i.p.m.C.selectList - <==      Total: 1
2026-05-27 23:35:19.203 [http-nio-8081-exec-5] DEBUG org.mybatis.spring.SqlSessionUtils - Closing non transactional SqlSession [org.apache.ibatis.session.defaults.DefaultSqlSession@1d01ea03]
2026-05-27 23:35:19.204 [http-nio-8081-exec-5] DEBUG org.mybatis.spring.SqlSessionUtils - Creating a new SqlSession
2026-05-27 23:35:19.204 [http-nio-8081-exec-5] DEBUG org.mybatis.spring.SqlSessionUtils - SqlSession [org.apache.ibatis.session.defaults.DefaultSqlSession@26a5352f] was not registered for synchronization because synchronization is not active
2026-05-27 23:35:19.205 [http-nio-8081-exec-5] DEBUG o.m.s.t.SpringManagedTransaction - JDBC Connection [HikariProxyConnection@887525898 wrapping com.mysql.cj.jdbc.ConnectionImpl@25396f1d] will not be managed by Spring
2026-05-27 23:35:19.206 [http-nio-8081-exec-5] DEBUG c.u.b.i.p.m.C.selectList - ==>  Preparing: SELECT id,user_uid,nick_name,real_name,avatar_url,current_entity_name,level,bio_data,career_data,intro,announcement,created_at,updated_at FROM user_profile WHERE (user_uid = ?) LIMIT 1
2026-05-27 23:35:19.206 [http-nio-8081-exec-7] DEBUG c.u.b.i.config.IpLocationInterceptor - IP属地解析: ip=127.0.0.1, location=局域网, uri=/api/v1/client/user-profile/menu
2026-05-27 23:35:19.207 [http-nio-8081-exec-5] DEBUG c.u.b.i.p.m.C.selectList - ==> Parameters: US00000000003(String)
2026-05-27 23:35:19.210 [http-nio-8081-exec-5] DEBUG c.u.b.i.p.m.C.selectList - <==      Total: 1
2026-05-27 23:35:19.210 [http-nio-8081-exec-5] DEBUG org.mybatis.spring.SqlSessionUtils - Closing non transactional SqlSession [org.apache.ibatis.session.defaults.DefaultSqlSession@26a5352f]
2026-05-27 23:35:19.211 [http-nio-8081-exec-5] DEBUG org.mybatis.spring.SqlSessionUtils - Creating a new SqlSession
2026-05-27 23:35:19.212 [http-nio-8081-exec-5] DEBUG org.mybatis.spring.SqlSessionUtils - SqlSession [org.apache.ibatis.session.defaults.DefaultSqlSession@3e19b7bb] was not registered for synchronization because synchronization is not active
2026-05-27 23:35:19.213 [http-nio-8081-exec-5] DEBUG o.m.s.t.SpringManagedTransaction - JDBC Connection [HikariProxyConnection@823849242 wrapping com.mysql.cj.jdbc.ConnectionImpl@25396f1d] will not be managed by Spring
2026-05-27 23:35:19.213 [http-nio-8081-exec-5] DEBUG c.u.b.i.p.m.U.selectList - ==>  Preparing: SELECT id,user_uid,entity_code,role,auth_serial_no,proof_artifact_url,audit_status,is_active,remark,created_at,updated_at FROM user_auth_link WHERE (user_uid = ? AND is_active = ?) ORDER BY updated_at DESC LIMIT 1
2026-05-27 23:35:19.214 [http-nio-8081-exec-5] DEBUG c.u.b.i.p.m.U.selectList - ==> Parameters: US00000000003(String), 1(Integer)
2026-05-27 23:35:19.214 [http-nio-8081-exec-7] DEBUG org.mybatis.spring.SqlSessionUtils - Creating a new SqlSession
2026-05-27 23:35:19.214 [http-nio-8081-exec-7] DEBUG org.mybatis.spring.SqlSessionUtils - SqlSession [org.apache.ibatis.session.defaults.DefaultSqlSession@433fd493] was not registered for synchronization because synchronization is not active
2026-05-27 23:35:19.216 [http-nio-8081-exec-7] DEBUG o.m.s.t.SpringManagedTransaction - JDBC Connection [HikariProxyConnection@1189578313 wrapping com.mysql.cj.jdbc.ConnectionImpl@51f4e276] will not be managed by Spring
2026-05-27 23:35:19.216 [http-nio-8081-exec-7] DEBUG c.u.b.i.p.m.C.selectList - ==>  Preparing: SELECT id,user_uid,phone,email,password_hash,account_status,account_status_changed_at,account_status_remark,last_login_at,created_at,updated_at FROM user WHERE (user_uid = ?) LIMIT 1
2026-05-27 23:35:19.217 [http-nio-8081-exec-7] DEBUG c.u.b.i.p.m.C.selectList - ==> Parameters: US00000000002(String)
2026-05-27 23:35:19.218 [http-nio-8081-exec-5] DEBUG c.u.b.i.p.m.U.selectList - <==      Total: 1
2026-05-27 23:35:19.218 [http-nio-8081-exec-5] DEBUG org.mybatis.spring.SqlSessionUtils - Closing non transactional SqlSession [org.apache.ibatis.session.defaults.DefaultSqlSession@3e19b7bb]
2026-05-27 23:35:19.219 [http-nio-8081-exec-5] DEBUG org.mybatis.spring.SqlSessionUtils - Creating a new SqlSession
2026-05-27 23:35:19.219 [http-nio-8081-exec-5] DEBUG org.mybatis.spring.SqlSessionUtils - SqlSession [org.apache.ibatis.session.defaults.DefaultSqlSession@27191539] was not registered for synchronization because synchronization is not active
2026-05-27 23:35:19.220 [http-nio-8081-exec-7] DEBUG c.u.b.i.p.m.C.selectList - <==      Total: 1
2026-05-27 23:35:19.220 [http-nio-8081-exec-7] DEBUG org.mybatis.spring.SqlSessionUtils - Closing non transactional SqlSession [org.apache.ibatis.session.defaults.DefaultSqlSession@433fd493]
2026-05-27 23:35:19.220 [http-nio-8081-exec-5] DEBUG o.m.s.t.SpringManagedTransaction - JDBC Connection [HikariProxyConnection@1414453774 wrapping com.mysql.cj.jdbc.ConnectionImpl@25396f1d] will not be managed by Spring
2026-05-27 23:35:19.221 [http-nio-8081-exec-7] DEBUG org.mybatis.spring.SqlSessionUtils - Creating a new SqlSession
2026-05-27 23:35:19.221 [http-nio-8081-exec-7] DEBUG org.mybatis.spring.SqlSessionUtils - SqlSession [org.apache.ibatis.session.defaults.DefaultSqlSession@76b41e24] was not registered for synchronization because synchronization is not active
2026-05-27 23:35:19.221 [http-nio-8081-exec-5] DEBUG c.u.b.i.p.m.C.selectList - ==>  Preparing: SELECT id,entity_code,name,location,type,logo_url,banner_url,intro,announcement,created_at,updated_at FROM entity_profile WHERE (entity_code = ?) LIMIT 1
2026-05-27 23:35:19.222 [http-nio-8081-exec-5] DEBUG c.u.b.i.p.m.C.selectList - ==> Parameters: 91440300708461136T(String)
2026-05-27 23:35:19.222 [http-nio-8081-exec-7] DEBUG o.m.s.t.SpringManagedTransaction - JDBC Connection [HikariProxyConnection@1259521837 wrapping com.mysql.cj.jdbc.ConnectionImpl@51f4e276] will not be managed by Spring
2026-05-27 23:35:19.222 [http-nio-8081-exec-7] DEBUG c.u.b.i.p.m.C.selectList - ==>  Preparing: SELECT id,user_uid,nick_name,real_name,avatar_url,current_entity_name,level,bio_data,career_data,intro,announcement,created_at,updated_at FROM user_profile WHERE (user_uid = ?) LIMIT 1
2026-05-27 23:35:19.223 [http-nio-8081-exec-7] DEBUG c.u.b.i.p.m.C.selectList - ==> Parameters: US00000000002(String)
2026-05-27 23:35:19.224 [http-nio-8081-exec-5] DEBUG c.u.b.i.p.m.C.selectList - <==      Total: 1
2026-05-27 23:35:19.225 [http-nio-8081-exec-7] DEBUG c.u.b.i.p.m.C.selectList - <==      Total: 1
2026-05-27 23:35:19.225 [http-nio-8081-exec-7] DEBUG org.mybatis.spring.SqlSessionUtils - Closing non transactional SqlSession [org.apache.ibatis.session.defaults.DefaultSqlSession@76b41e24]
2026-05-27 23:35:19.226 [http-nio-8081-exec-5] DEBUG org.mybatis.spring.SqlSessionUtils - Closing non transactional SqlSession [org.apache.ibatis.session.defaults.DefaultSqlSession@27191539]
2026-05-27 23:35:19.228 [http-nio-8081-exec-7] INFO  c.u.b.i.c.ApiRequestLoggingFilter - [API] GET /api/v1/client/user-profile/menu?uid=US00000000002 -> 200 (23 ms) ip=127.0.0.1 location=局域网
2026-05-27 23:35:19.228 [http-nio-8081-exec-5] DEBUG org.mybatis.spring.SqlSessionUtils - Creating a new SqlSession
2026-05-27 23:35:19.229 [http-nio-8081-exec-5] DEBUG org.mybatis.spring.SqlSessionUtils - SqlSession [org.apache.ibatis.session.defaults.DefaultSqlSession@611acdc1] was not registered for synchronization because synchronization is not active
2026-05-27 23:35:19.231 [http-nio-8081-exec-5] DEBUG o.m.s.t.SpringManagedTransaction - JDBC Connection [HikariProxyConnection@239447046 wrapping com.mysql.cj.jdbc.ConnectionImpl@25396f1d] will not be managed by Spring
2026-05-27 23:35:19.231 [http-nio-8081-exec-5] DEBUG c.u.b.i.p.m.C.selectList - ==>  Preparing: SELECT id,user_uid,nick_name,real_name,avatar_url,current_entity_name,level,bio_data,career_data,intro,announcement,created_at,updated_at FROM user_profile WHERE (user_uid = ?) LIMIT 1
2026-05-27 23:35:19.232 [http-nio-8081-exec-5] DEBUG c.u.b.i.p.m.C.selectList - ==> Parameters: US00000000002(String)
2026-05-27 23:35:19.235 [http-nio-8081-exec-5] DEBUG c.u.b.i.p.m.C.selectList - <==      Total: 1
2026-05-27 23:35:19.235 [http-nio-8081-exec-5] DEBUG org.mybatis.spring.SqlSessionUtils - Closing non transactional SqlSession [org.apache.ibatis.session.defaults.DefaultSqlSession@611acdc1]
2026-05-27 23:35:19.236 [http-nio-8081-exec-5] DEBUG org.mybatis.spring.SqlSessionUtils - Creating a new SqlSession
2026-05-27 23:35:19.237 [http-nio-8081-exec-5] DEBUG org.mybatis.spring.SqlSessionUtils - SqlSession [org.apache.ibatis.session.defaults.DefaultSqlSession@4d3fb8ca] was not registered for synchronization because synchronization is not active
2026-05-27 23:35:19.238 [http-nio-8081-exec-5] DEBUG o.m.s.t.SpringManagedTransaction - JDBC Connection [HikariProxyConnection@2063339625 wrapping com.mysql.cj.jdbc.ConnectionImpl@25396f1d] will not be managed by Spring
2026-05-27 23:35:19.238 [http-nio-8081-exec-5] DEBUG c.u.b.i.p.m.U.selectList - ==>  Preparing: SELECT id,user_uid,entity_code,role,auth_serial_no,proof_artifact_url,audit_status,is_active,remark,created_at,updated_at FROM user_auth_link WHERE (user_uid = ? AND is_active = ?) ORDER BY updated_at DESC LIMIT 1
2026-05-27 23:35:19.239 [http-nio-8081-exec-5] DEBUG c.u.b.i.p.m.U.selectList - ==> Parameters: US00000000002(String), 1(Integer)
2026-05-27 23:35:19.241 [http-nio-8081-exec-5] DEBUG c.u.b.i.p.m.U.selectList - <==      Total: 1
2026-05-27 23:35:19.242 [http-nio-8081-exec-5] DEBUG org.mybatis.spring.SqlSessionUtils - Closing non transactional SqlSession [org.apache.ibatis.session.defaults.DefaultSqlSession@4d3fb8ca]
2026-05-27 23:35:19.243 [http-nio-8081-exec-5] DEBUG org.mybatis.spring.SqlSessionUtils - Creating a new SqlSession
2026-05-27 23:35:19.243 [http-nio-8081-exec-5] DEBUG org.mybatis.spring.SqlSessionUtils - SqlSession [org.apache.ibatis.session.defaults.DefaultSqlSession@39a85630] was not registered for synchronization because synchronization is not active
2026-05-27 23:35:19.244 [http-nio-8081-exec-5] DEBUG o.m.s.t.SpringManagedTransaction - JDBC Connection [HikariProxyConnection@157368359 wrapping com.mysql.cj.jdbc.ConnectionImpl@25396f1d] will not be managed by Spring
2026-05-27 23:35:19.244 [http-nio-8081-exec-5] DEBUG c.u.b.i.p.m.C.selectList - ==>  Preparing: SELECT id,entity_code,name,location,type,logo_url,banner_url,intro,announcement,created_at,updated_at FROM entity_profile WHERE (entity_code = ?) LIMIT 1
2026-05-27 23:35:19.245 [http-nio-8081-exec-5] DEBUG c.u.b.i.p.m.C.selectList - ==> Parameters: 10598(String)
2026-05-27 23:35:19.247 [http-nio-8081-exec-5] DEBUG c.u.b.i.p.m.C.selectList - <==      Total: 1
2026-05-27 23:35:19.248 [http-nio-8081-exec-5] DEBUG org.mybatis.spring.SqlSessionUtils - Closing non transactional SqlSession [org.apache.ibatis.session.defaults.DefaultSqlSession@39a85630]
2026-05-27 23:35:19.250 [http-nio-8081-exec-5] DEBUG org.mybatis.spring.SqlSessionUtils - Creating a new SqlSession
2026-05-27 23:35:19.250 [http-nio-8081-exec-5] DEBUG org.mybatis.spring.SqlSessionUtils - SqlSession [org.apache.ibatis.session.defaults.DefaultSqlSession@1fc7fd20] was not registered for synchronization because synchronization is not active
2026-05-27 23:35:19.251 [http-nio-8081-exec-5] DEBUG o.m.s.t.SpringManagedTransaction - JDBC Connection [HikariProxyConnection@1688543550 wrapping com.mysql.cj.jdbc.ConnectionImpl@25396f1d] will not be managed by Spring
2026-05-27 23:35:19.251 [http-nio-8081-exec-5] DEBUG c.u.b.i.p.m.C.selectList - ==>  Preparing: SELECT id,user_uid,nick_name,real_name,avatar_url,current_entity_name,level,bio_data,career_data,intro,announcement,created_at,updated_at FROM user_profile WHERE (user_uid = ?) LIMIT 1
2026-05-27 23:35:19.252 [http-nio-8081-exec-5] DEBUG c.u.b.i.p.m.C.selectList - ==> Parameters: US00000000001(String)
2026-05-27 23:35:19.254 [http-nio-8081-exec-5] DEBUG c.u.b.i.p.m.C.selectList - <==      Total: 1
2026-05-27 23:35:19.254 [http-nio-8081-exec-5] DEBUG org.mybatis.spring.SqlSessionUtils - Closing non transactional SqlSession [org.apache.ibatis.session.defaults.DefaultSqlSession@1fc7fd20]
2026-05-27 23:35:19.255 [http-nio-8081-exec-5] DEBUG org.mybatis.spring.SqlSessionUtils - Creating a new SqlSession
2026-05-27 23:35:19.255 [http-nio-8081-exec-5] DEBUG org.mybatis.spring.SqlSessionUtils - SqlSession [org.apache.ibatis.session.defaults.DefaultSqlSession@57c33a81] was not registered for synchronization because synchronization is not active
2026-05-27 23:35:19.258 [http-nio-8081-exec-5] DEBUG o.m.s.t.SpringManagedTransaction - JDBC Connection [HikariProxyConnection@2001593252 wrapping com.mysql.cj.jdbc.ConnectionImpl@25396f1d] will not be managed by Spring
2026-05-27 23:35:19.258 [http-nio-8081-exec-5] DEBUG c.u.b.i.p.m.U.selectList - ==>  Preparing: SELECT id,user_uid,entity_code,role,auth_serial_no,proof_artifact_url,audit_status,is_active,remark,created_at,updated_at FROM user_auth_link WHERE (user_uid = ? AND is_active = ?) ORDER BY updated_at DESC LIMIT 1
2026-05-27 23:35:19.259 [http-nio-8081-exec-5] DEBUG c.u.b.i.p.m.U.selectList - ==> Parameters: US00000000001(String), 1(Integer)
2026-05-27 23:35:19.261 [http-nio-8081-exec-5] DEBUG c.u.b.i.p.m.U.selectList - <==      Total: 1
2026-05-27 23:35:19.261 [http-nio-8081-exec-5] DEBUG org.mybatis.spring.SqlSessionUtils - Closing non transactional SqlSession [org.apache.ibatis.session.defaults.DefaultSqlSession@57c33a81]
2026-05-27 23:35:19.262 [http-nio-8081-exec-5] DEBUG org.mybatis.spring.SqlSessionUtils - Creating a new SqlSession
2026-05-27 23:35:19.262 [http-nio-8081-exec-5] DEBUG org.mybatis.spring.SqlSessionUtils - SqlSession [org.apache.ibatis.session.defaults.DefaultSqlSession@6c13e39f] was not registered for synchronization because synchronization is not active
2026-05-27 23:35:19.263 [http-nio-8081-exec-5] DEBUG o.m.s.t.SpringManagedTransaction - JDBC Connection [HikariProxyConnection@575331246 wrapping com.mysql.cj.jdbc.ConnectionImpl@25396f1d] will not be managed by Spring
2026-05-27 23:35:19.263 [http-nio-8081-exec-5] DEBUG c.u.b.i.p.m.C.selectList - ==>  Preparing: SELECT id,entity_code,name,location,type,logo_url,banner_url,intro,announcement,created_at,updated_at FROM entity_profile WHERE (entity_code = ?) LIMIT 1
2026-05-27 23:35:19.263 [http-nio-8081-exec-5] DEBUG c.u.b.i.p.m.C.selectList - ==> Parameters: 10598(String)
2026-05-27 23:35:19.266 [http-nio-8081-exec-5] DEBUG c.u.b.i.p.m.C.selectList - <==      Total: 1
2026-05-27 23:35:19.266 [http-nio-8081-exec-5] DEBUG org.mybatis.spring.SqlSessionUtils - Closing non transactional SqlSession [org.apache.ibatis.session.defaults.DefaultSqlSession@6c13e39f]
2026-05-27 23:35:19.267 [http-nio-8081-exec-5] DEBUG org.mybatis.spring.SqlSessionUtils - Creating a new SqlSession
2026-05-27 23:35:19.267 [http-nio-8081-exec-5] DEBUG org.mybatis.spring.SqlSessionUtils - SqlSession [org.apache.ibatis.session.defaults.DefaultSqlSession@64f5e2e2] was not registered for synchronization because synchronization is not active
2026-05-27 23:35:19.268 [http-nio-8081-exec-5] DEBUG o.m.s.t.SpringManagedTransaction - JDBC Connection [HikariProxyConnection@394918648 wrapping com.mysql.cj.jdbc.ConnectionImpl@25396f1d] will not be managed by Spring
2026-05-27 23:35:19.268 [http-nio-8081-exec-5] DEBUG c.u.b.i.p.m.C.selectList - ==>  Preparing: SELECT id,user_uid,nick_name,real_name,avatar_url,current_entity_name,level,bio_data,career_data,intro,announcement,created_at,updated_at FROM user_profile WHERE (user_uid = ?) LIMIT 1
2026-05-27 23:35:19.269 [http-nio-8081-exec-5] DEBUG c.u.b.i.p.m.C.selectList - ==> Parameters: US00000000003(String)
2026-05-27 23:35:19.270 [http-nio-8081-exec-5] DEBUG c.u.b.i.p.m.C.selectList - <==      Total: 1
2026-05-27 23:35:19.271 [http-nio-8081-exec-5] DEBUG org.mybatis.spring.SqlSessionUtils - Closing non transactional SqlSession [org.apache.ibatis.session.defaults.DefaultSqlSession@64f5e2e2]
2026-05-27 23:35:19.272 [http-nio-8081-exec-5] DEBUG org.mybatis.spring.SqlSessionUtils - Creating a new SqlSession
2026-05-27 23:35:19.272 [http-nio-8081-exec-5] DEBUG org.mybatis.spring.SqlSessionUtils - SqlSession [org.apache.ibatis.session.defaults.DefaultSqlSession@4ba4e2ad] was not registered for synchronization because synchronization is not active
2026-05-27 23:35:19.274 [http-nio-8081-exec-5] DEBUG o.m.s.t.SpringManagedTransaction - JDBC Connection [HikariProxyConnection@9300937 wrapping com.mysql.cj.jdbc.ConnectionImpl@25396f1d] will not be managed by Spring
2026-05-27 23:35:19.274 [http-nio-8081-exec-5] DEBUG c.u.b.i.p.m.U.selectList - ==>  Preparing: SELECT id,user_uid,entity_code,role,auth_serial_no,proof_artifact_url,audit_status,is_active,remark,created_at,updated_at FROM user_auth_link WHERE (user_uid = ? AND is_active = ?) ORDER BY updated_at DESC LIMIT 1
2026-05-27 23:35:19.275 [http-nio-8081-exec-5] DEBUG c.u.b.i.p.m.U.selectList - ==> Parameters: US00000000003(String), 1(Integer)
2026-05-27 23:35:19.277 [http-nio-8081-exec-5] DEBUG c.u.b.i.p.m.U.selectList - <==      Total: 1
2026-05-27 23:35:19.278 [http-nio-8081-exec-5] DEBUG org.mybatis.spring.SqlSessionUtils - Closing non transactional SqlSession [org.apache.ibatis.session.defaults.DefaultSqlSession@4ba4e2ad]
2026-05-27 23:35:19.279 [http-nio-8081-exec-5] DEBUG org.mybatis.spring.SqlSessionUtils - Creating a new SqlSession
2026-05-27 23:35:19.279 [http-nio-8081-exec-5] DEBUG org.mybatis.spring.SqlSessionUtils - SqlSession [org.apache.ibatis.session.defaults.DefaultSqlSession@6df4eaa3] was not registered for synchronization because synchronization is not active
2026-05-27 23:35:19.281 [http-nio-8081-exec-5] DEBUG o.m.s.t.SpringManagedTransaction - JDBC Connection [HikariProxyConnection@27905082 wrapping com.mysql.cj.jdbc.ConnectionImpl@25396f1d] will not be managed by Spring
2026-05-27 23:35:19.281 [http-nio-8081-exec-5] DEBUG c.u.b.i.p.m.C.selectList - ==>  Preparing: SELECT id,entity_code,name,location,type,logo_url,banner_url,intro,announcement,created_at,updated_at FROM entity_profile WHERE (entity_code = ?) LIMIT 1
2026-05-27 23:35:19.281 [http-nio-8081-exec-5] DEBUG c.u.b.i.p.m.C.selectList - ==> Parameters: 91440300708461136T(String)
2026-05-27 23:35:19.283 [http-nio-8081-exec-5] DEBUG c.u.b.i.p.m.C.selectList - <==      Total: 1
2026-05-27 23:35:19.283 [http-nio-8081-exec-5] DEBUG org.mybatis.spring.SqlSessionUtils - Closing non transactional SqlSession [org.apache.ibatis.session.defaults.DefaultSqlSession@6df4eaa3]
2026-05-27 23:35:19.285 [http-nio-8081-exec-5] DEBUG org.mybatis.spring.SqlSessionUtils - Creating a new SqlSession
2026-05-27 23:35:19.285 [http-nio-8081-exec-5] DEBUG org.mybatis.spring.SqlSessionUtils - SqlSession [org.apache.ibatis.session.defaults.DefaultSqlSession@6ae21de2] was not registered for synchronization because synchronization is not active
2026-05-27 23:35:19.286 [http-nio-8081-exec-5] DEBUG o.m.s.t.SpringManagedTransaction - JDBC Connection [HikariProxyConnection@537478127 wrapping com.mysql.cj.jdbc.ConnectionImpl@25396f1d] will not be managed by Spring
2026-05-27 23:35:19.286 [http-nio-8081-exec-5] DEBUG c.u.b.i.p.m.C.selectList - ==>  Preparing: SELECT id,user_uid,nick_name,real_name,avatar_url,current_entity_name,level,bio_data,career_data,intro,announcement,created_at,updated_at FROM user_profile WHERE (user_uid = ?) LIMIT 1
2026-05-27 23:35:19.287 [http-nio-8081-exec-5] DEBUG c.u.b.i.p.m.C.selectList - ==> Parameters: US00000000002(String)
2026-05-27 23:35:19.288 [http-nio-8081-exec-5] DEBUG c.u.b.i.p.m.C.selectList - <==      Total: 1
2026-05-27 23:35:19.288 [http-nio-8081-exec-5] DEBUG org.mybatis.spring.SqlSessionUtils - Closing non transactional SqlSession [org.apache.ibatis.session.defaults.DefaultSqlSession@6ae21de2]
2026-05-27 23:35:19.289 [http-nio-8081-exec-5] DEBUG org.mybatis.spring.SqlSessionUtils - Creating a new SqlSession
2026-05-27 23:35:19.289 [http-nio-8081-exec-5] DEBUG org.mybatis.spring.SqlSessionUtils - SqlSession [org.apache.ibatis.session.defaults.DefaultSqlSession@2cbbfcc8] was not registered for synchronization because synchronization is not active
2026-05-27 23:35:19.290 [http-nio-8081-exec-5] DEBUG o.m.s.t.SpringManagedTransaction - JDBC Connection [HikariProxyConnection@1456269744 wrapping com.mysql.cj.jdbc.ConnectionImpl@25396f1d] will not be managed by Spring
2026-05-27 23:35:19.291 [http-nio-8081-exec-5] DEBUG c.u.b.i.p.m.U.selectList - ==>  Preparing: SELECT id,user_uid,entity_code,role,auth_serial_no,proof_artifact_url,audit_status,is_active,remark,created_at,updated_at FROM user_auth_link WHERE (user_uid = ? AND is_active = ?) ORDER BY updated_at DESC LIMIT 1
2026-05-27 23:35:19.291 [http-nio-8081-exec-5] DEBUG c.u.b.i.p.m.U.selectList - ==> Parameters: US00000000002(String), 1(Integer)
2026-05-27 23:35:19.293 [http-nio-8081-exec-5] DEBUG c.u.b.i.p.m.U.selectList - <==      Total: 1
2026-05-27 23:35:19.293 [http-nio-8081-exec-5] DEBUG org.mybatis.spring.SqlSessionUtils - Closing non transactional SqlSession [org.apache.ibatis.session.defaults.DefaultSqlSession@2cbbfcc8]
2026-05-27 23:35:19.294 [http-nio-8081-exec-5] DEBUG org.mybatis.spring.SqlSessionUtils - Creating a new SqlSession
2026-05-27 23:35:19.294 [http-nio-8081-exec-5] DEBUG org.mybatis.spring.SqlSessionUtils - SqlSession [org.apache.ibatis.session.defaults.DefaultSqlSession@27bb0a30] was not registered for synchronization because synchronization is not active
2026-05-27 23:35:19.295 [http-nio-8081-exec-5] DEBUG o.m.s.t.SpringManagedTransaction - JDBC Connection [HikariProxyConnection@1419116467 wrapping com.mysql.cj.jdbc.ConnectionImpl@25396f1d] will not be managed by Spring
2026-05-27 23:35:19.295 [http-nio-8081-exec-5] DEBUG c.u.b.i.p.m.C.selectList - ==>  Preparing: SELECT id,entity_code,name,location,type,logo_url,banner_url,intro,announcement,created_at,updated_at FROM entity_profile WHERE (entity_code = ?) LIMIT 1
2026-05-27 23:35:19.295 [http-nio-8081-exec-5] DEBUG c.u.b.i.p.m.C.selectList - ==> Parameters: 10598(String)
2026-05-27 23:35:19.296 [http-nio-8081-exec-5] DEBUG c.u.b.i.p.m.C.selectList - <==      Total: 1
2026-05-27 23:35:19.296 [http-nio-8081-exec-5] DEBUG org.mybatis.spring.SqlSessionUtils - Closing non transactional SqlSession [org.apache.ibatis.session.defaults.DefaultSqlSession@27bb0a30]
2026-05-27 23:35:19.297 [http-nio-8081-exec-5] DEBUG org.mybatis.spring.SqlSessionUtils - Creating a new SqlSession
2026-05-27 23:35:19.297 [http-nio-8081-exec-5] DEBUG org.mybatis.spring.SqlSessionUtils - SqlSession [org.apache.ibatis.session.defaults.DefaultSqlSession@5fda72c7] was not registered for synchronization because synchronization is not active
2026-05-27 23:35:19.297 [http-nio-8081-exec-5] DEBUG o.m.s.t.SpringManagedTransaction - JDBC Connection [HikariProxyConnection@542054790 wrapping com.mysql.cj.jdbc.ConnectionImpl@25396f1d] will not be managed by Spring
2026-05-27 23:35:19.298 [http-nio-8081-exec-5] DEBUG c.u.b.i.p.m.C.selectList - ==>  Preparing: SELECT id,user_uid,nick_name,real_name,avatar_url,current_entity_name,level,bio_data,career_data,intro,announcement,created_at,updated_at FROM user_profile WHERE (user_uid = ?) LIMIT 1
2026-05-27 23:35:19.298 [http-nio-8081-exec-5] DEBUG c.u.b.i.p.m.C.selectList - ==> Parameters: US00000000001(String)
2026-05-27 23:35:19.300 [http-nio-8081-exec-5] DEBUG c.u.b.i.p.m.C.selectList - <==      Total: 1
2026-05-27 23:35:19.300 [http-nio-8081-exec-5] DEBUG org.mybatis.spring.SqlSessionUtils - Closing non transactional SqlSession [org.apache.ibatis.session.defaults.DefaultSqlSession@5fda72c7]
2026-05-27 23:35:19.300 [http-nio-8081-exec-5] DEBUG org.mybatis.spring.SqlSessionUtils - Creating a new SqlSession
2026-05-27 23:35:19.300 [http-nio-8081-exec-5] DEBUG org.mybatis.spring.SqlSessionUtils - SqlSession [org.apache.ibatis.session.defaults.DefaultSqlSession@16db1e05] was not registered for synchronization because synchronization is not active
2026-05-27 23:35:19.301 [http-nio-8081-exec-5] DEBUG o.m.s.t.SpringManagedTransaction - JDBC Connection [HikariProxyConnection@437983827 wrapping com.mysql.cj.jdbc.ConnectionImpl@25396f1d] will not be managed by Spring
2026-05-27 23:35:19.301 [http-nio-8081-exec-5] DEBUG c.u.b.i.p.m.U.selectList - ==>  Preparing: SELECT id,user_uid,entity_code,role,auth_serial_no,proof_artifact_url,audit_status,is_active,remark,created_at,updated_at FROM user_auth_link WHERE (user_uid = ? AND is_active = ?) ORDER BY updated_at DESC LIMIT 1
2026-05-27 23:35:19.302 [http-nio-8081-exec-5] DEBUG c.u.b.i.p.m.U.selectList - ==> Parameters: US00000000001(String), 1(Integer)
2026-05-27 23:35:19.304 [http-nio-8081-exec-5] DEBUG c.u.b.i.p.m.U.selectList - <==      Total: 1
2026-05-27 23:35:19.305 [http-nio-8081-exec-5] DEBUG org.mybatis.spring.SqlSessionUtils - Closing non transactional SqlSession [org.apache.ibatis.session.defaults.DefaultSqlSession@16db1e05]
2026-05-27 23:35:19.305 [http-nio-8081-exec-5] DEBUG org.mybatis.spring.SqlSessionUtils - Creating a new SqlSession
2026-05-27 23:35:19.305 [http-nio-8081-exec-5] DEBUG org.mybatis.spring.SqlSessionUtils - SqlSession [org.apache.ibatis.session.defaults.DefaultSqlSession@79b5bf76] was not registered for synchronization because synchronization is not active
2026-05-27 23:35:19.306 [http-nio-8081-exec-5] DEBUG o.m.s.t.SpringManagedTransaction - JDBC Connection [HikariProxyConnection@928034163 wrapping com.mysql.cj.jdbc.ConnectionImpl@25396f1d] will not be managed by Spring
2026-05-27 23:35:19.306 [http-nio-8081-exec-5] DEBUG c.u.b.i.p.m.C.selectList - ==>  Preparing: SELECT id,entity_code,name,location,type,logo_url,banner_url,intro,announcement,created_at,updated_at FROM entity_profile WHERE (entity_code = ?) LIMIT 1
2026-05-27 23:35:19.307 [http-nio-8081-exec-5] DEBUG c.u.b.i.p.m.C.selectList - ==> Parameters: 10598(String)
2026-05-27 23:35:19.308 [http-nio-8081-exec-5] DEBUG c.u.b.i.p.m.C.selectList - <==      Total: 1
2026-05-27 23:35:19.308 [http-nio-8081-exec-5] DEBUG org.mybatis.spring.SqlSessionUtils - Closing non transactional SqlSession [org.apache.ibatis.session.defaults.DefaultSqlSession@79b5bf76]
2026-05-27 23:35:19.316 [http-nio-8081-exec-5] DEBUG org.mybatis.spring.SqlSessionUtils - Creating a new SqlSession
2026-05-27 23:35:19.316 [http-nio-8081-exec-5] DEBUG org.mybatis.spring.SqlSessionUtils - SqlSession [org.apache.ibatis.session.defaults.DefaultSqlSession@6d04b6] was not registered for synchronization because synchronization is not active
2026-05-27 23:35:19.318 [http-nio-8081-exec-5] DEBUG o.m.s.t.SpringManagedTransaction - JDBC Connection [HikariProxyConnection@1172484668 wrapping com.mysql.cj.jdbc.ConnectionImpl@25396f1d] will not be managed by Spring
2026-05-27 23:35:19.319 [http-nio-8081-exec-5] DEBUG c.u.b.i.p.m.C.selectList - ==>  Preparing: SELECT id,project_uid,extended_uid,category,recruitment_type,owner_uid,team_uid,title,preview,editor_type,description,tags,duration,team_size,deadline,level,status,published_at,created_at,updated_at FROM project WHERE (status IN (?,?,?)) ORDER BY published_at DESC,created_at DESC LIMIT 400
2026-05-27 23:35:19.320 [http-nio-8081-exec-5] DEBUG c.u.b.i.p.m.C.selectList - ==> Parameters: CLOSED(String), ONGOING(String), OPEN(String)
2026-05-27 23:35:19.326 [http-nio-8081-exec-5] DEBUG c.u.b.i.p.m.C.selectList - <==      Total: 4
2026-05-27 23:35:19.326 [http-nio-8081-exec-5] DEBUG org.mybatis.spring.SqlSessionUtils - Closing non transactional SqlSession [org.apache.ibatis.session.defaults.DefaultSqlSession@6d04b6]
2026-05-27 23:35:19.328 [http-nio-8081-exec-5] DEBUG org.mybatis.spring.SqlSessionUtils - Creating a new SqlSession
2026-05-27 23:35:19.328 [http-nio-8081-exec-5] DEBUG org.mybatis.spring.SqlSessionUtils - SqlSession [org.apache.ibatis.session.defaults.DefaultSqlSession@cbceb45] was not registered for synchronization because synchronization is not active
2026-05-27 23:35:19.329 [http-nio-8081-exec-5] DEBUG o.m.s.t.SpringManagedTransaction - JDBC Connection [HikariProxyConnection@2040866744 wrapping com.mysql.cj.jdbc.ConnectionImpl@25396f1d] will not be managed by Spring
2026-05-27 23:35:19.329 [http-nio-8081-exec-5] DEBUG c.u.b.i.p.m.U.selectList - ==>  Preparing: SELECT id,user_uid,entity_code,role,auth_serial_no,proof_artifact_url,audit_status,is_active,remark,created_at,updated_at FROM user_auth_link WHERE (user_uid = ? AND is_active = ?) ORDER BY updated_at DESC LIMIT 1
2026-05-27 23:35:19.330 [http-nio-8081-exec-5] DEBUG c.u.b.i.p.m.U.selectList - ==> Parameters: US00000000002(String), 1(Integer)
2026-05-27 23:35:19.332 [http-nio-8081-exec-5] DEBUG c.u.b.i.p.m.U.selectList - <==      Total: 1
2026-05-27 23:35:19.333 [http-nio-8081-exec-5] DEBUG org.mybatis.spring.SqlSessionUtils - Closing non transactional SqlSession [org.apache.ibatis.session.defaults.DefaultSqlSession@cbceb45]
2026-05-27 23:35:19.334 [http-nio-8081-exec-5] DEBUG org.mybatis.spring.SqlSessionUtils - Creating a new SqlSession
2026-05-27 23:35:19.334 [http-nio-8081-exec-5] DEBUG org.mybatis.spring.SqlSessionUtils - SqlSession [org.apache.ibatis.session.defaults.DefaultSqlSession@5b8f281c] was not registered for synchronization because synchronization is not active
2026-05-27 23:35:19.335 [http-nio-8081-exec-5] DEBUG o.m.s.t.SpringManagedTransaction - JDBC Connection [HikariProxyConnection@189221938 wrapping com.mysql.cj.jdbc.ConnectionImpl@25396f1d] will not be managed by Spring
2026-05-27 23:35:19.335 [http-nio-8081-exec-5] DEBUG c.u.b.i.p.m.C.selectList - ==>  Preparing: SELECT id,entity_code,name,location,type,logo_url,banner_url,intro,announcement,created_at,updated_at FROM entity_profile WHERE (entity_code = ?) LIMIT 1
2026-05-27 23:35:19.335 [http-nio-8081-exec-5] DEBUG c.u.b.i.p.m.C.selectList - ==> Parameters: 10598(String)
2026-05-27 23:35:19.337 [http-nio-8081-exec-5] DEBUG c.u.b.i.p.m.C.selectList - <==      Total: 1
2026-05-27 23:35:19.337 [http-nio-8081-exec-5] DEBUG org.mybatis.spring.SqlSessionUtils - Closing non transactional SqlSession [org.apache.ibatis.session.defaults.DefaultSqlSession@5b8f281c]
2026-05-27 23:35:19.341 [http-nio-8081-exec-5] DEBUG org.mybatis.spring.SqlSessionUtils - Creating a new SqlSession
2026-05-27 23:35:19.341 [http-nio-8081-exec-5] DEBUG org.mybatis.spring.SqlSessionUtils - SqlSession [org.apache.ibatis.session.defaults.DefaultSqlSession@26606c66] was not registered for synchronization because synchronization is not active
2026-05-27 23:35:19.341 [http-nio-8081-exec-5] DEBUG o.m.s.t.SpringManagedTransaction - JDBC Connection [HikariProxyConnection@385350904 wrapping com.mysql.cj.jdbc.ConnectionImpl@25396f1d] will not be managed by Spring
2026-05-27 23:35:19.341 [http-nio-8081-exec-5] DEBUG c.u.b.i.p.m.U.selectList - ==>  Preparing: SELECT id,user_uid,entity_code,role,auth_serial_no,proof_artifact_url,audit_status,is_active,remark,created_at,updated_at FROM user_auth_link WHERE (user_uid = ? AND is_active = ?) ORDER BY updated_at DESC LIMIT 1
2026-05-27 23:35:19.342 [http-nio-8081-exec-5] DEBUG c.u.b.i.p.m.U.selectList - ==> Parameters: US00000000003(String), 1(Integer)
2026-05-27 23:35:19.344 [http-nio-8081-exec-5] DEBUG c.u.b.i.p.m.U.selectList - <==      Total: 1
2026-05-27 23:35:19.344 [http-nio-8081-exec-5] DEBUG org.mybatis.spring.SqlSessionUtils - Closing non transactional SqlSession [org.apache.ibatis.session.defaults.DefaultSqlSession@26606c66]
2026-05-27 23:35:19.345 [http-nio-8081-exec-5] DEBUG org.mybatis.spring.SqlSessionUtils - Creating a new SqlSession
2026-05-27 23:35:19.345 [http-nio-8081-exec-5] DEBUG org.mybatis.spring.SqlSessionUtils - SqlSession [org.apache.ibatis.session.defaults.DefaultSqlSession@18cec0ab] was not registered for synchronization because synchronization is not active
2026-05-27 23:35:19.346 [http-nio-8081-exec-5] DEBUG o.m.s.t.SpringManagedTransaction - JDBC Connection [HikariProxyConnection@1030261896 wrapping com.mysql.cj.jdbc.ConnectionImpl@25396f1d] will not be managed by Spring
2026-05-27 23:35:19.346 [http-nio-8081-exec-5] DEBUG c.u.b.i.p.m.C.selectList - ==>  Preparing: SELECT id,entity_code,name,location,type,logo_url,banner_url,intro,announcement,created_at,updated_at FROM entity_profile WHERE (entity_code = ?) LIMIT 1
2026-05-27 23:35:19.346 [http-nio-8081-exec-5] DEBUG c.u.b.i.p.m.C.selectList - ==> Parameters: 91440300708461136T(String)
2026-05-27 23:35:19.349 [http-nio-8081-exec-5] DEBUG c.u.b.i.p.m.C.selectList - <==      Total: 1
2026-05-27 23:35:19.350 [http-nio-8081-exec-5] DEBUG org.mybatis.spring.SqlSessionUtils - Closing non transactional SqlSession [org.apache.ibatis.session.defaults.DefaultSqlSession@18cec0ab]
2026-05-27 23:35:19.351 [http-nio-8081-exec-5] DEBUG org.mybatis.spring.SqlSessionUtils - Creating a new SqlSession
2026-05-27 23:35:19.352 [http-nio-8081-exec-5] DEBUG org.mybatis.spring.SqlSessionUtils - SqlSession [org.apache.ibatis.session.defaults.DefaultSqlSession@731beadc] was not registered for synchronization because synchronization is not active
2026-05-27 23:35:19.353 [http-nio-8081-exec-5] DEBUG o.m.s.t.SpringManagedTransaction - JDBC Connection [HikariProxyConnection@174994683 wrapping com.mysql.cj.jdbc.ConnectionImpl@25396f1d] will not be managed by Spring
2026-05-27 23:35:19.353 [http-nio-8081-exec-5] DEBUG c.u.b.i.p.m.U.selectList - ==>  Preparing: SELECT id,user_uid,entity_code,role,auth_serial_no,proof_artifact_url,audit_status,is_active,remark,created_at,updated_at FROM user_auth_link WHERE (user_uid = ? AND is_active = ?) ORDER BY updated_at DESC LIMIT 1
2026-05-27 23:35:19.353 [http-nio-8081-exec-5] DEBUG c.u.b.i.p.m.U.selectList - ==> Parameters: US00000000003(String), 1(Integer)
2026-05-27 23:35:19.356 [http-nio-8081-exec-5] DEBUG c.u.b.i.p.m.U.selectList - <==      Total: 1
2026-05-27 23:35:19.356 [http-nio-8081-exec-5] DEBUG org.mybatis.spring.SqlSessionUtils - Closing non transactional SqlSession [org.apache.ibatis.session.defaults.DefaultSqlSession@731beadc]
2026-05-27 23:35:19.357 [http-nio-8081-exec-5] DEBUG org.mybatis.spring.SqlSessionUtils - Creating a new SqlSession
2026-05-27 23:35:19.358 [http-nio-8081-exec-5] DEBUG org.mybatis.spring.SqlSessionUtils - SqlSession [org.apache.ibatis.session.defaults.DefaultSqlSession@7b9df039] was not registered for synchronization because synchronization is not active
2026-05-27 23:35:19.360 [http-nio-8081-exec-5] DEBUG o.m.s.t.SpringManagedTransaction - JDBC Connection [HikariProxyConnection@751736692 wrapping com.mysql.cj.jdbc.ConnectionImpl@25396f1d] will not be managed by Spring
2026-05-27 23:35:19.360 [http-nio-8081-exec-5] DEBUG c.u.b.i.p.m.C.selectList - ==>  Preparing: SELECT id,entity_code,name,location,type,logo_url,banner_url,intro,announcement,created_at,updated_at FROM entity_profile WHERE (entity_code = ?) LIMIT 1
2026-05-27 23:35:19.361 [http-nio-8081-exec-5] DEBUG c.u.b.i.p.m.C.selectList - ==> Parameters: 91440300708461136T(String)
2026-05-27 23:35:19.364 [http-nio-8081-exec-5] DEBUG c.u.b.i.p.m.C.selectList - <==      Total: 1
2026-05-27 23:35:19.365 [http-nio-8081-exec-5] DEBUG org.mybatis.spring.SqlSessionUtils - Closing non transactional SqlSession [org.apache.ibatis.session.defaults.DefaultSqlSession@7b9df039]
2026-05-27 23:35:19.367 [http-nio-8081-exec-5] DEBUG org.mybatis.spring.SqlSessionUtils - Creating a new SqlSession
2026-05-27 23:35:19.367 [http-nio-8081-exec-5] DEBUG org.mybatis.spring.SqlSessionUtils - SqlSession [org.apache.ibatis.session.defaults.DefaultSqlSession@64a43225] was not registered for synchronization because synchronization is not active
2026-05-27 23:35:19.368 [http-nio-8081-exec-5] DEBUG o.m.s.t.SpringManagedTransaction - JDBC Connection [HikariProxyConnection@1445912165 wrapping com.mysql.cj.jdbc.ConnectionImpl@25396f1d] will not be managed by Spring
2026-05-27 23:35:19.368 [http-nio-8081-exec-5] DEBUG c.u.b.i.p.m.U.selectList - ==>  Preparing: SELECT id,user_uid,entity_code,role,auth_serial_no,proof_artifact_url,audit_status,is_active,remark,created_at,updated_at FROM user_auth_link WHERE (user_uid = ? AND is_active = ?) ORDER BY updated_at DESC LIMIT 1
2026-05-27 23:35:19.369 [http-nio-8081-exec-5] DEBUG c.u.b.i.p.m.U.selectList - ==> Parameters: US00000000003(String), 1(Integer)
2026-05-27 23:35:19.371 [http-nio-8081-exec-5] DEBUG c.u.b.i.p.m.U.selectList - <==      Total: 1
2026-05-27 23:35:19.371 [http-nio-8081-exec-5] DEBUG org.mybatis.spring.SqlSessionUtils - Closing non transactional SqlSession [org.apache.ibatis.session.defaults.DefaultSqlSession@64a43225]
2026-05-27 23:35:19.372 [http-nio-8081-exec-5] DEBUG org.mybatis.spring.SqlSessionUtils - Creating a new SqlSession
2026-05-27 23:35:19.372 [http-nio-8081-exec-5] DEBUG org.mybatis.spring.SqlSessionUtils - SqlSession [org.apache.ibatis.session.defaults.DefaultSqlSession@1e7efa92] was not registered for synchronization because synchronization is not active
2026-05-27 23:35:19.372 [http-nio-8081-exec-5] DEBUG o.m.s.t.SpringManagedTransaction - JDBC Connection [HikariProxyConnection@1536087650 wrapping com.mysql.cj.jdbc.ConnectionImpl@25396f1d] will not be managed by Spring
2026-05-27 23:35:19.372 [http-nio-8081-exec-5] DEBUG c.u.b.i.p.m.C.selectList - ==>  Preparing: SELECT id,entity_code,name,location,type,logo_url,banner_url,intro,announcement,created_at,updated_at FROM entity_profile WHERE (entity_code = ?) LIMIT 1
2026-05-27 23:35:19.373 [http-nio-8081-exec-5] DEBUG c.u.b.i.p.m.C.selectList - ==> Parameters: 91440300708461136T(String)
2026-05-27 23:35:19.376 [http-nio-8081-exec-5] DEBUG c.u.b.i.p.m.C.selectList - <==      Total: 1
2026-05-27 23:35:19.376 [http-nio-8081-exec-5] DEBUG org.mybatis.spring.SqlSessionUtils - Closing non transactional SqlSession [org.apache.ibatis.session.defaults.DefaultSqlSession@1e7efa92]
2026-05-27 23:35:19.377 [http-nio-8081-exec-5] DEBUG c.u.b.d.f.FeedRecommendationService - Home feed computed: userUid=US00000000002, notes=5, projects=4
2026-05-27 23:35:19.404 [http-nio-8081-exec-5] INFO  c.u.b.i.c.ApiRequestLoggingFilter - [API] GET /api/v1/client/feed/home -> 200 (1164 ms) ip=127.0.0.1 location=局域网
2026-05-27 23:35:19.410 [http-nio-8081-exec-8] DEBUG c.u.b.i.config.IpLocationInterceptor - IP属地解析: ip=127.0.0.1, location=局域网, uri=/api/v1/client/feed/home
2026-05-27 23:35:19.421 [http-nio-8081-exec-8] INFO  c.u.b.i.c.ApiRequestLoggingFilter - [API] GET /api/v1/client/feed/home -> 200 (12 ms) ip=127.0.0.1 location=局域网
2026-05-27 23:35:45.690 [http-nio-8081-exec-9] DEBUG c.u.b.i.config.IpLocationInterceptor - IP属地解析: ip=127.0.0.1, location=局域网, uri=/api/v1/client/auth/logout
2026-05-27 23:35:45.740 [http-nio-8081-exec-9] INFO  c.u.b.i.c.ApiRequestLoggingFilter - [API] POST /api/v1/client/auth/logout -> 200 (51 ms) ip=127.0.0.1 location=局域网
2026-05-27 23:35:46.384 [http-nio-8081-exec-6] DEBUG c.u.b.i.config.IpLocationInterceptor - IP属地解析: ip=127.0.0.1, location=局域网, uri=/api/v1/client/feed/home
2026-05-27 23:35:46.385 [http-nio-8081-exec-6] DEBUG org.mybatis.spring.SqlSessionUtils - Creating a new SqlSession
2026-05-27 23:35:46.385 [http-nio-8081-exec-6] DEBUG org.mybatis.spring.SqlSessionUtils - SqlSession [org.apache.ibatis.session.defaults.DefaultSqlSession@6e63191c] was not registered for synchronization because synchronization is not active
2026-05-27 23:35:46.386 [http-nio-8081-exec-6] DEBUG o.m.s.t.SpringManagedTransaction - JDBC Connection [HikariProxyConnection@1621424800 wrapping com.mysql.cj.jdbc.ConnectionImpl@51f4e276] will not be managed by Spring
2026-05-27 23:35:46.386 [http-nio-8081-exec-6] DEBUG c.u.b.i.p.m.C.selectList - ==>  Preparing: SELECT id,user_uid,content_type_code,extended_uid,title,summary,editor_type,content,cover_url,video_url,video_duration,tags,view_count,like_count,collect_count,comment_count,status,published_at,created_at,updated_at FROM note WHERE (status = ?) ORDER BY published_at DESC,created_at DESC LIMIT 400
2026-05-27 23:35:46.387 [http-nio-8081-exec-6] DEBUG c.u.b.i.p.m.C.selectList - ==> Parameters: PUBLISHED(String)
2026-05-27 23:35:46.393 [http-nio-8081-exec-6] DEBUG c.u.b.i.p.m.C.selectList - <==      Total: 10
2026-05-27 23:35:46.394 [http-nio-8081-exec-6] DEBUG org.mybatis.spring.SqlSessionUtils - Closing non transactional SqlSession [org.apache.ibatis.session.defaults.DefaultSqlSession@6e63191c]
2026-05-27 23:35:46.394 [http-nio-8081-exec-6] DEBUG org.mybatis.spring.SqlSessionUtils - Creating a new SqlSession
2026-05-27 23:35:46.395 [http-nio-8081-exec-6] DEBUG org.mybatis.spring.SqlSessionUtils - SqlSession [org.apache.ibatis.session.defaults.DefaultSqlSession@2199f09b] was not registered for synchronization because synchronization is not active
2026-05-27 23:35:46.395 [http-nio-8081-exec-6] DEBUG o.m.s.t.SpringManagedTransaction - JDBC Connection [HikariProxyConnection@1472505421 wrapping com.mysql.cj.jdbc.ConnectionImpl@51f4e276] will not be managed by Spring
2026-05-27 23:35:46.395 [http-nio-8081-exec-6] DEBUG c.u.b.i.p.m.C.selectList - ==>  Preparing: SELECT id,user_uid,nick_name,real_name,avatar_url,current_entity_name,level,bio_data,career_data,intro,announcement,created_at,updated_at FROM user_profile WHERE (user_uid = ?) LIMIT 1
2026-05-27 23:35:46.396 [http-nio-8081-exec-6] DEBUG c.u.b.i.p.m.C.selectList - ==> Parameters: US00000000001(String)
2026-05-27 23:35:46.399 [http-nio-8081-exec-6] DEBUG c.u.b.i.p.m.C.selectList - <==      Total: 1
2026-05-27 23:35:46.399 [http-nio-8081-exec-6] DEBUG org.mybatis.spring.SqlSessionUtils - Closing non transactional SqlSession [org.apache.ibatis.session.defaults.DefaultSqlSession@2199f09b]
2026-05-27 23:35:46.399 [http-nio-8081-exec-6] DEBUG org.mybatis.spring.SqlSessionUtils - Creating a new SqlSession
2026-05-27 23:35:46.399 [http-nio-8081-exec-6] DEBUG org.mybatis.spring.SqlSessionUtils - SqlSession [org.apache.ibatis.session.defaults.DefaultSqlSession@2f453f8f] was not registered for synchronization because synchronization is not active
2026-05-27 23:35:46.399 [http-nio-8081-exec-6] DEBUG o.m.s.t.SpringManagedTransaction - JDBC Connection [HikariProxyConnection@1102450644 wrapping com.mysql.cj.jdbc.ConnectionImpl@51f4e276] will not be managed by Spring
2026-05-27 23:35:46.399 [http-nio-8081-exec-6] DEBUG c.u.b.i.p.m.U.selectList - ==>  Preparing: SELECT id,user_uid,entity_code,role,auth_serial_no,proof_artifact_url,audit_status,is_active,remark,created_at,updated_at FROM user_auth_link WHERE (user_uid = ? AND is_active = ?) ORDER BY updated_at DESC LIMIT 1
2026-05-27 23:35:46.400 [http-nio-8081-exec-6] DEBUG c.u.b.i.p.m.U.selectList - ==> Parameters: US00000000001(String), 1(Integer)
2026-05-27 23:35:46.404 [http-nio-8081-exec-6] DEBUG c.u.b.i.p.m.U.selectList - <==      Total: 1
2026-05-27 23:35:46.404 [http-nio-8081-exec-6] DEBUG org.mybatis.spring.SqlSessionUtils - Closing non transactional SqlSession [org.apache.ibatis.session.defaults.DefaultSqlSession@2f453f8f]
2026-05-27 23:35:46.404 [http-nio-8081-exec-6] DEBUG org.mybatis.spring.SqlSessionUtils - Creating a new SqlSession
2026-05-27 23:35:46.405 [http-nio-8081-exec-6] DEBUG org.mybatis.spring.SqlSessionUtils - SqlSession [org.apache.ibatis.session.defaults.DefaultSqlSession@3441d320] was not registered for synchronization because synchronization is not active
2026-05-27 23:35:46.405 [http-nio-8081-exec-6] DEBUG o.m.s.t.SpringManagedTransaction - JDBC Connection [HikariProxyConnection@1173926611 wrapping com.mysql.cj.jdbc.ConnectionImpl@51f4e276] will not be managed by Spring
2026-05-27 23:35:46.405 [http-nio-8081-exec-6] DEBUG c.u.b.i.p.m.C.selectList - ==>  Preparing: SELECT id,entity_code,name,location,type,logo_url,banner_url,intro,announcement,created_at,updated_at FROM entity_profile WHERE (entity_code = ?) LIMIT 1
2026-05-27 23:35:46.405 [http-nio-8081-exec-6] DEBUG c.u.b.i.p.m.C.selectList - ==> Parameters: 10598(String)
2026-05-27 23:35:46.409 [http-nio-8081-exec-6] DEBUG c.u.b.i.p.m.C.selectList - <==      Total: 1
2026-05-27 23:35:46.409 [http-nio-8081-exec-6] DEBUG org.mybatis.spring.SqlSessionUtils - Closing non transactional SqlSession [org.apache.ibatis.session.defaults.DefaultSqlSession@3441d320]
2026-05-27 23:35:46.411 [http-nio-8081-exec-6] DEBUG org.mybatis.spring.SqlSessionUtils - Creating a new SqlSession
2026-05-27 23:35:46.411 [http-nio-8081-exec-6] DEBUG org.mybatis.spring.SqlSessionUtils - SqlSession [org.apache.ibatis.session.defaults.DefaultSqlSession@24f378fc] was not registered for synchronization because synchronization is not active
2026-05-27 23:35:46.411 [http-nio-8081-exec-6] DEBUG o.m.s.t.SpringManagedTransaction - JDBC Connection [HikariProxyConnection@504461201 wrapping com.mysql.cj.jdbc.ConnectionImpl@51f4e276] will not be managed by Spring
2026-05-27 23:35:46.411 [http-nio-8081-exec-6] DEBUG c.u.b.i.p.m.C.selectList - ==>  Preparing: SELECT id,user_uid,nick_name,real_name,avatar_url,current_entity_name,level,bio_data,career_data,intro,announcement,created_at,updated_at FROM user_profile WHERE (user_uid = ?) LIMIT 1
2026-05-27 23:35:46.412 [http-nio-8081-exec-6] DEBUG c.u.b.i.p.m.C.selectList - ==> Parameters: US00000000003(String)
2026-05-27 23:35:46.413 [http-nio-8081-exec-6] DEBUG c.u.b.i.p.m.C.selectList - <==      Total: 1
2026-05-27 23:35:46.413 [http-nio-8081-exec-6] DEBUG org.mybatis.spring.SqlSessionUtils - Closing non transactional SqlSession [org.apache.ibatis.session.defaults.DefaultSqlSession@24f378fc]
2026-05-27 23:35:46.414 [http-nio-8081-exec-6] DEBUG org.mybatis.spring.SqlSessionUtils - Creating a new SqlSession
2026-05-27 23:35:46.414 [http-nio-8081-exec-6] DEBUG org.mybatis.spring.SqlSessionUtils - SqlSession [org.apache.ibatis.session.defaults.DefaultSqlSession@63b0155b] was not registered for synchronization because synchronization is not active
2026-05-27 23:35:46.415 [http-nio-8081-exec-6] DEBUG o.m.s.t.SpringManagedTransaction - JDBC Connection [HikariProxyConnection@1547412809 wrapping com.mysql.cj.jdbc.ConnectionImpl@51f4e276] will not be managed by Spring
2026-05-27 23:35:46.415 [http-nio-8081-exec-6] DEBUG c.u.b.i.p.m.U.selectList - ==>  Preparing: SELECT id,user_uid,entity_code,role,auth_serial_no,proof_artifact_url,audit_status,is_active,remark,created_at,updated_at FROM user_auth_link WHERE (user_uid = ? AND is_active = ?) ORDER BY updated_at DESC LIMIT 1
2026-05-27 23:35:46.415 [http-nio-8081-exec-6] DEBUG c.u.b.i.p.m.U.selectList - ==> Parameters: US00000000003(String), 1(Integer)
2026-05-27 23:35:46.419 [http-nio-8081-exec-6] DEBUG c.u.b.i.p.m.U.selectList - <==      Total: 1
2026-05-27 23:35:46.419 [http-nio-8081-exec-6] DEBUG org.mybatis.spring.SqlSessionUtils - Closing non transactional SqlSession [org.apache.ibatis.session.defaults.DefaultSqlSession@63b0155b]
2026-05-27 23:35:46.419 [http-nio-8081-exec-6] DEBUG org.mybatis.spring.SqlSessionUtils - Creating a new SqlSession
2026-05-27 23:35:46.420 [http-nio-8081-exec-6] DEBUG org.mybatis.spring.SqlSessionUtils - SqlSession [org.apache.ibatis.session.defaults.DefaultSqlSession@2e1eff4a] was not registered for synchronization because synchronization is not active
2026-05-27 23:35:46.420 [http-nio-8081-exec-6] DEBUG o.m.s.t.SpringManagedTransaction - JDBC Connection [HikariProxyConnection@1298611487 wrapping com.mysql.cj.jdbc.ConnectionImpl@51f4e276] will not be managed by Spring
2026-05-27 23:35:46.420 [http-nio-8081-exec-6] DEBUG c.u.b.i.p.m.C.selectList - ==>  Preparing: SELECT id,entity_code,name,location,type,logo_url,banner_url,intro,announcement,created_at,updated_at FROM entity_profile WHERE (entity_code = ?) LIMIT 1
2026-05-27 23:35:46.421 [http-nio-8081-exec-6] DEBUG c.u.b.i.p.m.C.selectList - ==> Parameters: 91440300708461136T(String)
2026-05-27 23:35:46.423 [http-nio-8081-exec-6] DEBUG c.u.b.i.p.m.C.selectList - <==      Total: 1
2026-05-27 23:35:46.423 [http-nio-8081-exec-6] DEBUG org.mybatis.spring.SqlSessionUtils - Closing non transactional SqlSession [org.apache.ibatis.session.defaults.DefaultSqlSession@2e1eff4a]
2026-05-27 23:35:46.424 [http-nio-8081-exec-6] DEBUG org.mybatis.spring.SqlSessionUtils - Creating a new SqlSession
2026-05-27 23:35:46.424 [http-nio-8081-exec-6] DEBUG org.mybatis.spring.SqlSessionUtils - SqlSession [org.apache.ibatis.session.defaults.DefaultSqlSession@1ac7cbd5] was not registered for synchronization because synchronization is not active
2026-05-27 23:35:46.425 [http-nio-8081-exec-6] DEBUG o.m.s.t.SpringManagedTransaction - JDBC Connection [HikariProxyConnection@1132106600 wrapping com.mysql.cj.jdbc.ConnectionImpl@51f4e276] will not be managed by Spring
2026-05-27 23:35:46.425 [http-nio-8081-exec-6] DEBUG c.u.b.i.p.m.C.selectList - ==>  Preparing: SELECT id,user_uid,nick_name,real_name,avatar_url,current_entity_name,level,bio_data,career_data,intro,announcement,created_at,updated_at FROM user_profile WHERE (user_uid = ?) LIMIT 1
2026-05-27 23:35:46.425 [http-nio-8081-exec-6] DEBUG c.u.b.i.p.m.C.selectList - ==> Parameters: US00000000002(String)
2026-05-27 23:35:46.427 [http-nio-8081-exec-6] DEBUG c.u.b.i.p.m.C.selectList - <==      Total: 1
2026-05-27 23:35:46.428 [http-nio-8081-exec-6] DEBUG org.mybatis.spring.SqlSessionUtils - Closing non transactional SqlSession [org.apache.ibatis.session.defaults.DefaultSqlSession@1ac7cbd5]
2026-05-27 23:35:46.429 [http-nio-8081-exec-6] DEBUG org.mybatis.spring.SqlSessionUtils - Creating a new SqlSession
2026-05-27 23:35:46.429 [http-nio-8081-exec-6] DEBUG org.mybatis.spring.SqlSessionUtils - SqlSession [org.apache.ibatis.session.defaults.DefaultSqlSession@760f4cc0] was not registered for synchronization because synchronization is not active
2026-05-27 23:35:46.430 [http-nio-8081-exec-6] DEBUG o.m.s.t.SpringManagedTransaction - JDBC Connection [HikariProxyConnection@1329161461 wrapping com.mysql.cj.jdbc.ConnectionImpl@51f4e276] will not be managed by Spring
2026-05-27 23:35:46.430 [http-nio-8081-exec-6] DEBUG c.u.b.i.p.m.U.selectList - ==>  Preparing: SELECT id,user_uid,entity_code,role,auth_serial_no,proof_artifact_url,audit_status,is_active,remark,created_at,updated_at FROM user_auth_link WHERE (user_uid = ? AND is_active = ?) ORDER BY updated_at DESC LIMIT 1
2026-05-27 23:35:46.431 [http-nio-8081-exec-6] DEBUG c.u.b.i.p.m.U.selectList - ==> Parameters: US00000000002(String), 1(Integer)
2026-05-27 23:35:46.433 [http-nio-8081-exec-6] DEBUG c.u.b.i.p.m.U.selectList - <==      Total: 1
2026-05-27 23:35:46.434 [http-nio-8081-exec-6] DEBUG org.mybatis.spring.SqlSessionUtils - Closing non transactional SqlSession [org.apache.ibatis.session.defaults.DefaultSqlSession@760f4cc0]
2026-05-27 23:35:46.434 [http-nio-8081-exec-6] DEBUG org.mybatis.spring.SqlSessionUtils - Creating a new SqlSession
2026-05-27 23:35:46.434 [http-nio-8081-exec-6] DEBUG org.mybatis.spring.SqlSessionUtils - SqlSession [org.apache.ibatis.session.defaults.DefaultSqlSession@45fc75d] was not registered for synchronization because synchronization is not active
2026-05-27 23:35:46.435 [http-nio-8081-exec-6] DEBUG o.m.s.t.SpringManagedTransaction - JDBC Connection [HikariProxyConnection@138076762 wrapping com.mysql.cj.jdbc.ConnectionImpl@51f4e276] will not be managed by Spring
2026-05-27 23:35:46.435 [http-nio-8081-exec-6] DEBUG c.u.b.i.p.m.C.selectList - ==>  Preparing: SELECT id,entity_code,name,location,type,logo_url,banner_url,intro,announcement,created_at,updated_at FROM entity_profile WHERE (entity_code = ?) LIMIT 1
2026-05-27 23:35:46.436 [http-nio-8081-exec-6] DEBUG c.u.b.i.p.m.C.selectList - ==> Parameters: 10598(String)
2026-05-27 23:35:46.438 [http-nio-8081-exec-6] DEBUG c.u.b.i.p.m.C.selectList - <==      Total: 1
2026-05-27 23:35:46.438 [http-nio-8081-exec-6] DEBUG org.mybatis.spring.SqlSessionUtils - Closing non transactional SqlSession [org.apache.ibatis.session.defaults.DefaultSqlSession@45fc75d]
2026-05-27 23:35:46.439 [http-nio-8081-exec-6] DEBUG org.mybatis.spring.SqlSessionUtils - Creating a new SqlSession
2026-05-27 23:35:46.439 [http-nio-8081-exec-6] DEBUG org.mybatis.spring.SqlSessionUtils - SqlSession [org.apache.ibatis.session.defaults.DefaultSqlSession@553bc943] was not registered for synchronization because synchronization is not active
2026-05-27 23:35:46.440 [http-nio-8081-exec-6] DEBUG o.m.s.t.SpringManagedTransaction - JDBC Connection [HikariProxyConnection@799316374 wrapping com.mysql.cj.jdbc.ConnectionImpl@51f4e276] will not be managed by Spring
2026-05-27 23:35:46.440 [http-nio-8081-exec-6] DEBUG c.u.b.i.p.m.C.selectList - ==>  Preparing: SELECT id,user_uid,nick_name,real_name,avatar_url,current_entity_name,level,bio_data,career_data,intro,announcement,created_at,updated_at FROM user_profile WHERE (user_uid = ?) LIMIT 1
2026-05-27 23:35:46.440 [http-nio-8081-exec-6] DEBUG c.u.b.i.p.m.C.selectList - ==> Parameters: US00000000001(String)
2026-05-27 23:35:46.442 [http-nio-8081-exec-6] DEBUG c.u.b.i.p.m.C.selectList - <==      Total: 1
2026-05-27 23:35:46.443 [http-nio-8081-exec-6] DEBUG org.mybatis.spring.SqlSessionUtils - Closing non transactional SqlSession [org.apache.ibatis.session.defaults.DefaultSqlSession@553bc943]
2026-05-27 23:35:46.443 [http-nio-8081-exec-6] DEBUG org.mybatis.spring.SqlSessionUtils - Creating a new SqlSession
2026-05-27 23:35:46.444 [http-nio-8081-exec-6] DEBUG org.mybatis.spring.SqlSessionUtils - SqlSession [org.apache.ibatis.session.defaults.DefaultSqlSession@7df5a275] was not registered for synchronization because synchronization is not active
2026-05-27 23:35:46.444 [http-nio-8081-exec-6] DEBUG o.m.s.t.SpringManagedTransaction - JDBC Connection [HikariProxyConnection@1989086553 wrapping com.mysql.cj.jdbc.ConnectionImpl@51f4e276] will not be managed by Spring
2026-05-27 23:35:46.444 [http-nio-8081-exec-6] DEBUG c.u.b.i.p.m.U.selectList - ==>  Preparing: SELECT id,user_uid,entity_code,role,auth_serial_no,proof_artifact_url,audit_status,is_active,remark,created_at,updated_at FROM user_auth_link WHERE (user_uid = ? AND is_active = ?) ORDER BY updated_at DESC LIMIT 1
2026-05-27 23:35:46.445 [http-nio-8081-exec-6] DEBUG c.u.b.i.p.m.U.selectList - ==> Parameters: US00000000001(String), 1(Integer)
2026-05-27 23:35:46.448 [http-nio-8081-exec-6] DEBUG c.u.b.i.p.m.U.selectList - <==      Total: 1
2026-05-27 23:35:46.448 [http-nio-8081-exec-6] DEBUG org.mybatis.spring.SqlSessionUtils - Closing non transactional SqlSession [org.apache.ibatis.session.defaults.DefaultSqlSession@7df5a275]
2026-05-27 23:35:46.448 [http-nio-8081-exec-6] DEBUG org.mybatis.spring.SqlSessionUtils - Creating a new SqlSession
2026-05-27 23:35:46.448 [http-nio-8081-exec-6] DEBUG org.mybatis.spring.SqlSessionUtils - SqlSession [org.apache.ibatis.session.defaults.DefaultSqlSession@11e3f856] was not registered for synchronization because synchronization is not active
2026-05-27 23:35:46.449 [http-nio-8081-exec-6] DEBUG o.m.s.t.SpringManagedTransaction - JDBC Connection [HikariProxyConnection@1104483861 wrapping com.mysql.cj.jdbc.ConnectionImpl@51f4e276] will not be managed by Spring
2026-05-27 23:35:46.449 [http-nio-8081-exec-6] DEBUG c.u.b.i.p.m.C.selectList - ==>  Preparing: SELECT id,entity_code,name,location,type,logo_url,banner_url,intro,announcement,created_at,updated_at FROM entity_profile WHERE (entity_code = ?) LIMIT 1
2026-05-27 23:35:46.450 [http-nio-8081-exec-6] DEBUG c.u.b.i.p.m.C.selectList - ==> Parameters: 10598(String)
2026-05-27 23:35:46.452 [http-nio-8081-exec-6] DEBUG c.u.b.i.p.m.C.selectList - <==      Total: 1
2026-05-27 23:35:46.452 [http-nio-8081-exec-6] DEBUG org.mybatis.spring.SqlSessionUtils - Closing non transactional SqlSession [org.apache.ibatis.session.defaults.DefaultSqlSession@11e3f856]
2026-05-27 23:35:46.453 [http-nio-8081-exec-6] DEBUG org.mybatis.spring.SqlSessionUtils - Creating a new SqlSession
2026-05-27 23:35:46.454 [http-nio-8081-exec-6] DEBUG org.mybatis.spring.SqlSessionUtils - SqlSession [org.apache.ibatis.session.defaults.DefaultSqlSession@50dc3099] was not registered for synchronization because synchronization is not active
2026-05-27 23:35:46.454 [http-nio-8081-exec-6] DEBUG o.m.s.t.SpringManagedTransaction - JDBC Connection [HikariProxyConnection@1593000860 wrapping com.mysql.cj.jdbc.ConnectionImpl@51f4e276] will not be managed by Spring
2026-05-27 23:35:46.454 [http-nio-8081-exec-6] DEBUG c.u.b.i.p.m.C.selectList - ==>  Preparing: SELECT id,user_uid,nick_name,real_name,avatar_url,current_entity_name,level,bio_data,career_data,intro,announcement,created_at,updated_at FROM user_profile WHERE (user_uid = ?) LIMIT 1
2026-05-27 23:35:46.455 [http-nio-8081-exec-6] DEBUG c.u.b.i.p.m.C.selectList - ==> Parameters: US00000000003(String)
2026-05-27 23:35:46.457 [http-nio-8081-exec-6] DEBUG c.u.b.i.p.m.C.selectList - <==      Total: 1
2026-05-27 23:35:46.457 [http-nio-8081-exec-6] DEBUG org.mybatis.spring.SqlSessionUtils - Closing non transactional SqlSession [org.apache.ibatis.session.defaults.DefaultSqlSession@50dc3099]
2026-05-27 23:35:46.458 [http-nio-8081-exec-6] DEBUG org.mybatis.spring.SqlSessionUtils - Creating a new SqlSession
2026-05-27 23:35:46.458 [http-nio-8081-exec-6] DEBUG org.mybatis.spring.SqlSessionUtils - SqlSession [org.apache.ibatis.session.defaults.DefaultSqlSession@98a6813] was not registered for synchronization because synchronization is not active
2026-05-27 23:35:46.459 [http-nio-8081-exec-6] DEBUG o.m.s.t.SpringManagedTransaction - JDBC Connection [HikariProxyConnection@954456387 wrapping com.mysql.cj.jdbc.ConnectionImpl@51f4e276] will not be managed by Spring
2026-05-27 23:35:46.459 [http-nio-8081-exec-6] DEBUG c.u.b.i.p.m.U.selectList - ==>  Preparing: SELECT id,user_uid,entity_code,role,auth_serial_no,proof_artifact_url,audit_status,is_active,remark,created_at,updated_at FROM user_auth_link WHERE (user_uid = ? AND is_active = ?) ORDER BY updated_at DESC LIMIT 1
2026-05-27 23:35:46.459 [http-nio-8081-exec-6] DEBUG c.u.b.i.p.m.U.selectList - ==> Parameters: US00000000003(String), 1(Integer)
2026-05-27 23:35:46.462 [http-nio-8081-exec-6] DEBUG c.u.b.i.p.m.U.selectList - <==      Total: 1
2026-05-27 23:35:46.463 [http-nio-8081-exec-6] DEBUG org.mybatis.spring.SqlSessionUtils - Closing non transactional SqlSession [org.apache.ibatis.session.defaults.DefaultSqlSession@98a6813]
2026-05-27 23:35:46.463 [http-nio-8081-exec-6] DEBUG org.mybatis.spring.SqlSessionUtils - Creating a new SqlSession
2026-05-27 23:35:46.464 [http-nio-8081-exec-6] DEBUG org.mybatis.spring.SqlSessionUtils - SqlSession [org.apache.ibatis.session.defaults.DefaultSqlSession@37e3b6cb] was not registered for synchronization because synchronization is not active
2026-05-27 23:35:46.464 [http-nio-8081-exec-6] DEBUG o.m.s.t.SpringManagedTransaction - JDBC Connection [HikariProxyConnection@1844681428 wrapping com.mysql.cj.jdbc.ConnectionImpl@51f4e276] will not be managed by Spring
2026-05-27 23:35:46.464 [http-nio-8081-exec-6] DEBUG c.u.b.i.p.m.C.selectList - ==>  Preparing: SELECT id,entity_code,name,location,type,logo_url,banner_url,intro,announcement,created_at,updated_at FROM entity_profile WHERE (entity_code = ?) LIMIT 1
2026-05-27 23:35:46.465 [http-nio-8081-exec-6] DEBUG c.u.b.i.p.m.C.selectList - ==> Parameters: 91440300708461136T(String)
2026-05-27 23:35:46.466 [http-nio-8081-exec-6] DEBUG c.u.b.i.p.m.C.selectList - <==      Total: 1
2026-05-27 23:35:46.467 [http-nio-8081-exec-6] DEBUG org.mybatis.spring.SqlSessionUtils - Closing non transactional SqlSession [org.apache.ibatis.session.defaults.DefaultSqlSession@37e3b6cb]
2026-05-27 23:35:46.468 [http-nio-8081-exec-6] DEBUG org.mybatis.spring.SqlSessionUtils - Creating a new SqlSession
2026-05-27 23:35:46.468 [http-nio-8081-exec-6] DEBUG org.mybatis.spring.SqlSessionUtils - SqlSession [org.apache.ibatis.session.defaults.DefaultSqlSession@739fbf65] was not registered for synchronization because synchronization is not active
2026-05-27 23:35:46.468 [http-nio-8081-exec-6] DEBUG o.m.s.t.SpringManagedTransaction - JDBC Connection [HikariProxyConnection@1499466291 wrapping com.mysql.cj.jdbc.ConnectionImpl@51f4e276] will not be managed by Spring
2026-05-27 23:35:46.468 [http-nio-8081-exec-6] DEBUG c.u.b.i.p.m.C.selectList - ==>  Preparing: SELECT id,user_uid,nick_name,real_name,avatar_url,current_entity_name,level,bio_data,career_data,intro,announcement,created_at,updated_at FROM user_profile WHERE (user_uid = ?) LIMIT 1
2026-05-27 23:35:46.469 [http-nio-8081-exec-6] DEBUG c.u.b.i.p.m.C.selectList - ==> Parameters: US00000000002(String)
2026-05-27 23:35:46.472 [http-nio-8081-exec-6] DEBUG c.u.b.i.p.m.C.selectList - <==      Total: 1
2026-05-27 23:35:46.472 [http-nio-8081-exec-6] DEBUG org.mybatis.spring.SqlSessionUtils - Closing non transactional SqlSession [org.apache.ibatis.session.defaults.DefaultSqlSession@739fbf65]
2026-05-27 23:35:46.472 [http-nio-8081-exec-6] DEBUG org.mybatis.spring.SqlSessionUtils - Creating a new SqlSession
2026-05-27 23:35:46.472 [http-nio-8081-exec-6] DEBUG org.mybatis.spring.SqlSessionUtils - SqlSession [org.apache.ibatis.session.defaults.DefaultSqlSession@1fb730] was not registered for synchronization because synchronization is not active
2026-05-27 23:35:46.473 [http-nio-8081-exec-6] DEBUG o.m.s.t.SpringManagedTransaction - JDBC Connection [HikariProxyConnection@250954945 wrapping com.mysql.cj.jdbc.ConnectionImpl@51f4e276] will not be managed by Spring
2026-05-27 23:35:46.473 [http-nio-8081-exec-6] DEBUG c.u.b.i.p.m.U.selectList - ==>  Preparing: SELECT id,user_uid,entity_code,role,auth_serial_no,proof_artifact_url,audit_status,is_active,remark,created_at,updated_at FROM user_auth_link WHERE (user_uid = ? AND is_active = ?) ORDER BY updated_at DESC LIMIT 1
2026-05-27 23:35:46.473 [http-nio-8081-exec-6] DEBUG c.u.b.i.p.m.U.selectList - ==> Parameters: US00000000002(String), 1(Integer)
2026-05-27 23:35:46.475 [http-nio-8081-exec-6] DEBUG c.u.b.i.p.m.U.selectList - <==      Total: 1
2026-05-27 23:35:46.475 [http-nio-8081-exec-6] DEBUG org.mybatis.spring.SqlSessionUtils - Closing non transactional SqlSession [org.apache.ibatis.session.defaults.DefaultSqlSession@1fb730]
2026-05-27 23:35:46.476 [http-nio-8081-exec-6] DEBUG org.mybatis.spring.SqlSessionUtils - Creating a new SqlSession
2026-05-27 23:35:46.476 [http-nio-8081-exec-6] DEBUG org.mybatis.spring.SqlSessionUtils - SqlSession [org.apache.ibatis.session.defaults.DefaultSqlSession@5f56b92a] was not registered for synchronization because synchronization is not active
2026-05-27 23:35:46.477 [http-nio-8081-exec-6] DEBUG o.m.s.t.SpringManagedTransaction - JDBC Connection [HikariProxyConnection@571290567 wrapping com.mysql.cj.jdbc.ConnectionImpl@51f4e276] will not be managed by Spring
2026-05-27 23:35:46.477 [http-nio-8081-exec-6] DEBUG c.u.b.i.p.m.C.selectList - ==>  Preparing: SELECT id,entity_code,name,location,type,logo_url,banner_url,intro,announcement,created_at,updated_at FROM entity_profile WHERE (entity_code = ?) LIMIT 1
2026-05-27 23:35:46.477 [http-nio-8081-exec-6] DEBUG c.u.b.i.p.m.C.selectList - ==> Parameters: 10598(String)
2026-05-27 23:35:46.480 [http-nio-8081-exec-6] DEBUG c.u.b.i.p.m.C.selectList - <==      Total: 1
2026-05-27 23:35:46.480 [http-nio-8081-exec-6] DEBUG org.mybatis.spring.SqlSessionUtils - Closing non transactional SqlSession [org.apache.ibatis.session.defaults.DefaultSqlSession@5f56b92a]
2026-05-27 23:35:46.481 [http-nio-8081-exec-6] DEBUG org.mybatis.spring.SqlSessionUtils - Creating a new SqlSession
2026-05-27 23:35:46.481 [http-nio-8081-exec-6] DEBUG org.mybatis.spring.SqlSessionUtils - SqlSession [org.apache.ibatis.session.defaults.DefaultSqlSession@3eea066c] was not registered for synchronization because synchronization is not active
2026-05-27 23:35:46.482 [http-nio-8081-exec-6] DEBUG o.m.s.t.SpringManagedTransaction - JDBC Connection [HikariProxyConnection@1411344242 wrapping com.mysql.cj.jdbc.ConnectionImpl@51f4e276] will not be managed by Spring
2026-05-27 23:35:46.482 [http-nio-8081-exec-6] DEBUG c.u.b.i.p.m.C.selectList - ==>  Preparing: SELECT id,user_uid,nick_name,real_name,avatar_url,current_entity_name,level,bio_data,career_data,intro,announcement,created_at,updated_at FROM user_profile WHERE (user_uid = ?) LIMIT 1
2026-05-27 23:35:46.482 [http-nio-8081-exec-6] DEBUG c.u.b.i.p.m.C.selectList - ==> Parameters: US00000000001(String)
2026-05-27 23:35:46.484 [http-nio-8081-exec-6] DEBUG c.u.b.i.p.m.C.selectList - <==      Total: 1
2026-05-27 23:35:46.484 [http-nio-8081-exec-6] DEBUG org.mybatis.spring.SqlSessionUtils - Closing non transactional SqlSession [org.apache.ibatis.session.defaults.DefaultSqlSession@3eea066c]
2026-05-27 23:35:46.485 [http-nio-8081-exec-6] DEBUG org.mybatis.spring.SqlSessionUtils - Creating a new SqlSession
2026-05-27 23:35:46.485 [http-nio-8081-exec-6] DEBUG org.mybatis.spring.SqlSessionUtils - SqlSession [org.apache.ibatis.session.defaults.DefaultSqlSession@4caebc3e] was not registered for synchronization because synchronization is not active
2026-05-27 23:35:46.485 [http-nio-8081-exec-6] DEBUG o.m.s.t.SpringManagedTransaction - JDBC Connection [HikariProxyConnection@580455073 wrapping com.mysql.cj.jdbc.ConnectionImpl@51f4e276] will not be managed by Spring
2026-05-27 23:35:46.485 [http-nio-8081-exec-6] DEBUG c.u.b.i.p.m.U.selectList - ==>  Preparing: SELECT id,user_uid,entity_code,role,auth_serial_no,proof_artifact_url,audit_status,is_active,remark,created_at,updated_at FROM user_auth_link WHERE (user_uid = ? AND is_active = ?) ORDER BY updated_at DESC LIMIT 1
2026-05-27 23:35:46.486 [http-nio-8081-exec-6] DEBUG c.u.b.i.p.m.U.selectList - ==> Parameters: US00000000001(String), 1(Integer)
2026-05-27 23:35:46.488 [http-nio-8081-exec-6] DEBUG c.u.b.i.p.m.U.selectList - <==      Total: 1
2026-05-27 23:35:46.488 [http-nio-8081-exec-6] DEBUG org.mybatis.spring.SqlSessionUtils - Closing non transactional SqlSession [org.apache.ibatis.session.defaults.DefaultSqlSession@4caebc3e]
2026-05-27 23:35:46.489 [http-nio-8081-exec-6] DEBUG org.mybatis.spring.SqlSessionUtils - Creating a new SqlSession
2026-05-27 23:35:46.489 [http-nio-8081-exec-6] DEBUG org.mybatis.spring.SqlSessionUtils - SqlSession [org.apache.ibatis.session.defaults.DefaultSqlSession@2ddc3ff5] was not registered for synchronization because synchronization is not active
2026-05-27 23:35:46.489 [http-nio-8081-exec-6] DEBUG o.m.s.t.SpringManagedTransaction - JDBC Connection [HikariProxyConnection@346700092 wrapping com.mysql.cj.jdbc.ConnectionImpl@51f4e276] will not be managed by Spring
2026-05-27 23:35:46.489 [http-nio-8081-exec-6] DEBUG c.u.b.i.p.m.C.selectList - ==>  Preparing: SELECT id,entity_code,name,location,type,logo_url,banner_url,intro,announcement,created_at,updated_at FROM entity_profile WHERE (entity_code = ?) LIMIT 1
2026-05-27 23:35:46.490 [http-nio-8081-exec-6] DEBUG c.u.b.i.p.m.C.selectList - ==> Parameters: 10598(String)
2026-05-27 23:35:46.491 [http-nio-8081-exec-6] DEBUG c.u.b.i.p.m.C.selectList - <==      Total: 1
2026-05-27 23:35:46.492 [http-nio-8081-exec-6] DEBUG org.mybatis.spring.SqlSessionUtils - Closing non transactional SqlSession [org.apache.ibatis.session.defaults.DefaultSqlSession@2ddc3ff5]
2026-05-27 23:35:46.493 [http-nio-8081-exec-6] DEBUG org.mybatis.spring.SqlSessionUtils - Creating a new SqlSession
2026-05-27 23:35:46.493 [http-nio-8081-exec-6] DEBUG org.mybatis.spring.SqlSessionUtils - SqlSession [org.apache.ibatis.session.defaults.DefaultSqlSession@65ee76c9] was not registered for synchronization because synchronization is not active
2026-05-27 23:35:46.493 [http-nio-8081-exec-6] DEBUG o.m.s.t.SpringManagedTransaction - JDBC Connection [HikariProxyConnection@687984150 wrapping com.mysql.cj.jdbc.ConnectionImpl@51f4e276] will not be managed by Spring
2026-05-27 23:35:46.493 [http-nio-8081-exec-6] DEBUG c.u.b.i.p.m.C.selectList - ==>  Preparing: SELECT id,user_uid,nick_name,real_name,avatar_url,current_entity_name,level,bio_data,career_data,intro,announcement,created_at,updated_at FROM user_profile WHERE (user_uid = ?) LIMIT 1
2026-05-27 23:35:46.494 [http-nio-8081-exec-6] DEBUG c.u.b.i.p.m.C.selectList - ==> Parameters: US00000000003(String)
2026-05-27 23:35:46.495 [http-nio-8081-exec-6] DEBUG c.u.b.i.p.m.C.selectList - <==      Total: 1
2026-05-27 23:35:46.495 [http-nio-8081-exec-6] DEBUG org.mybatis.spring.SqlSessionUtils - Closing non transactional SqlSession [org.apache.ibatis.session.defaults.DefaultSqlSession@65ee76c9]
2026-05-27 23:35:46.496 [http-nio-8081-exec-6] DEBUG org.mybatis.spring.SqlSessionUtils - Creating a new SqlSession
2026-05-27 23:35:46.496 [http-nio-8081-exec-6] DEBUG org.mybatis.spring.SqlSessionUtils - SqlSession [org.apache.ibatis.session.defaults.DefaultSqlSession@759a7df8] was not registered for synchronization because synchronization is not active
2026-05-27 23:35:46.497 [http-nio-8081-exec-6] DEBUG o.m.s.t.SpringManagedTransaction - JDBC Connection [HikariProxyConnection@1674839484 wrapping com.mysql.cj.jdbc.ConnectionImpl@51f4e276] will not be managed by Spring
2026-05-27 23:35:46.497 [http-nio-8081-exec-6] DEBUG c.u.b.i.p.m.U.selectList - ==>  Preparing: SELECT id,user_uid,entity_code,role,auth_serial_no,proof_artifact_url,audit_status,is_active,remark,created_at,updated_at FROM user_auth_link WHERE (user_uid = ? AND is_active = ?) ORDER BY updated_at DESC LIMIT 1
2026-05-27 23:35:46.497 [http-nio-8081-exec-6] DEBUG c.u.b.i.p.m.U.selectList - ==> Parameters: US00000000003(String), 1(Integer)
2026-05-27 23:35:46.499 [http-nio-8081-exec-6] DEBUG c.u.b.i.p.m.U.selectList - <==      Total: 1
2026-05-27 23:35:46.499 [http-nio-8081-exec-6] DEBUG org.mybatis.spring.SqlSessionUtils - Closing non transactional SqlSession [org.apache.ibatis.session.defaults.DefaultSqlSession@759a7df8]
2026-05-27 23:35:46.499 [http-nio-8081-exec-6] DEBUG org.mybatis.spring.SqlSessionUtils - Creating a new SqlSession
2026-05-27 23:35:46.499 [http-nio-8081-exec-6] DEBUG org.mybatis.spring.SqlSessionUtils - SqlSession [org.apache.ibatis.session.defaults.DefaultSqlSession@13fcce04] was not registered for synchronization because synchronization is not active
2026-05-27 23:35:46.500 [http-nio-8081-exec-6] DEBUG o.m.s.t.SpringManagedTransaction - JDBC Connection [HikariProxyConnection@900666430 wrapping com.mysql.cj.jdbc.ConnectionImpl@51f4e276] will not be managed by Spring
2026-05-27 23:35:46.500 [http-nio-8081-exec-6] DEBUG c.u.b.i.p.m.C.selectList - ==>  Preparing: SELECT id,entity_code,name,location,type,logo_url,banner_url,intro,announcement,created_at,updated_at FROM entity_profile WHERE (entity_code = ?) LIMIT 1
2026-05-27 23:35:46.500 [http-nio-8081-exec-6] DEBUG c.u.b.i.p.m.C.selectList - ==> Parameters: 91440300708461136T(String)
2026-05-27 23:35:46.502 [http-nio-8081-exec-6] DEBUG c.u.b.i.p.m.C.selectList - <==      Total: 1
2026-05-27 23:35:46.502 [http-nio-8081-exec-6] DEBUG org.mybatis.spring.SqlSessionUtils - Closing non transactional SqlSession [org.apache.ibatis.session.defaults.DefaultSqlSession@13fcce04]
2026-05-27 23:35:46.503 [http-nio-8081-exec-6] DEBUG org.mybatis.spring.SqlSessionUtils - Creating a new SqlSession
2026-05-27 23:35:46.503 [http-nio-8081-exec-6] DEBUG org.mybatis.spring.SqlSessionUtils - SqlSession [org.apache.ibatis.session.defaults.DefaultSqlSession@22f6d1d8] was not registered for synchronization because synchronization is not active
2026-05-27 23:35:46.504 [http-nio-8081-exec-6] DEBUG o.m.s.t.SpringManagedTransaction - JDBC Connection [HikariProxyConnection@1460643692 wrapping com.mysql.cj.jdbc.ConnectionImpl@51f4e276] will not be managed by Spring
2026-05-27 23:35:46.504 [http-nio-8081-exec-6] DEBUG c.u.b.i.p.m.C.selectList - ==>  Preparing: SELECT id,user_uid,nick_name,real_name,avatar_url,current_entity_name,level,bio_data,career_data,intro,announcement,created_at,updated_at FROM user_profile WHERE (user_uid = ?) LIMIT 1
2026-05-27 23:35:46.504 [http-nio-8081-exec-6] DEBUG c.u.b.i.p.m.C.selectList - ==> Parameters: US00000000002(String)
2026-05-27 23:35:46.506 [http-nio-8081-exec-6] DEBUG c.u.b.i.p.m.C.selectList - <==      Total: 1
2026-05-27 23:35:46.506 [http-nio-8081-exec-6] DEBUG org.mybatis.spring.SqlSessionUtils - Closing non transactional SqlSession [org.apache.ibatis.session.defaults.DefaultSqlSession@22f6d1d8]
2026-05-27 23:35:46.507 [http-nio-8081-exec-6] DEBUG org.mybatis.spring.SqlSessionUtils - Creating a new SqlSession
2026-05-27 23:35:46.507 [http-nio-8081-exec-6] DEBUG org.mybatis.spring.SqlSessionUtils - SqlSession [org.apache.ibatis.session.defaults.DefaultSqlSession@44713952] was not registered for synchronization because synchronization is not active
2026-05-27 23:35:46.508 [http-nio-8081-exec-6] DEBUG o.m.s.t.SpringManagedTransaction - JDBC Connection [HikariProxyConnection@1344100373 wrapping com.mysql.cj.jdbc.ConnectionImpl@51f4e276] will not be managed by Spring
2026-05-27 23:35:46.508 [http-nio-8081-exec-6] DEBUG c.u.b.i.p.m.U.selectList - ==>  Preparing: SELECT id,user_uid,entity_code,role,auth_serial_no,proof_artifact_url,audit_status,is_active,remark,created_at,updated_at FROM user_auth_link WHERE (user_uid = ? AND is_active = ?) ORDER BY updated_at DESC LIMIT 1
2026-05-27 23:35:46.509 [http-nio-8081-exec-6] DEBUG c.u.b.i.p.m.U.selectList - ==> Parameters: US00000000002(String), 1(Integer)
2026-05-27 23:35:46.511 [http-nio-8081-exec-6] DEBUG c.u.b.i.p.m.U.selectList - <==      Total: 1
2026-05-27 23:35:46.512 [http-nio-8081-exec-6] DEBUG org.mybatis.spring.SqlSessionUtils - Closing non transactional SqlSession [org.apache.ibatis.session.defaults.DefaultSqlSession@44713952]
2026-05-27 23:35:46.512 [http-nio-8081-exec-6] DEBUG org.mybatis.spring.SqlSessionUtils - Creating a new SqlSession
2026-05-27 23:35:46.512 [http-nio-8081-exec-6] DEBUG org.mybatis.spring.SqlSessionUtils - SqlSession [org.apache.ibatis.session.defaults.DefaultSqlSession@28d2755] was not registered for synchronization because synchronization is not active
2026-05-27 23:35:46.513 [http-nio-8081-exec-6] DEBUG o.m.s.t.SpringManagedTransaction - JDBC Connection [HikariProxyConnection@1341859327 wrapping com.mysql.cj.jdbc.ConnectionImpl@51f4e276] will not be managed by Spring
2026-05-27 23:35:46.513 [http-nio-8081-exec-6] DEBUG c.u.b.i.p.m.C.selectList - ==>  Preparing: SELECT id,entity_code,name,location,type,logo_url,banner_url,intro,announcement,created_at,updated_at FROM entity_profile WHERE (entity_code = ?) LIMIT 1
2026-05-27 23:35:46.513 [http-nio-8081-exec-6] DEBUG c.u.b.i.p.m.C.selectList - ==> Parameters: 10598(String)
2026-05-27 23:35:46.515 [http-nio-8081-exec-6] DEBUG c.u.b.i.p.m.C.selectList - <==      Total: 1
2026-05-27 23:35:46.515 [http-nio-8081-exec-6] DEBUG org.mybatis.spring.SqlSessionUtils - Closing non transactional SqlSession [org.apache.ibatis.session.defaults.DefaultSqlSession@28d2755]
2026-05-27 23:35:46.516 [http-nio-8081-exec-6] DEBUG org.mybatis.spring.SqlSessionUtils - Creating a new SqlSession
2026-05-27 23:35:46.516 [http-nio-8081-exec-6] DEBUG org.mybatis.spring.SqlSessionUtils - SqlSession [org.apache.ibatis.session.defaults.DefaultSqlSession@12f5d8a2] was not registered for synchronization because synchronization is not active
2026-05-27 23:35:46.516 [http-nio-8081-exec-6] DEBUG o.m.s.t.SpringManagedTransaction - JDBC Connection [HikariProxyConnection@2041176614 wrapping com.mysql.cj.jdbc.ConnectionImpl@51f4e276] will not be managed by Spring
2026-05-27 23:35:46.516 [http-nio-8081-exec-6] DEBUG c.u.b.i.p.m.C.selectList - ==>  Preparing: SELECT id,user_uid,nick_name,real_name,avatar_url,current_entity_name,level,bio_data,career_data,intro,announcement,created_at,updated_at FROM user_profile WHERE (user_uid = ?) LIMIT 1
2026-05-27 23:35:46.517 [http-nio-8081-exec-6] DEBUG c.u.b.i.p.m.C.selectList - ==> Parameters: US00000000001(String)
2026-05-27 23:35:46.518 [http-nio-8081-exec-6] DEBUG c.u.b.i.p.m.C.selectList - <==      Total: 1
2026-05-27 23:35:46.518 [http-nio-8081-exec-6] DEBUG org.mybatis.spring.SqlSessionUtils - Closing non transactional SqlSession [org.apache.ibatis.session.defaults.DefaultSqlSession@12f5d8a2]
2026-05-27 23:35:46.519 [http-nio-8081-exec-6] DEBUG org.mybatis.spring.SqlSessionUtils - Creating a new SqlSession
2026-05-27 23:35:46.519 [http-nio-8081-exec-6] DEBUG org.mybatis.spring.SqlSessionUtils - SqlSession [org.apache.ibatis.session.defaults.DefaultSqlSession@7a6d4300] was not registered for synchronization because synchronization is not active
2026-05-27 23:35:46.520 [http-nio-8081-exec-6] DEBUG o.m.s.t.SpringManagedTransaction - JDBC Connection [HikariProxyConnection@1189196839 wrapping com.mysql.cj.jdbc.ConnectionImpl@51f4e276] will not be managed by Spring
2026-05-27 23:35:46.520 [http-nio-8081-exec-6] DEBUG c.u.b.i.p.m.U.selectList - ==>  Preparing: SELECT id,user_uid,entity_code,role,auth_serial_no,proof_artifact_url,audit_status,is_active,remark,created_at,updated_at FROM user_auth_link WHERE (user_uid = ? AND is_active = ?) ORDER BY updated_at DESC LIMIT 1
2026-05-27 23:35:46.520 [http-nio-8081-exec-6] DEBUG c.u.b.i.p.m.U.selectList - ==> Parameters: US00000000001(String), 1(Integer)
2026-05-27 23:35:46.522 [http-nio-8081-exec-6] DEBUG c.u.b.i.p.m.U.selectList - <==      Total: 1
2026-05-27 23:35:46.522 [http-nio-8081-exec-6] DEBUG org.mybatis.spring.SqlSessionUtils - Closing non transactional SqlSession [org.apache.ibatis.session.defaults.DefaultSqlSession@7a6d4300]
2026-05-27 23:35:46.522 [http-nio-8081-exec-6] DEBUG org.mybatis.spring.SqlSessionUtils - Creating a new SqlSession
2026-05-27 23:35:46.522 [http-nio-8081-exec-6] DEBUG org.mybatis.spring.SqlSessionUtils - SqlSession [org.apache.ibatis.session.defaults.DefaultSqlSession@4095fe5f] was not registered for synchronization because synchronization is not active
2026-05-27 23:35:46.523 [http-nio-8081-exec-6] DEBUG o.m.s.t.SpringManagedTransaction - JDBC Connection [HikariProxyConnection@1357955086 wrapping com.mysql.cj.jdbc.ConnectionImpl@51f4e276] will not be managed by Spring
2026-05-27 23:35:46.523 [http-nio-8081-exec-6] DEBUG c.u.b.i.p.m.C.selectList - ==>  Preparing: SELECT id,entity_code,name,location,type,logo_url,banner_url,intro,announcement,created_at,updated_at FROM entity_profile WHERE (entity_code = ?) LIMIT 1
2026-05-27 23:35:46.523 [http-nio-8081-exec-6] DEBUG c.u.b.i.p.m.C.selectList - ==> Parameters: 10598(String)
2026-05-27 23:35:46.525 [http-nio-8081-exec-6] DEBUG c.u.b.i.p.m.C.selectList - <==      Total: 1
2026-05-27 23:35:46.525 [http-nio-8081-exec-6] DEBUG org.mybatis.spring.SqlSessionUtils - Closing non transactional SqlSession [org.apache.ibatis.session.defaults.DefaultSqlSession@4095fe5f]
2026-05-27 23:35:46.525 [http-nio-8081-exec-6] DEBUG org.mybatis.spring.SqlSessionUtils - Creating a new SqlSession
2026-05-27 23:35:46.525 [http-nio-8081-exec-6] DEBUG org.mybatis.spring.SqlSessionUtils - SqlSession [org.apache.ibatis.session.defaults.DefaultSqlSession@15aa7465] was not registered for synchronization because synchronization is not active
2026-05-27 23:35:46.526 [http-nio-8081-exec-6] DEBUG o.m.s.t.SpringManagedTransaction - JDBC Connection [HikariProxyConnection@2049050505 wrapping com.mysql.cj.jdbc.ConnectionImpl@51f4e276] will not be managed by Spring
2026-05-27 23:35:46.526 [http-nio-8081-exec-6] DEBUG c.u.b.i.p.m.C.selectList - ==>  Preparing: SELECT id,project_uid,extended_uid,category,recruitment_type,owner_uid,team_uid,title,preview,editor_type,description,tags,duration,team_size,deadline,level,status,published_at,created_at,updated_at FROM project WHERE (status IN (?,?,?)) ORDER BY published_at DESC,created_at DESC LIMIT 400
2026-05-27 23:35:46.527 [http-nio-8081-exec-6] DEBUG c.u.b.i.p.m.C.selectList - ==> Parameters: CLOSED(String), ONGOING(String), OPEN(String)
2026-05-27 23:35:46.531 [http-nio-8081-exec-6] DEBUG c.u.b.i.p.m.C.selectList - <==      Total: 4
2026-05-27 23:35:46.532 [http-nio-8081-exec-6] DEBUG org.mybatis.spring.SqlSessionUtils - Closing non transactional SqlSession [org.apache.ibatis.session.defaults.DefaultSqlSession@15aa7465]
2026-05-27 23:35:46.533 [http-nio-8081-exec-6] DEBUG org.mybatis.spring.SqlSessionUtils - Creating a new SqlSession
2026-05-27 23:35:46.533 [http-nio-8081-exec-6] DEBUG org.mybatis.spring.SqlSessionUtils - SqlSession [org.apache.ibatis.session.defaults.DefaultSqlSession@6f09cd96] was not registered for synchronization because synchronization is not active
2026-05-27 23:35:46.533 [http-nio-8081-exec-6] DEBUG o.m.s.t.SpringManagedTransaction - JDBC Connection [HikariProxyConnection@700876110 wrapping com.mysql.cj.jdbc.ConnectionImpl@51f4e276] will not be managed by Spring
2026-05-27 23:35:46.533 [http-nio-8081-exec-6] DEBUG c.u.b.i.p.m.U.selectList - ==>  Preparing: SELECT id,user_uid,entity_code,role,auth_serial_no,proof_artifact_url,audit_status,is_active,remark,created_at,updated_at FROM user_auth_link WHERE (user_uid = ? AND is_active = ?) ORDER BY updated_at DESC LIMIT 1
2026-05-27 23:35:46.534 [http-nio-8081-exec-6] DEBUG c.u.b.i.p.m.U.selectList - ==> Parameters: US00000000002(String), 1(Integer)
2026-05-27 23:35:46.536 [http-nio-8081-exec-6] DEBUG c.u.b.i.p.m.U.selectList - <==      Total: 1
2026-05-27 23:35:46.536 [http-nio-8081-exec-6] DEBUG org.mybatis.spring.SqlSessionUtils - Closing non transactional SqlSession [org.apache.ibatis.session.defaults.DefaultSqlSession@6f09cd96]
2026-05-27 23:35:46.537 [http-nio-8081-exec-6] DEBUG org.mybatis.spring.SqlSessionUtils - Creating a new SqlSession
2026-05-27 23:35:46.537 [http-nio-8081-exec-6] DEBUG org.mybatis.spring.SqlSessionUtils - SqlSession [org.apache.ibatis.session.defaults.DefaultSqlSession@4d7b4e65] was not registered for synchronization because synchronization is not active
2026-05-27 23:35:46.537 [http-nio-8081-exec-6] DEBUG o.m.s.t.SpringManagedTransaction - JDBC Connection [HikariProxyConnection@1824476961 wrapping com.mysql.cj.jdbc.ConnectionImpl@51f4e276] will not be managed by Spring
2026-05-27 23:35:46.537 [http-nio-8081-exec-6] DEBUG c.u.b.i.p.m.C.selectList - ==>  Preparing: SELECT id,entity_code,name,location,type,logo_url,banner_url,intro,announcement,created_at,updated_at FROM entity_profile WHERE (entity_code = ?) LIMIT 1
2026-05-27 23:35:46.538 [http-nio-8081-exec-6] DEBUG c.u.b.i.p.m.C.selectList - ==> Parameters: 10598(String)
2026-05-27 23:35:46.539 [http-nio-8081-exec-6] DEBUG c.u.b.i.p.m.C.selectList - <==      Total: 1
2026-05-27 23:35:46.539 [http-nio-8081-exec-6] DEBUG org.mybatis.spring.SqlSessionUtils - Closing non transactional SqlSession [org.apache.ibatis.session.defaults.DefaultSqlSession@4d7b4e65]
2026-05-27 23:35:46.540 [http-nio-8081-exec-6] DEBUG org.mybatis.spring.SqlSessionUtils - Creating a new SqlSession
2026-05-27 23:35:46.540 [http-nio-8081-exec-6] DEBUG org.mybatis.spring.SqlSessionUtils - SqlSession [org.apache.ibatis.session.defaults.DefaultSqlSession@24a43bc5] was not registered for synchronization because synchronization is not active
2026-05-27 23:35:46.541 [http-nio-8081-exec-6] DEBUG o.m.s.t.SpringManagedTransaction - JDBC Connection [HikariProxyConnection@867909970 wrapping com.mysql.cj.jdbc.ConnectionImpl@51f4e276] will not be managed by Spring
2026-05-27 23:35:46.541 [http-nio-8081-exec-6] DEBUG c.u.b.i.p.m.U.selectList - ==>  Preparing: SELECT id,user_uid,entity_code,role,auth_serial_no,proof_artifact_url,audit_status,is_active,remark,created_at,updated_at FROM user_auth_link WHERE (user_uid = ? AND is_active = ?) ORDER BY updated_at DESC LIMIT 1
2026-05-27 23:35:46.541 [http-nio-8081-exec-6] DEBUG c.u.b.i.p.m.U.selectList - ==> Parameters: US00000000003(String), 1(Integer)
2026-05-27 23:35:46.544 [http-nio-8081-exec-6] DEBUG c.u.b.i.p.m.U.selectList - <==      Total: 1
2026-05-27 23:35:46.544 [http-nio-8081-exec-6] DEBUG org.mybatis.spring.SqlSessionUtils - Closing non transactional SqlSession [org.apache.ibatis.session.defaults.DefaultSqlSession@24a43bc5]
2026-05-27 23:35:46.545 [http-nio-8081-exec-6] DEBUG org.mybatis.spring.SqlSessionUtils - Creating a new SqlSession
2026-05-27 23:35:46.545 [http-nio-8081-exec-6] DEBUG org.mybatis.spring.SqlSessionUtils - SqlSession [org.apache.ibatis.session.defaults.DefaultSqlSession@267e77c0] was not registered for synchronization because synchronization is not active
2026-05-27 23:35:46.545 [http-nio-8081-exec-6] DEBUG o.m.s.t.SpringManagedTransaction - JDBC Connection [HikariProxyConnection@595663577 wrapping com.mysql.cj.jdbc.ConnectionImpl@51f4e276] will not be managed by Spring
2026-05-27 23:35:46.545 [http-nio-8081-exec-6] DEBUG c.u.b.i.p.m.C.selectList - ==>  Preparing: SELECT id,entity_code,name,location,type,logo_url,banner_url,intro,announcement,created_at,updated_at FROM entity_profile WHERE (entity_code = ?) LIMIT 1
2026-05-27 23:35:46.546 [http-nio-8081-exec-6] DEBUG c.u.b.i.p.m.C.selectList - ==> Parameters: 91440300708461136T(String)
2026-05-27 23:35:46.547 [http-nio-8081-exec-6] DEBUG c.u.b.i.p.m.C.selectList - <==      Total: 1
2026-05-27 23:35:46.547 [http-nio-8081-exec-6] DEBUG org.mybatis.spring.SqlSessionUtils - Closing non transactional SqlSession [org.apache.ibatis.session.defaults.DefaultSqlSession@267e77c0]
2026-05-27 23:35:46.548 [http-nio-8081-exec-6] DEBUG org.mybatis.spring.SqlSessionUtils - Creating a new SqlSession
2026-05-27 23:35:46.548 [http-nio-8081-exec-6] DEBUG org.mybatis.spring.SqlSessionUtils - SqlSession [org.apache.ibatis.session.defaults.DefaultSqlSession@317be0ec] was not registered for synchronization because synchronization is not active
2026-05-27 23:35:46.549 [http-nio-8081-exec-6] DEBUG o.m.s.t.SpringManagedTransaction - JDBC Connection [HikariProxyConnection@1684947316 wrapping com.mysql.cj.jdbc.ConnectionImpl@51f4e276] will not be managed by Spring
2026-05-27 23:35:46.549 [http-nio-8081-exec-6] DEBUG c.u.b.i.p.m.U.selectList - ==>  Preparing: SELECT id,user_uid,entity_code,role,auth_serial_no,proof_artifact_url,audit_status,is_active,remark,created_at,updated_at FROM user_auth_link WHERE (user_uid = ? AND is_active = ?) ORDER BY updated_at DESC LIMIT 1
2026-05-27 23:35:46.549 [http-nio-8081-exec-6] DEBUG c.u.b.i.p.m.U.selectList - ==> Parameters: US00000000003(String), 1(Integer)
2026-05-27 23:35:46.551 [http-nio-8081-exec-6] DEBUG c.u.b.i.p.m.U.selectList - <==      Total: 1
2026-05-27 23:35:46.551 [http-nio-8081-exec-6] DEBUG org.mybatis.spring.SqlSessionUtils - Closing non transactional SqlSession [org.apache.ibatis.session.defaults.DefaultSqlSession@317be0ec]
2026-05-27 23:35:46.552 [http-nio-8081-exec-6] DEBUG org.mybatis.spring.SqlSessionUtils - Creating a new SqlSession
2026-05-27 23:35:46.552 [http-nio-8081-exec-6] DEBUG org.mybatis.spring.SqlSessionUtils - SqlSession [org.apache.ibatis.session.defaults.DefaultSqlSession@4ebbc714] was not registered for synchronization because synchronization is not active
2026-05-27 23:35:46.553 [http-nio-8081-exec-6] DEBUG o.m.s.t.SpringManagedTransaction - JDBC Connection [HikariProxyConnection@547955375 wrapping com.mysql.cj.jdbc.ConnectionImpl@51f4e276] will not be managed by Spring
2026-05-27 23:35:46.553 [http-nio-8081-exec-6] DEBUG c.u.b.i.p.m.C.selectList - ==>  Preparing: SELECT id,entity_code,name,location,type,logo_url,banner_url,intro,announcement,created_at,updated_at FROM entity_profile WHERE (entity_code = ?) LIMIT 1
2026-05-27 23:35:46.553 [http-nio-8081-exec-6] DEBUG c.u.b.i.p.m.C.selectList - ==> Parameters: 91440300708461136T(String)
2026-05-27 23:35:46.555 [http-nio-8081-exec-6] DEBUG c.u.b.i.p.m.C.selectList - <==      Total: 1
2026-05-27 23:35:46.555 [http-nio-8081-exec-6] DEBUG org.mybatis.spring.SqlSessionUtils - Closing non transactional SqlSession [org.apache.ibatis.session.defaults.DefaultSqlSession@4ebbc714]
2026-05-27 23:35:46.556 [http-nio-8081-exec-6] DEBUG org.mybatis.spring.SqlSessionUtils - Creating a new SqlSession
2026-05-27 23:35:46.556 [http-nio-8081-exec-6] DEBUG org.mybatis.spring.SqlSessionUtils - SqlSession [org.apache.ibatis.session.defaults.DefaultSqlSession@6f56295e] was not registered for synchronization because synchronization is not active
2026-05-27 23:35:46.556 [http-nio-8081-exec-6] DEBUG o.m.s.t.SpringManagedTransaction - JDBC Connection [HikariProxyConnection@2143670471 wrapping com.mysql.cj.jdbc.ConnectionImpl@51f4e276] will not be managed by Spring
2026-05-27 23:35:46.556 [http-nio-8081-exec-6] DEBUG c.u.b.i.p.m.U.selectList - ==>  Preparing: SELECT id,user_uid,entity_code,role,auth_serial_no,proof_artifact_url,audit_status,is_active,remark,created_at,updated_at FROM user_auth_link WHERE (user_uid = ? AND is_active = ?) ORDER BY updated_at DESC LIMIT 1
2026-05-27 23:35:46.557 [http-nio-8081-exec-6] DEBUG c.u.b.i.p.m.U.selectList - ==> Parameters: US00000000003(String), 1(Integer)
2026-05-27 23:35:46.559 [http-nio-8081-exec-6] DEBUG c.u.b.i.p.m.U.selectList - <==      Total: 1
2026-05-27 23:35:46.559 [http-nio-8081-exec-6] DEBUG org.mybatis.spring.SqlSessionUtils - Closing non transactional SqlSession [org.apache.ibatis.session.defaults.DefaultSqlSession@6f56295e]
2026-05-27 23:35:46.560 [http-nio-8081-exec-6] DEBUG org.mybatis.spring.SqlSessionUtils - Creating a new SqlSession
2026-05-27 23:35:46.560 [http-nio-8081-exec-6] DEBUG org.mybatis.spring.SqlSessionUtils - SqlSession [org.apache.ibatis.session.defaults.DefaultSqlSession@2bfa61cd] was not registered for synchronization because synchronization is not active
2026-05-27 23:35:46.561 [http-nio-8081-exec-6] DEBUG o.m.s.t.SpringManagedTransaction - JDBC Connection [HikariProxyConnection@2053689245 wrapping com.mysql.cj.jdbc.ConnectionImpl@51f4e276] will not be managed by Spring
2026-05-27 23:35:46.561 [http-nio-8081-exec-6] DEBUG c.u.b.i.p.m.C.selectList - ==>  Preparing: SELECT id,entity_code,name,location,type,logo_url,banner_url,intro,announcement,created_at,updated_at FROM entity_profile WHERE (entity_code = ?) LIMIT 1
2026-05-27 23:35:46.561 [http-nio-8081-exec-6] DEBUG c.u.b.i.p.m.C.selectList - ==> Parameters: 91440300708461136T(String)
2026-05-27 23:35:46.563 [http-nio-8081-exec-6] DEBUG c.u.b.i.p.m.C.selectList - <==      Total: 1
2026-05-27 23:35:46.563 [http-nio-8081-exec-6] DEBUG org.mybatis.spring.SqlSessionUtils - Closing non transactional SqlSession [org.apache.ibatis.session.defaults.DefaultSqlSession@2bfa61cd]
2026-05-27 23:35:46.564 [http-nio-8081-exec-6] DEBUG c.u.b.d.f.FeedRecommendationService - Home feed computed: userUid=anonymous, notes=5, projects=4
2026-05-27 23:35:46.566 [http-nio-8081-exec-6] INFO  c.u.b.i.c.ApiRequestLoggingFilter - [API] GET /api/v1/client/feed/home -> 200 (183 ms) ip=127.0.0.1 location=局域网
2026-05-27 23:35:46.569 [http-nio-8081-exec-1] DEBUG c.u.b.i.config.IpLocationInterceptor - IP属地解析: ip=127.0.0.1, location=局域网, uri=/api/v1/client/feed/home
2026-05-27 23:35:46.572 [http-nio-8081-exec-1] INFO  c.u.b.i.c.ApiRequestLoggingFilter - [API] GET /api/v1/client/feed/home -> 200 (4 ms) ip=127.0.0.1 location=局域网
2026-05-27 23:35:52.811 [http-nio-8081-exec-3] DEBUG c.u.b.i.config.IpLocationInterceptor - IP属地解析: ip=127.0.0.1, location=局域网, uri=/api/v1/client/auth/personal/sms/send
2026-05-27 23:35:52.812 [http-nio-8081-exec-3] INFO  c.u.b.i.c.ApiRequestLoggingFilter - [API] OPTIONS /api/v1/client/auth/personal/sms/send -> 200 (3 ms) ip=127.0.0.1 location=局域网
2026-05-27 23:35:52.817 [http-nio-8081-exec-4] DEBUG c.u.b.i.config.IpLocationInterceptor - IP属地解析: ip=127.0.0.1, location=局域网, uri=/api/v1/client/auth/personal/sms/send
2026-05-27 23:35:52.825 [http-nio-8081-exec-4] INFO  c.u.backend.domain.auth.AuthService - [ClientAuth] send code channel=sms, account=13800001002, code=987549, bizType=login
2026-05-27 23:35:52.834 [http-nio-8081-exec-4] INFO  c.u.b.i.c.ApiRequestLoggingFilter - [API] POST /api/v1/client/auth/personal/sms/send -> 200 (18 ms) ip=127.0.0.1 location=局域网
2026-05-27 23:36:53.055 [main] INFO  c.u.b.UnibridgeBackendApplication - Starting UnibridgeBackendApplication using Java 21.0.4 with PID 37260 (D:\UnibridgeBackend\target\classes started by wumingwuyou in D:\UnibridgeBackend)
2026-05-27 23:36:53.057 [main] DEBUG c.u.b.UnibridgeBackendApplication - Running with Spring Boot v3.5.13, Spring v6.2.17
2026-05-27 23:36:53.058 [main] INFO  c.u.b.UnibridgeBackendApplication - The following 1 profile is active: "dev"
2026-05-27 23:36:54.485 [main] DEBUG o.apache.ibatis.logging.LogFactory - Logging initialized using 'class org.apache.ibatis.logging.slf4j.Slf4jImpl' adapter.
2026-05-27 23:36:54.491 [main] DEBUG o.m.s.mapper.ClassPathMapperScanner - Identified candidate component class: file [D:\UnibridgeBackend\target\classes\com\unibridge\backend\infrastructure\persistence\mapper\AchievementArchiveMapper.class]
2026-05-27 23:36:54.492 [main] DEBUG o.m.s.mapper.ClassPathMapperScanner - Identified candidate component class: file [D:\UnibridgeBackend\target\classes\com\unibridge\backend\infrastructure\persistence\mapper\ClientEntityMapper.class]
2026-05-27 23:36:54.492 [main] DEBUG o.m.s.mapper.ClassPathMapperScanner - Identified candidate component class: file [D:\UnibridgeBackend\target\classes\com\unibridge\backend\infrastructure\persistence\mapper\ClientEntityProfileMapper.class]
2026-05-27 23:36:54.492 [main] DEBUG o.m.s.mapper.ClassPathMapperScanner - Identified candidate component class: file [D:\UnibridgeBackend\target\classes\com\unibridge\backend\infrastructure\persistence\mapper\ClientNoteMapper.class]
2026-05-27 23:36:54.492 [main] DEBUG o.m.s.mapper.ClassPathMapperScanner - Identified candidate component class: file [D:\UnibridgeBackend\target\classes\com\unibridge\backend\infrastructure\persistence\mapper\ClientProjectCommercialSecretMapper.class]
2026-05-27 23:36:54.492 [main] DEBUG o.m.s.mapper.ClassPathMapperScanner - Identified candidate component class: file [D:\UnibridgeBackend\target\classes\com\unibridge\backend\infrastructure\persistence\mapper\ClientProjectMapper.class]
2026-05-27 23:36:54.492 [main] DEBUG o.m.s.mapper.ClassPathMapperScanner - Identified candidate component class: file [D:\UnibridgeBackend\target\classes\com\unibridge\backend\infrastructure\persistence\mapper\ClientTeamMapper.class]
2026-05-27 23:36:54.492 [main] DEBUG o.m.s.mapper.ClassPathMapperScanner - Identified candidate component class: file [D:\UnibridgeBackend\target\classes\com\unibridge\backend\infrastructure\persistence\mapper\ClientTeamMemberMapper.class]
2026-05-27 23:36:54.492 [main] DEBUG o.m.s.mapper.ClassPathMapperScanner - Identified candidate component class: file [D:\UnibridgeBackend\target\classes\com\unibridge\backend\infrastructure\persistence\mapper\ClientUserMapper.class]
2026-05-27 23:36:54.492 [main] DEBUG o.m.s.mapper.ClassPathMapperScanner - Identified candidate component class: file [D:\UnibridgeBackend\target\classes\com\unibridge\backend\infrastructure\persistence\mapper\ClientUserProfileMapper.class]
2026-05-27 23:36:54.492 [main] DEBUG o.m.s.mapper.ClassPathMapperScanner - Identified candidate component class: file [D:\UnibridgeBackend\target\classes\com\unibridge\backend\infrastructure\persistence\mapper\EntityMapper.class]
2026-05-27 23:36:54.492 [main] DEBUG o.m.s.mapper.ClassPathMapperScanner - Identified candidate component class: file [D:\UnibridgeBackend\target\classes\com\unibridge\backend\infrastructure\persistence\mapper\SysCreditLogMapper.class]
2026-05-27 23:36:54.493 [main] DEBUG o.m.s.mapper.ClassPathMapperScanner - Identified candidate component class: file [D:\UnibridgeBackend\target\classes\com\unibridge\backend\infrastructure\persistence\mapper\SysCreditProfileMapper.class]
2026-05-27 23:36:54.493 [main] DEBUG o.m.s.mapper.ClassPathMapperScanner - Identified candidate component class: file [D:\UnibridgeBackend\target\classes\com\unibridge\backend\infrastructure\persistence\mapper\SysEntityTotpCredentialsMapper.class]
2026-05-27 23:36:54.493 [main] DEBUG o.m.s.mapper.ClassPathMapperScanner - Identified candidate component class: file [D:\UnibridgeBackend\target\classes\com\unibridge\backend\infrastructure\persistence\mapper\UserAuthLinkMapper.class]
2026-05-27 23:36:54.493 [main] DEBUG o.m.s.mapper.ClassPathMapperScanner - Identified candidate component class: file [D:\UnibridgeBackend\target\classes\com\unibridge\backend\infrastructure\persistence\mapper\UserContentInteractionMapper.class]
2026-05-27 23:36:54.493 [main] DEBUG o.m.s.mapper.ClassPathMapperScanner - Identified candidate component class: file [D:\UnibridgeBackend\target\classes\com\unibridge\backend\infrastructure\persistence\mapper\UserProfileMapper.class]
2026-05-27 23:36:54.493 [main] DEBUG o.m.s.mapper.ClassPathMapperScanner - Identified candidate component class: file [D:\UnibridgeBackend\target\classes\com\unibridge\backend\infrastructure\persistence\mapper\UserTagInterestMapper.class]
2026-05-27 23:36:54.495 [main] DEBUG o.m.s.mapper.ClassPathMapperScanner - Identified candidate component class: file [D:\UnibridgeBackend\target\classes\com\unibridge\backend\infrastructure\media\mapper\FileRecordMapper.class]
2026-05-27 23:36:54.496 [main] DEBUG o.m.s.mapper.ClassPathMapperScanner - Identified candidate component class: file [D:\UnibridgeBackend\target\classes\com\unibridge\backend\domain\admin\mapper\SystemAdminMapper.class]
2026-05-27 23:36:54.498 [main] DEBUG o.m.s.mapper.ClassPathMapperScanner - Creating MapperFactoryBean with name 'achievementArchiveMapper' and 'com.unibridge.backend.infrastructure.persistence.mapper.AchievementArchiveMapper' mapperInterface
2026-05-27 23:36:54.503 [main] DEBUG o.m.s.mapper.ClassPathMapperScanner - Enabling autowire by type for MapperFactoryBean with name 'achievementArchiveMapper'.
2026-05-27 23:36:54.503 [main] DEBUG o.m.s.mapper.ClassPathMapperScanner - Creating MapperFactoryBean with name 'clientEntityMapper' and 'com.unibridge.backend.infrastructure.persistence.mapper.ClientEntityMapper' mapperInterface
2026-05-27 23:36:54.505 [main] DEBUG o.m.s.mapper.ClassPathMapperScanner - Enabling autowire by type for MapperFactoryBean with name 'clientEntityMapper'.
2026-05-27 23:36:54.505 [main] DEBUG o.m.s.mapper.ClassPathMapperScanner - Creating MapperFactoryBean with name 'clientEntityProfileMapper' and 'com.unibridge.backend.infrastructure.persistence.mapper.ClientEntityProfileMapper' mapperInterface
2026-05-27 23:36:54.506 [main] DEBUG o.m.s.mapper.ClassPathMapperScanner - Enabling autowire by type for MapperFactoryBean with name 'clientEntityProfileMapper'.
2026-05-27 23:36:54.506 [main] DEBUG o.m.s.mapper.ClassPathMapperScanner - Creating MapperFactoryBean with name 'clientNoteMapper' and 'com.unibridge.backend.infrastructure.persistence.mapper.ClientNoteMapper' mapperInterface
2026-05-27 23:36:54.507 [main] DEBUG o.m.s.mapper.ClassPathMapperScanner - Enabling autowire by type for MapperFactoryBean with name 'clientNoteMapper'.
2026-05-27 23:36:54.507 [main] DEBUG o.m.s.mapper.ClassPathMapperScanner - Creating MapperFactoryBean with name 'clientProjectCommercialSecretMapper' and 'com.unibridge.backend.infrastructure.persistence.mapper.ClientProjectCommercialSecretMapper' mapperInterface
2026-05-27 23:36:54.508 [main] DEBUG o.m.s.mapper.ClassPathMapperScanner - Enabling autowire by type for MapperFactoryBean with name 'clientProjectCommercialSecretMapper'.
2026-05-27 23:36:54.508 [main] DEBUG o.m.s.mapper.ClassPathMapperScanner - Creating MapperFactoryBean with name 'clientProjectMapper' and 'com.unibridge.backend.infrastructure.persistence.mapper.ClientProjectMapper' mapperInterface
2026-05-27 23:36:54.509 [main] DEBUG o.m.s.mapper.ClassPathMapperScanner - Enabling autowire by type for MapperFactoryBean with name 'clientProjectMapper'.
2026-05-27 23:36:54.509 [main] DEBUG o.m.s.mapper.ClassPathMapperScanner - Creating MapperFactoryBean with name 'clientTeamMapper' and 'com.unibridge.backend.infrastructure.persistence.mapper.ClientTeamMapper' mapperInterface
2026-05-27 23:36:54.510 [main] DEBUG o.m.s.mapper.ClassPathMapperScanner - Enabling autowire by type for MapperFactoryBean with name 'clientTeamMapper'.
2026-05-27 23:36:54.510 [main] DEBUG o.m.s.mapper.ClassPathMapperScanner - Creating MapperFactoryBean with name 'clientTeamMemberMapper' and 'com.unibridge.backend.infrastructure.persistence.mapper.ClientTeamMemberMapper' mapperInterface
2026-05-27 23:36:54.511 [main] DEBUG o.m.s.mapper.ClassPathMapperScanner - Enabling autowire by type for MapperFactoryBean with name 'clientTeamMemberMapper'.
2026-05-27 23:36:54.511 [main] DEBUG o.m.s.mapper.ClassPathMapperScanner - Creating MapperFactoryBean with name 'clientUserMapper' and 'com.unibridge.backend.infrastructure.persistence.mapper.ClientUserMapper' mapperInterface
2026-05-27 23:36:54.512 [main] DEBUG o.m.s.mapper.ClassPathMapperScanner - Enabling autowire by type for MapperFactoryBean with name 'clientUserMapper'.
2026-05-27 23:36:54.512 [main] DEBUG o.m.s.mapper.ClassPathMapperScanner - Creating MapperFactoryBean with name 'clientUserProfileMapper' and 'com.unibridge.backend.infrastructure.persistence.mapper.ClientUserProfileMapper' mapperInterface
2026-05-27 23:36:54.513 [main] DEBUG o.m.s.mapper.ClassPathMapperScanner - Enabling autowire by type for MapperFactoryBean with name 'clientUserProfileMapper'.
2026-05-27 23:36:54.513 [main] DEBUG o.m.s.mapper.ClassPathMapperScanner - Creating MapperFactoryBean with name 'entityMapper' and 'com.unibridge.backend.infrastructure.persistence.mapper.EntityMapper' mapperInterface
2026-05-27 23:36:54.514 [main] DEBUG o.m.s.mapper.ClassPathMapperScanner - Enabling autowire by type for MapperFactoryBean with name 'entityMapper'.
2026-05-27 23:36:54.514 [main] DEBUG o.m.s.mapper.ClassPathMapperScanner - Creating MapperFactoryBean with name 'sysCreditLogMapper' and 'com.unibridge.backend.infrastructure.persistence.mapper.SysCreditLogMapper' mapperInterface
2026-05-27 23:36:54.515 [main] DEBUG o.m.s.mapper.ClassPathMapperScanner - Enabling autowire by type for MapperFactoryBean with name 'sysCreditLogMapper'.
2026-05-27 23:36:54.515 [main] DEBUG o.m.s.mapper.ClassPathMapperScanner - Creating MapperFactoryBean with name 'sysCreditProfileMapper' and 'com.unibridge.backend.infrastructure.persistence.mapper.SysCreditProfileMapper' mapperInterface
2026-05-27 23:36:54.516 [main] DEBUG o.m.s.mapper.ClassPathMapperScanner - Enabling autowire by type for MapperFactoryBean with name 'sysCreditProfileMapper'.
2026-05-27 23:36:54.516 [main] DEBUG o.m.s.mapper.ClassPathMapperScanner - Creating MapperFactoryBean with name 'sysEntityTotpCredentialsMapper' and 'com.unibridge.backend.infrastructure.persistence.mapper.SysEntityTotpCredentialsMapper' mapperInterface
2026-05-27 23:36:54.516 [main] DEBUG o.m.s.mapper.ClassPathMapperScanner - Enabling autowire by type for MapperFactoryBean with name 'sysEntityTotpCredentialsMapper'.
2026-05-27 23:36:54.517 [main] DEBUG o.m.s.mapper.ClassPathMapperScanner - Creating MapperFactoryBean with name 'userAuthLinkMapper' and 'com.unibridge.backend.infrastructure.persistence.mapper.UserAuthLinkMapper' mapperInterface
2026-05-27 23:36:54.517 [main] DEBUG o.m.s.mapper.ClassPathMapperScanner - Enabling autowire by type for MapperFactoryBean with name 'userAuthLinkMapper'.
2026-05-27 23:36:54.517 [main] DEBUG o.m.s.mapper.ClassPathMapperScanner - Creating MapperFactoryBean with name 'userContentInteractionMapper' and 'com.unibridge.backend.infrastructure.persistence.mapper.UserContentInteractionMapper' mapperInterface
2026-05-27 23:36:54.519 [main] DEBUG o.m.s.mapper.ClassPathMapperScanner - Enabling autowire by type for MapperFactoryBean with name 'userContentInteractionMapper'.
2026-05-27 23:36:54.519 [main] DEBUG o.m.s.mapper.ClassPathMapperScanner - Creating MapperFactoryBean with name 'userProfileMapper' and 'com.unibridge.backend.infrastructure.persistence.mapper.UserProfileMapper' mapperInterface
2026-05-27 23:36:54.520 [main] DEBUG o.m.s.mapper.ClassPathMapperScanner - Enabling autowire by type for MapperFactoryBean with name 'userProfileMapper'.
2026-05-27 23:36:54.520 [main] DEBUG o.m.s.mapper.ClassPathMapperScanner - Creating MapperFactoryBean with name 'userTagInterestMapper' and 'com.unibridge.backend.infrastructure.persistence.mapper.UserTagInterestMapper' mapperInterface
2026-05-27 23:36:54.521 [main] DEBUG o.m.s.mapper.ClassPathMapperScanner - Enabling autowire by type for MapperFactoryBean with name 'userTagInterestMapper'.
2026-05-27 23:36:54.521 [main] DEBUG o.m.s.mapper.ClassPathMapperScanner - Creating MapperFactoryBean with name 'fileRecordMapper' and 'com.unibridge.backend.infrastructure.media.mapper.FileRecordMapper' mapperInterface
2026-05-27 23:36:54.522 [main] DEBUG o.m.s.mapper.ClassPathMapperScanner - Enabling autowire by type for MapperFactoryBean with name 'fileRecordMapper'.
2026-05-27 23:36:54.522 [main] DEBUG o.m.s.mapper.ClassPathMapperScanner - Creating MapperFactoryBean with name 'systemAdminMapper' and 'com.unibridge.backend.domain.admin.mapper.SystemAdminMapper' mapperInterface
2026-05-27 23:36:54.523 [main] DEBUG o.m.s.mapper.ClassPathMapperScanner - Enabling autowire by type for MapperFactoryBean with name 'systemAdminMapper'.
2026-05-27 23:36:55.358 [main] DEBUG c.u.b.i.s.u.UploadSecurityHeadersFilter - Filter 'uploadSecurityHeadersFilter' configured for use
2026-05-27 23:36:55.358 [main] DEBUG c.u.b.i.c.ApiRequestLoggingFilter - Filter 'apiRequestLoggingFilter' configured for use
2026-05-27 23:36:55.481 [main] DEBUG c.b.m.core.spi.CompatibleHelper - Load compatibleSet: com.baomidou.mybatisplus.extension.spi.SpringCompatibleSet@67688110
2026-05-27 23:36:55.557 [main] DEBUG c.b.m.e.s.MybatisSqlSessionFactoryBean - Property 'mapperLocations' was not specified.
2026-05-27 23:36:55.568 [main] DEBUG c.b.m.core.toolkit.Sequence - Get /10.161.196.120 network interface 
2026-05-27 23:36:55.569 [main] DEBUG c.b.m.core.toolkit.Sequence - Get network interface info: name:wireless_32768 (RZ608 Wi-Fi 6E 80MHz)
2026-05-27 23:36:55.583 [main] DEBUG c.b.m.core.toolkit.Sequence - Initialization Sequence datacenterId:31 workerId:10
2026-05-27 23:36:56.616 [main] INFO  c.u.b.i.config.IpRegionConfig - ip2region 已就绪：classpath:ip2region/ip2region.xdb，xdbSize=10641955 bytes
2026-05-27 23:36:57.047 [main] INFO  c.u.b.i.config.UploadConfig - Local upload static mapping enabled: [/uploads/**] -> [file:C:/Users/wumingwuyou/unibridge/uploads/]
2026-05-27 23:36:57.160 [main] INFO  c.b.m.e.s.MybatisPlusApplicationContextAware - Register ApplicationContext instances org.springframework.boot.web.servlet.context.AnnotationConfigServletWebServerApplicationContext@242aa8d9
2026-05-27 23:36:57.393 [main] INFO  c.u.b.UnibridgeBackendApplication - Started UnibridgeBackendApplication in 5.281 seconds (process running for 5.73)
2026-05-27 23:37:46.839 [http-nio-8081-exec-1] DEBUG c.u.b.i.config.IpLocationInterceptor - IP属地解析: ip=127.0.0.1, location=局域网, uri=/api/v1/client/auth/personal/sms/send
2026-05-27 23:37:46.999 [http-nio-8081-exec-1] INFO  c.u.backend.domain.auth.AuthService - [ClientAuth] send code channel=sms, account=13800001002, code=345993, bizType=login
2026-05-27 23:37:47.048 [http-nio-8081-exec-1] INFO  c.u.b.i.c.ApiRequestLoggingFilter - [API] POST /api/v1/client/auth/personal/sms/send -> 200 (270 ms) ip=127.0.0.1 location=局域网
2026-05-27 23:37:58.929 [http-nio-8081-exec-5] DEBUG c.u.b.i.config.IpLocationInterceptor - IP属地解析: ip=127.0.0.1, location=局域网, uri=/api/v1/client/auth/personal/login/sms
2026-05-27 23:37:58.935 [http-nio-8081-exec-5] INFO  c.u.b.i.c.ApiRequestLoggingFilter - [API] OPTIONS /api/v1/client/auth/personal/login/sms -> 200 (11 ms) ip=127.0.0.1 location=局域网
2026-05-27 23:37:58.943 [http-nio-8081-exec-2] DEBUG c.u.b.i.config.IpLocationInterceptor - IP属地解析: ip=127.0.0.1, location=局域网, uri=/api/v1/client/auth/personal/login/sms
2026-05-27 23:37:59.042 [http-nio-8081-exec-2] DEBUG org.mybatis.spring.SqlSessionUtils - Creating a new SqlSession
2026-05-27 23:37:59.056 [http-nio-8081-exec-2] DEBUG org.mybatis.spring.SqlSessionUtils - SqlSession [org.apache.ibatis.session.defaults.DefaultSqlSession@6068213c] was not registered for synchronization because synchronization is not active
2026-05-27 23:37:59.526 [http-nio-8081-exec-2] DEBUG o.m.s.t.SpringManagedTransaction - JDBC Connection [HikariProxyConnection@1359798069 wrapping com.mysql.cj.jdbc.ConnectionImpl@7c5ea5a8] will not be managed by Spring
2026-05-27 23:37:59.533 [http-nio-8081-exec-2] DEBUG c.u.b.i.p.m.C.selectList - ==>  Preparing: SELECT id,user_uid,phone,email,password_hash,account_status,account_status_changed_at,account_status_remark,last_login_at,created_at,updated_at FROM user WHERE (phone = ?)
2026-05-27 23:37:59.579 [http-nio-8081-exec-2] DEBUG c.u.b.i.p.m.C.selectList - ==> Parameters: 13800001002(String)
2026-05-27 23:37:59.622 [http-nio-8081-exec-2] DEBUG c.u.b.i.p.m.C.selectList - <==      Total: 1
2026-05-27 23:37:59.629 [http-nio-8081-exec-2] DEBUG org.mybatis.spring.SqlSessionUtils - Closing non transactional SqlSession [org.apache.ibatis.session.defaults.DefaultSqlSession@6068213c]
2026-05-27 23:37:59.633 [http-nio-8081-exec-2] DEBUG org.mybatis.spring.SqlSessionUtils - Creating a new SqlSession
2026-05-27 23:37:59.633 [http-nio-8081-exec-2] DEBUG org.mybatis.spring.SqlSessionUtils - SqlSession [org.apache.ibatis.session.defaults.DefaultSqlSession@5848ad20] was not registered for synchronization because synchronization is not active
2026-05-27 23:37:59.640 [http-nio-8081-exec-2] DEBUG o.m.s.t.SpringManagedTransaction - JDBC Connection [HikariProxyConnection@2117179890 wrapping com.mysql.cj.jdbc.ConnectionImpl@7c5ea5a8] will not be managed by Spring
2026-05-27 23:37:59.640 [http-nio-8081-exec-2] DEBUG c.u.b.i.p.m.ClientUserMapper.update - ==>  Preparing: UPDATE user SET last_login_at=? WHERE (user_uid = ?)
2026-05-27 23:37:59.643 [http-nio-8081-exec-2] DEBUG c.u.b.i.p.m.ClientUserMapper.update - ==> Parameters: 2026-05-27T23:37:59.631328500(LocalDateTime), US00000000002(String)
2026-05-27 23:37:59.659 [http-nio-8081-exec-2] DEBUG c.u.b.i.p.m.ClientUserMapper.update - <==    Updates: 1
2026-05-27 23:37:59.660 [http-nio-8081-exec-2] DEBUG org.mybatis.spring.SqlSessionUtils - Closing non transactional SqlSession [org.apache.ibatis.session.defaults.DefaultSqlSession@5848ad20]
2026-05-27 23:37:59.663 [http-nio-8081-exec-2] DEBUG org.mybatis.spring.SqlSessionUtils - Creating a new SqlSession
2026-05-27 23:37:59.664 [http-nio-8081-exec-2] DEBUG org.mybatis.spring.SqlSessionUtils - SqlSession [org.apache.ibatis.session.defaults.DefaultSqlSession@206d51db] was not registered for synchronization because synchronization is not active
2026-05-27 23:37:59.665 [http-nio-8081-exec-2] DEBUG o.m.s.t.SpringManagedTransaction - JDBC Connection [HikariProxyConnection@939040993 wrapping com.mysql.cj.jdbc.ConnectionImpl@7c5ea5a8] will not be managed by Spring
2026-05-27 23:37:59.666 [http-nio-8081-exec-2] DEBUG c.u.b.i.p.m.U.selectList - ==>  Preparing: SELECT id,user_uid,entity_code,role,auth_serial_no,proof_artifact_url,audit_status,is_active,remark,created_at,updated_at FROM user_auth_link WHERE (user_uid = ?) ORDER BY updated_at DESC LIMIT 1
2026-05-27 23:37:59.666 [http-nio-8081-exec-2] DEBUG c.u.b.i.p.m.U.selectList - ==> Parameters: US00000000002(String)
2026-05-27 23:37:59.678 [http-nio-8081-exec-2] DEBUG c.u.b.i.p.m.U.selectList - <==      Total: 1
2026-05-27 23:37:59.678 [http-nio-8081-exec-2] DEBUG org.mybatis.spring.SqlSessionUtils - Closing non transactional SqlSession [org.apache.ibatis.session.defaults.DefaultSqlSession@206d51db]
2026-05-27 23:37:59.734 [http-nio-8081-exec-2] INFO  c.u.b.i.c.ApiRequestLoggingFilter - [API] POST /api/v1/client/auth/personal/login/sms -> 200 (793 ms) ip=127.0.0.1 location=局域网
2026-05-27 23:37:59.757 [http-nio-8081-exec-3] DEBUG c.u.b.i.config.IpLocationInterceptor - IP属地解析: ip=127.0.0.1, location=局域网, uri=/api/v1/client/user-profile/menu
2026-05-27 23:37:59.810 [http-nio-8081-exec-3] DEBUG org.mybatis.spring.SqlSessionUtils - Creating a new SqlSession
2026-05-27 23:37:59.810 [http-nio-8081-exec-3] DEBUG org.mybatis.spring.SqlSessionUtils - SqlSession [org.apache.ibatis.session.defaults.DefaultSqlSession@17b1e941] was not registered for synchronization because synchronization is not active
2026-05-27 23:37:59.811 [http-nio-8081-exec-3] DEBUG o.m.s.t.SpringManagedTransaction - JDBC Connection [HikariProxyConnection@1981804824 wrapping com.mysql.cj.jdbc.ConnectionImpl@7c5ea5a8] will not be managed by Spring
2026-05-27 23:37:59.811 [http-nio-8081-exec-3] DEBUG c.u.b.i.p.m.C.selectList - ==>  Preparing: SELECT id,user_uid,phone,email,password_hash,account_status,account_status_changed_at,account_status_remark,last_login_at,created_at,updated_at FROM user WHERE (user_uid = ?) LIMIT 1
2026-05-27 23:37:59.812 [http-nio-8081-exec-3] DEBUG c.u.b.i.p.m.C.selectList - ==> Parameters: US00000000002(String)
2026-05-27 23:37:59.817 [http-nio-8081-exec-3] DEBUG c.u.b.i.p.m.C.selectList - <==      Total: 1
2026-05-27 23:37:59.817 [http-nio-8081-exec-3] DEBUG org.mybatis.spring.SqlSessionUtils - Closing non transactional SqlSession [org.apache.ibatis.session.defaults.DefaultSqlSession@17b1e941]
2026-05-27 23:37:59.819 [http-nio-8081-exec-3] DEBUG org.mybatis.spring.SqlSessionUtils - Creating a new SqlSession
2026-05-27 23:37:59.819 [http-nio-8081-exec-3] DEBUG org.mybatis.spring.SqlSessionUtils - SqlSession [org.apache.ibatis.session.defaults.DefaultSqlSession@166e1f3f] was not registered for synchronization because synchronization is not active
2026-05-27 23:37:59.820 [http-nio-8081-exec-3] DEBUG o.m.s.t.SpringManagedTransaction - JDBC Connection [HikariProxyConnection@527477723 wrapping com.mysql.cj.jdbc.ConnectionImpl@7c5ea5a8] will not be managed by Spring
2026-05-27 23:37:59.820 [http-nio-8081-exec-3] DEBUG c.u.b.i.p.m.C.selectList - ==>  Preparing: SELECT id,user_uid,nick_name,real_name,avatar_url,current_entity_name,level,bio_data,career_data,intro,announcement,created_at,updated_at FROM user_profile WHERE (user_uid = ?) LIMIT 1
2026-05-27 23:37:59.821 [http-nio-8081-exec-3] DEBUG c.u.b.i.p.m.C.selectList - ==> Parameters: US00000000002(String)
2026-05-27 23:37:59.826 [http-nio-8081-exec-3] DEBUG c.u.b.i.p.m.C.selectList - <==      Total: 1
2026-05-27 23:37:59.826 [http-nio-8081-exec-3] DEBUG org.mybatis.spring.SqlSessionUtils - Closing non transactional SqlSession [org.apache.ibatis.session.defaults.DefaultSqlSession@166e1f3f]
2026-05-27 23:37:59.830 [http-nio-8081-exec-3] INFO  c.u.b.i.c.ApiRequestLoggingFilter - [API] GET /api/v1/client/user-profile/menu?uid=US00000000002 -> 200 (75 ms) ip=127.0.0.1 location=局域网
2026-05-27 23:45:32.621 [main] INFO  c.u.b.UnibridgeBackendApplication - Starting UnibridgeBackendApplication using Java 21.0.4 with PID 38056 (D:\UnibridgeBackend\target\classes started by wumingwuyou in D:\UnibridgeBackend)
2026-05-27 23:45:32.623 [main] DEBUG c.u.b.UnibridgeBackendApplication - Running with Spring Boot v3.5.13, Spring v6.2.17
2026-05-27 23:45:32.624 [main] INFO  c.u.b.UnibridgeBackendApplication - The following 1 profile is active: "dev"
2026-05-27 23:45:34.051 [main] DEBUG o.apache.ibatis.logging.LogFactory - Logging initialized using 'class org.apache.ibatis.logging.slf4j.Slf4jImpl' adapter.
2026-05-27 23:45:34.056 [main] DEBUG o.m.s.mapper.ClassPathMapperScanner - Identified candidate component class: file [D:\UnibridgeBackend\target\classes\com\unibridge\backend\infrastructure\persistence\mapper\AchievementArchiveMapper.class]
2026-05-27 23:45:34.056 [main] DEBUG o.m.s.mapper.ClassPathMapperScanner - Identified candidate component class: file [D:\UnibridgeBackend\target\classes\com\unibridge\backend\infrastructure\persistence\mapper\ClientEntityMapper.class]
2026-05-27 23:45:34.057 [main] DEBUG o.m.s.mapper.ClassPathMapperScanner - Identified candidate component class: file [D:\UnibridgeBackend\target\classes\com\unibridge\backend\infrastructure\persistence\mapper\ClientEntityProfileMapper.class]
2026-05-27 23:45:34.057 [main] DEBUG o.m.s.mapper.ClassPathMapperScanner - Identified candidate component class: file [D:\UnibridgeBackend\target\classes\com\unibridge\backend\infrastructure\persistence\mapper\ClientNoteMapper.class]
2026-05-27 23:45:34.057 [main] DEBUG o.m.s.mapper.ClassPathMapperScanner - Identified candidate component class: file [D:\UnibridgeBackend\target\classes\com\unibridge\backend\infrastructure\persistence\mapper\ClientProjectCommercialSecretMapper.class]
2026-05-27 23:45:34.057 [main] DEBUG o.m.s.mapper.ClassPathMapperScanner - Identified candidate component class: file [D:\UnibridgeBackend\target\classes\com\unibridge\backend\infrastructure\persistence\mapper\ClientProjectMapper.class]
2026-05-27 23:45:34.057 [main] DEBUG o.m.s.mapper.ClassPathMapperScanner - Identified candidate component class: file [D:\UnibridgeBackend\target\classes\com\unibridge\backend\infrastructure\persistence\mapper\ClientTeamMapper.class]
2026-05-27 23:45:34.057 [main] DEBUG o.m.s.mapper.ClassPathMapperScanner - Identified candidate component class: file [D:\UnibridgeBackend\target\classes\com\unibridge\backend\infrastructure\persistence\mapper\ClientTeamMemberMapper.class]
2026-05-27 23:45:34.057 [main] DEBUG o.m.s.mapper.ClassPathMapperScanner - Identified candidate component class: file [D:\UnibridgeBackend\target\classes\com\unibridge\backend\infrastructure\persistence\mapper\ClientUserMapper.class]
2026-05-27 23:45:34.057 [main] DEBUG o.m.s.mapper.ClassPathMapperScanner - Identified candidate component class: file [D:\UnibridgeBackend\target\classes\com\unibridge\backend\infrastructure\persistence\mapper\ClientUserProfileMapper.class]
2026-05-27 23:45:34.057 [main] DEBUG o.m.s.mapper.ClassPathMapperScanner - Identified candidate component class: file [D:\UnibridgeBackend\target\classes\com\unibridge\backend\infrastructure\persistence\mapper\EntityMapper.class]
2026-05-27 23:45:34.057 [main] DEBUG o.m.s.mapper.ClassPathMapperScanner - Identified candidate component class: file [D:\UnibridgeBackend\target\classes\com\unibridge\backend\infrastructure\persistence\mapper\SysCreditLogMapper.class]
2026-05-27 23:45:34.057 [main] DEBUG o.m.s.mapper.ClassPathMapperScanner - Identified candidate component class: file [D:\UnibridgeBackend\target\classes\com\unibridge\backend\infrastructure\persistence\mapper\SysCreditProfileMapper.class]
2026-05-27 23:45:34.057 [main] DEBUG o.m.s.mapper.ClassPathMapperScanner - Identified candidate component class: file [D:\UnibridgeBackend\target\classes\com\unibridge\backend\infrastructure\persistence\mapper\SysEntityTotpCredentialsMapper.class]
2026-05-27 23:45:34.057 [main] DEBUG o.m.s.mapper.ClassPathMapperScanner - Identified candidate component class: file [D:\UnibridgeBackend\target\classes\com\unibridge\backend\infrastructure\persistence\mapper\UserAuthLinkMapper.class]
2026-05-27 23:45:34.057 [main] DEBUG o.m.s.mapper.ClassPathMapperScanner - Identified candidate component class: file [D:\UnibridgeBackend\target\classes\com\unibridge\backend\infrastructure\persistence\mapper\UserContentInteractionMapper.class]
2026-05-27 23:45:34.057 [main] DEBUG o.m.s.mapper.ClassPathMapperScanner - Identified candidate component class: file [D:\UnibridgeBackend\target\classes\com\unibridge\backend\infrastructure\persistence\mapper\UserProfileMapper.class]
2026-05-27 23:45:34.057 [main] DEBUG o.m.s.mapper.ClassPathMapperScanner - Identified candidate component class: file [D:\UnibridgeBackend\target\classes\com\unibridge\backend\infrastructure\persistence\mapper\UserTagInterestMapper.class]
2026-05-27 23:45:34.060 [main] DEBUG o.m.s.mapper.ClassPathMapperScanner - Identified candidate component class: file [D:\UnibridgeBackend\target\classes\com\unibridge\backend\infrastructure\media\mapper\FileRecordMapper.class]
2026-05-27 23:45:34.061 [main] DEBUG o.m.s.mapper.ClassPathMapperScanner - Identified candidate component class: file [D:\UnibridgeBackend\target\classes\com\unibridge\backend\domain\admin\mapper\SystemAdminMapper.class]
2026-05-27 23:45:34.062 [main] DEBUG o.m.s.mapper.ClassPathMapperScanner - Creating MapperFactoryBean with name 'achievementArchiveMapper' and 'com.unibridge.backend.infrastructure.persistence.mapper.AchievementArchiveMapper' mapperInterface
2026-05-27 23:45:34.066 [main] DEBUG o.m.s.mapper.ClassPathMapperScanner - Enabling autowire by type for MapperFactoryBean with name 'achievementArchiveMapper'.
2026-05-27 23:45:34.066 [main] DEBUG o.m.s.mapper.ClassPathMapperScanner - Creating MapperFactoryBean with name 'clientEntityMapper' and 'com.unibridge.backend.infrastructure.persistence.mapper.ClientEntityMapper' mapperInterface
2026-05-27 23:45:34.066 [main] DEBUG o.m.s.mapper.ClassPathMapperScanner - Enabling autowire by type for MapperFactoryBean with name 'clientEntityMapper'.
2026-05-27 23:45:34.067 [main] DEBUG o.m.s.mapper.ClassPathMapperScanner - Creating MapperFactoryBean with name 'clientEntityProfileMapper' and 'com.unibridge.backend.infrastructure.persistence.mapper.ClientEntityProfileMapper' mapperInterface
2026-05-27 23:45:34.067 [main] DEBUG o.m.s.mapper.ClassPathMapperScanner - Enabling autowire by type for MapperFactoryBean with name 'clientEntityProfileMapper'.
2026-05-27 23:45:34.067 [main] DEBUG o.m.s.mapper.ClassPathMapperScanner - Creating MapperFactoryBean with name 'clientNoteMapper' and 'com.unibridge.backend.infrastructure.persistence.mapper.ClientNoteMapper' mapperInterface
2026-05-27 23:45:34.068 [main] DEBUG o.m.s.mapper.ClassPathMapperScanner - Enabling autowire by type for MapperFactoryBean with name 'clientNoteMapper'.
2026-05-27 23:45:34.068 [main] DEBUG o.m.s.mapper.ClassPathMapperScanner - Creating MapperFactoryBean with name 'clientProjectCommercialSecretMapper' and 'com.unibridge.backend.infrastructure.persistence.mapper.ClientProjectCommercialSecretMapper' mapperInterface
2026-05-27 23:45:34.069 [main] DEBUG o.m.s.mapper.ClassPathMapperScanner - Enabling autowire by type for MapperFactoryBean with name 'clientProjectCommercialSecretMapper'.
2026-05-27 23:45:34.069 [main] DEBUG o.m.s.mapper.ClassPathMapperScanner - Creating MapperFactoryBean with name 'clientProjectMapper' and 'com.unibridge.backend.infrastructure.persistence.mapper.ClientProjectMapper' mapperInterface
2026-05-27 23:45:34.070 [main] DEBUG o.m.s.mapper.ClassPathMapperScanner - Enabling autowire by type for MapperFactoryBean with name 'clientProjectMapper'.
2026-05-27 23:45:34.070 [main] DEBUG o.m.s.mapper.ClassPathMapperScanner - Creating MapperFactoryBean with name 'clientTeamMapper' and 'com.unibridge.backend.infrastructure.persistence.mapper.ClientTeamMapper' mapperInterface
2026-05-27 23:45:34.071 [main] DEBUG o.m.s.mapper.ClassPathMapperScanner - Enabling autowire by type for MapperFactoryBean with name 'clientTeamMapper'.
2026-05-27 23:45:34.071 [main] DEBUG o.m.s.mapper.ClassPathMapperScanner - Creating MapperFactoryBean with name 'clientTeamMemberMapper' and 'com.unibridge.backend.infrastructure.persistence.mapper.ClientTeamMemberMapper' mapperInterface
2026-05-27 23:45:34.072 [main] DEBUG o.m.s.mapper.ClassPathMapperScanner - Enabling autowire by type for MapperFactoryBean with name 'clientTeamMemberMapper'.
2026-05-27 23:45:34.072 [main] DEBUG o.m.s.mapper.ClassPathMapperScanner - Creating MapperFactoryBean with name 'clientUserMapper' and 'com.unibridge.backend.infrastructure.persistence.mapper.ClientUserMapper' mapperInterface
2026-05-27 23:45:34.073 [main] DEBUG o.m.s.mapper.ClassPathMapperScanner - Enabling autowire by type for MapperFactoryBean with name 'clientUserMapper'.
2026-05-27 23:45:34.073 [main] DEBUG o.m.s.mapper.ClassPathMapperScanner - Creating MapperFactoryBean with name 'clientUserProfileMapper' and 'com.unibridge.backend.infrastructure.persistence.mapper.ClientUserProfileMapper' mapperInterface
2026-05-27 23:45:34.073 [main] DEBUG o.m.s.mapper.ClassPathMapperScanner - Enabling autowire by type for MapperFactoryBean with name 'clientUserProfileMapper'.
2026-05-27 23:45:34.073 [main] DEBUG o.m.s.mapper.ClassPathMapperScanner - Creating MapperFactoryBean with name 'entityMapper' and 'com.unibridge.backend.infrastructure.persistence.mapper.EntityMapper' mapperInterface
2026-05-27 23:45:34.074 [main] DEBUG o.m.s.mapper.ClassPathMapperScanner - Enabling autowire by type for MapperFactoryBean with name 'entityMapper'.
2026-05-27 23:45:34.074 [main] DEBUG o.m.s.mapper.ClassPathMapperScanner - Creating MapperFactoryBean with name 'sysCreditLogMapper' and 'com.unibridge.backend.infrastructure.persistence.mapper.SysCreditLogMapper' mapperInterface
2026-05-27 23:45:34.075 [main] DEBUG o.m.s.mapper.ClassPathMapperScanner - Enabling autowire by type for MapperFactoryBean with name 'sysCreditLogMapper'.
2026-05-27 23:45:34.075 [main] DEBUG o.m.s.mapper.ClassPathMapperScanner - Creating MapperFactoryBean with name 'sysCreditProfileMapper' and 'com.unibridge.backend.infrastructure.persistence.mapper.SysCreditProfileMapper' mapperInterface
2026-05-27 23:45:34.076 [main] DEBUG o.m.s.mapper.ClassPathMapperScanner - Enabling autowire by type for MapperFactoryBean with name 'sysCreditProfileMapper'.
2026-05-27 23:45:34.076 [main] DEBUG o.m.s.mapper.ClassPathMapperScanner - Creating MapperFactoryBean with name 'sysEntityTotpCredentialsMapper' and 'com.unibridge.backend.infrastructure.persistence.mapper.SysEntityTotpCredentialsMapper' mapperInterface
2026-05-27 23:45:34.077 [main] DEBUG o.m.s.mapper.ClassPathMapperScanner - Enabling autowire by type for MapperFactoryBean with name 'sysEntityTotpCredentialsMapper'.
2026-05-27 23:45:34.077 [main] DEBUG o.m.s.mapper.ClassPathMapperScanner - Creating MapperFactoryBean with name 'userAuthLinkMapper' and 'com.unibridge.backend.infrastructure.persistence.mapper.UserAuthLinkMapper' mapperInterface
2026-05-27 23:45:34.078 [main] DEBUG o.m.s.mapper.ClassPathMapperScanner - Enabling autowire by type for MapperFactoryBean with name 'userAuthLinkMapper'.
2026-05-27 23:45:34.078 [main] DEBUG o.m.s.mapper.ClassPathMapperScanner - Creating MapperFactoryBean with name 'userContentInteractionMapper' and 'com.unibridge.backend.infrastructure.persistence.mapper.UserContentInteractionMapper' mapperInterface
2026-05-27 23:45:34.079 [main] DEBUG o.m.s.mapper.ClassPathMapperScanner - Enabling autowire by type for MapperFactoryBean with name 'userContentInteractionMapper'.
2026-05-27 23:45:34.079 [main] DEBUG o.m.s.mapper.ClassPathMapperScanner - Creating MapperFactoryBean with name 'userProfileMapper' and 'com.unibridge.backend.infrastructure.persistence.mapper.UserProfileMapper' mapperInterface
2026-05-27 23:45:34.080 [main] DEBUG o.m.s.mapper.ClassPathMapperScanner - Enabling autowire by type for MapperFactoryBean with name 'userProfileMapper'.
2026-05-27 23:45:34.080 [main] DEBUG o.m.s.mapper.ClassPathMapperScanner - Creating MapperFactoryBean with name 'userTagInterestMapper' and 'com.unibridge.backend.infrastructure.persistence.mapper.UserTagInterestMapper' mapperInterface
2026-05-27 23:45:34.080 [main] DEBUG o.m.s.mapper.ClassPathMapperScanner - Enabling autowire by type for MapperFactoryBean with name 'userTagInterestMapper'.
2026-05-27 23:45:34.080 [main] DEBUG o.m.s.mapper.ClassPathMapperScanner - Creating MapperFactoryBean with name 'fileRecordMapper' and 'com.unibridge.backend.infrastructure.media.mapper.FileRecordMapper' mapperInterface
2026-05-27 23:45:34.081 [main] DEBUG o.m.s.mapper.ClassPathMapperScanner - Enabling autowire by type for MapperFactoryBean with name 'fileRecordMapper'.
2026-05-27 23:45:34.081 [main] DEBUG o.m.s.mapper.ClassPathMapperScanner - Creating MapperFactoryBean with name 'systemAdminMapper' and 'com.unibridge.backend.domain.admin.mapper.SystemAdminMapper' mapperInterface
2026-05-27 23:45:34.082 [main] DEBUG o.m.s.mapper.ClassPathMapperScanner - Enabling autowire by type for MapperFactoryBean with name 'systemAdminMapper'.
2026-05-27 23:45:34.932 [main] DEBUG c.u.b.i.s.u.UploadSecurityHeadersFilter - Filter 'uploadSecurityHeadersFilter' configured for use
2026-05-27 23:45:34.933 [main] DEBUG c.u.b.i.c.ApiRequestLoggingFilter - Filter 'apiRequestLoggingFilter' configured for use
2026-05-27 23:45:35.058 [main] DEBUG c.b.m.core.spi.CompatibleHelper - Load compatibleSet: com.baomidou.mybatisplus.extension.spi.SpringCompatibleSet@2dba05b1
2026-05-27 23:45:35.117 [main] DEBUG c.b.m.e.s.MybatisSqlSessionFactoryBean - Property 'mapperLocations' was not specified.
2026-05-27 23:45:35.127 [main] DEBUG c.b.m.core.toolkit.Sequence - Get /10.161.196.120 network interface 
2026-05-27 23:45:35.128 [main] DEBUG c.b.m.core.toolkit.Sequence - Get network interface info: name:wireless_32768 (RZ608 Wi-Fi 6E 80MHz)
2026-05-27 23:45:35.152 [main] DEBUG c.b.m.core.toolkit.Sequence - Initialization Sequence datacenterId:31 workerId:14
2026-05-27 23:45:36.236 [main] INFO  c.u.b.i.config.IpRegionConfig - ip2region 已就绪：classpath:ip2region/ip2region.xdb，xdbSize=10641955 bytes
2026-05-27 23:45:36.705 [main] INFO  c.u.b.i.config.UploadConfig - Local upload static mapping enabled: [/uploads/**] -> [file:C:/Users/wumingwuyou/unibridge/uploads/]
2026-05-27 23:45:36.822 [main] INFO  c.b.m.e.s.MybatisPlusApplicationContextAware - Register ApplicationContext instances org.springframework.boot.web.servlet.context.AnnotationConfigServletWebServerApplicationContext@f79a760
2026-05-27 23:45:37.088 [main] INFO  c.u.b.UnibridgeBackendApplication - Started UnibridgeBackendApplication in 5.418 seconds (process running for 5.959)
2026-05-27 23:45:49.042 [http-nio-8081-exec-1] DEBUG c.u.b.i.config.IpLocationInterceptor - IP属地解析: ip=127.0.0.1, location=局域网, uri=/api/v1/client/auth/logout
2026-05-27 23:45:49.051 [http-nio-8081-exec-1] INFO  c.u.b.i.c.ApiRequestLoggingFilter - [API] OPTIONS /api/v1/client/auth/logout -> 200 (62 ms) ip=127.0.0.1 location=局域网
2026-05-27 23:45:49.061 [http-nio-8081-exec-2] DEBUG c.u.b.i.config.IpLocationInterceptor - IP属地解析: ip=127.0.0.1, location=局域网, uri=/api/v1/client/auth/logout
2026-05-27 23:45:49.294 [http-nio-8081-exec-2] INFO  c.u.b.i.c.ApiRequestLoggingFilter - [API] POST /api/v1/client/auth/logout -> 200 (237 ms) ip=127.0.0.1 location=局域网
2026-05-27 23:45:50.082 [http-nio-8081-exec-4] DEBUG c.u.b.i.config.IpLocationInterceptor - IP属地解析: ip=127.0.0.1, location=局域网, uri=/api/v1/client/feed/home
2026-05-27 23:45:50.123 [http-nio-8081-exec-4] DEBUG org.mybatis.spring.SqlSessionUtils - Creating a new SqlSession
2026-05-27 23:45:50.128 [http-nio-8081-exec-4] DEBUG org.mybatis.spring.SqlSessionUtils - SqlSession [org.apache.ibatis.session.defaults.DefaultSqlSession@f7d0f4d] was not registered for synchronization because synchronization is not active
2026-05-27 23:45:50.510 [http-nio-8081-exec-4] DEBUG o.m.s.t.SpringManagedTransaction - JDBC Connection [HikariProxyConnection@55323298 wrapping com.mysql.cj.jdbc.ConnectionImpl@e66ee6a] will not be managed by Spring
2026-05-27 23:45:50.517 [http-nio-8081-exec-4] DEBUG c.u.b.i.p.m.C.selectList - ==>  Preparing: SELECT id,user_uid,content_type_code,extended_uid,title,summary,editor_type,content,cover_url,video_url,video_duration,tags,view_count,like_count,collect_count,comment_count,status,published_at,created_at,updated_at FROM note WHERE (status = ?) ORDER BY published_at DESC,created_at DESC LIMIT 400
2026-05-27 23:45:50.562 [http-nio-8081-exec-4] DEBUG c.u.b.i.p.m.C.selectList - ==> Parameters: PUBLISHED(String)
2026-05-27 23:45:50.615 [http-nio-8081-exec-4] DEBUG c.u.b.i.p.m.C.selectList - <==      Total: 10
2026-05-27 23:45:50.620 [http-nio-8081-exec-4] DEBUG org.mybatis.spring.SqlSessionUtils - Closing non transactional SqlSession [org.apache.ibatis.session.defaults.DefaultSqlSession@f7d0f4d]
2026-05-27 23:45:50.632 [http-nio-8081-exec-4] DEBUG org.mybatis.spring.SqlSessionUtils - Creating a new SqlSession
2026-05-27 23:45:50.632 [http-nio-8081-exec-4] DEBUG org.mybatis.spring.SqlSessionUtils - SqlSession [org.apache.ibatis.session.defaults.DefaultSqlSession@2c86a744] was not registered for synchronization because synchronization is not active
2026-05-27 23:45:50.633 [http-nio-8081-exec-4] DEBUG o.m.s.t.SpringManagedTransaction - JDBC Connection [HikariProxyConnection@1072508790 wrapping com.mysql.cj.jdbc.ConnectionImpl@e66ee6a] will not be managed by Spring
2026-05-27 23:45:50.633 [http-nio-8081-exec-4] DEBUG c.u.b.i.p.m.C.selectList - ==>  Preparing: SELECT id,user_uid,nick_name,real_name,avatar_url,current_entity_name,level,bio_data,career_data,intro,announcement,created_at,updated_at FROM user_profile WHERE (user_uid = ?) LIMIT 1
2026-05-27 23:45:50.634 [http-nio-8081-exec-4] DEBUG c.u.b.i.p.m.C.selectList - ==> Parameters: US00000000001(String)
2026-05-27 23:45:50.640 [http-nio-8081-exec-4] DEBUG c.u.b.i.p.m.C.selectList - <==      Total: 1
2026-05-27 23:45:50.641 [http-nio-8081-exec-4] DEBUG org.mybatis.spring.SqlSessionUtils - Closing non transactional SqlSession [org.apache.ibatis.session.defaults.DefaultSqlSession@2c86a744]
2026-05-27 23:45:50.643 [http-nio-8081-exec-4] DEBUG org.mybatis.spring.SqlSessionUtils - Creating a new SqlSession
2026-05-27 23:45:50.643 [http-nio-8081-exec-4] DEBUG org.mybatis.spring.SqlSessionUtils - SqlSession [org.apache.ibatis.session.defaults.DefaultSqlSession@1ad70205] was not registered for synchronization because synchronization is not active
2026-05-27 23:45:50.644 [http-nio-8081-exec-4] DEBUG o.m.s.t.SpringManagedTransaction - JDBC Connection [HikariProxyConnection@1398734992 wrapping com.mysql.cj.jdbc.ConnectionImpl@e66ee6a] will not be managed by Spring
2026-05-27 23:45:50.644 [http-nio-8081-exec-4] DEBUG c.u.b.i.p.m.U.selectList - ==>  Preparing: SELECT id,user_uid,entity_code,role,auth_serial_no,proof_artifact_url,audit_status,is_active,remark,created_at,updated_at FROM user_auth_link WHERE (user_uid = ? AND is_active = ?) ORDER BY updated_at DESC LIMIT 1
2026-05-27 23:45:50.647 [http-nio-8081-exec-4] DEBUG c.u.b.i.p.m.U.selectList - ==> Parameters: US00000000001(String), 1(Integer)
2026-05-27 23:45:50.653 [http-nio-8081-exec-4] DEBUG c.u.b.i.p.m.U.selectList - <==      Total: 1
2026-05-27 23:45:50.653 [http-nio-8081-exec-4] DEBUG org.mybatis.spring.SqlSessionUtils - Closing non transactional SqlSession [org.apache.ibatis.session.defaults.DefaultSqlSession@1ad70205]
2026-05-27 23:45:50.655 [http-nio-8081-exec-4] DEBUG org.mybatis.spring.SqlSessionUtils - Creating a new SqlSession
2026-05-27 23:45:50.655 [http-nio-8081-exec-4] DEBUG org.mybatis.spring.SqlSessionUtils - SqlSession [org.apache.ibatis.session.defaults.DefaultSqlSession@181eb09b] was not registered for synchronization because synchronization is not active
2026-05-27 23:45:50.656 [http-nio-8081-exec-4] DEBUG o.m.s.t.SpringManagedTransaction - JDBC Connection [HikariProxyConnection@1175145555 wrapping com.mysql.cj.jdbc.ConnectionImpl@e66ee6a] will not be managed by Spring
2026-05-27 23:45:50.656 [http-nio-8081-exec-4] DEBUG c.u.b.i.p.m.C.selectList - ==>  Preparing: SELECT id,entity_code,name,location,type,logo_url,banner_url,intro,announcement,created_at,updated_at FROM entity_profile WHERE (entity_code = ?) LIMIT 1
2026-05-27 23:45:50.657 [http-nio-8081-exec-4] DEBUG c.u.b.i.p.m.C.selectList - ==> Parameters: 10598(String)
2026-05-27 23:45:50.661 [http-nio-8081-exec-4] DEBUG c.u.b.i.p.m.C.selectList - <==      Total: 1
2026-05-27 23:45:50.661 [http-nio-8081-exec-4] DEBUG org.mybatis.spring.SqlSessionUtils - Closing non transactional SqlSession [org.apache.ibatis.session.defaults.DefaultSqlSession@181eb09b]
2026-05-27 23:45:50.665 [http-nio-8081-exec-4] DEBUG org.mybatis.spring.SqlSessionUtils - Creating a new SqlSession
2026-05-27 23:45:50.665 [http-nio-8081-exec-4] DEBUG org.mybatis.spring.SqlSessionUtils - SqlSession [org.apache.ibatis.session.defaults.DefaultSqlSession@53fd197b] was not registered for synchronization because synchronization is not active
2026-05-27 23:45:50.665 [http-nio-8081-exec-4] DEBUG o.m.s.t.SpringManagedTransaction - JDBC Connection [HikariProxyConnection@340358944 wrapping com.mysql.cj.jdbc.ConnectionImpl@e66ee6a] will not be managed by Spring
2026-05-27 23:45:50.666 [http-nio-8081-exec-4] DEBUG c.u.b.i.p.m.C.selectList - ==>  Preparing: SELECT id,user_uid,nick_name,real_name,avatar_url,current_entity_name,level,bio_data,career_data,intro,announcement,created_at,updated_at FROM user_profile WHERE (user_uid = ?) LIMIT 1
2026-05-27 23:45:50.667 [http-nio-8081-exec-4] DEBUG c.u.b.i.p.m.C.selectList - ==> Parameters: US00000000003(String)
2026-05-27 23:45:50.669 [http-nio-8081-exec-4] DEBUG c.u.b.i.p.m.C.selectList - <==      Total: 1
2026-05-27 23:45:50.669 [http-nio-8081-exec-4] DEBUG org.mybatis.spring.SqlSessionUtils - Closing non transactional SqlSession [org.apache.ibatis.session.defaults.DefaultSqlSession@53fd197b]
2026-05-27 23:45:50.670 [http-nio-8081-exec-4] DEBUG org.mybatis.spring.SqlSessionUtils - Creating a new SqlSession
2026-05-27 23:45:50.670 [http-nio-8081-exec-4] DEBUG org.mybatis.spring.SqlSessionUtils - SqlSession [org.apache.ibatis.session.defaults.DefaultSqlSession@2abe1a24] was not registered for synchronization because synchronization is not active
2026-05-27 23:45:50.671 [http-nio-8081-exec-4] DEBUG o.m.s.t.SpringManagedTransaction - JDBC Connection [HikariProxyConnection@288614601 wrapping com.mysql.cj.jdbc.ConnectionImpl@e66ee6a] will not be managed by Spring
2026-05-27 23:45:50.671 [http-nio-8081-exec-4] DEBUG c.u.b.i.p.m.U.selectList - ==>  Preparing: SELECT id,user_uid,entity_code,role,auth_serial_no,proof_artifact_url,audit_status,is_active,remark,created_at,updated_at FROM user_auth_link WHERE (user_uid = ? AND is_active = ?) ORDER BY updated_at DESC LIMIT 1
2026-05-27 23:45:50.672 [http-nio-8081-exec-4] DEBUG c.u.b.i.p.m.U.selectList - ==> Parameters: US00000000003(String), 1(Integer)
2026-05-27 23:45:50.674 [http-nio-8081-exec-4] DEBUG c.u.b.i.p.m.U.selectList - <==      Total: 1
2026-05-27 23:45:50.674 [http-nio-8081-exec-4] DEBUG org.mybatis.spring.SqlSessionUtils - Closing non transactional SqlSession [org.apache.ibatis.session.defaults.DefaultSqlSession@2abe1a24]
2026-05-27 23:45:50.674 [http-nio-8081-exec-4] DEBUG org.mybatis.spring.SqlSessionUtils - Creating a new SqlSession
2026-05-27 23:45:50.675 [http-nio-8081-exec-4] DEBUG org.mybatis.spring.SqlSessionUtils - SqlSession [org.apache.ibatis.session.defaults.DefaultSqlSession@3daa952f] was not registered for synchronization because synchronization is not active
2026-05-27 23:45:50.675 [http-nio-8081-exec-4] DEBUG o.m.s.t.SpringManagedTransaction - JDBC Connection [HikariProxyConnection@1730140036 wrapping com.mysql.cj.jdbc.ConnectionImpl@e66ee6a] will not be managed by Spring
2026-05-27 23:45:50.675 [http-nio-8081-exec-4] DEBUG c.u.b.i.p.m.C.selectList - ==>  Preparing: SELECT id,entity_code,name,location,type,logo_url,banner_url,intro,announcement,created_at,updated_at FROM entity_profile WHERE (entity_code = ?) LIMIT 1
2026-05-27 23:45:50.676 [http-nio-8081-exec-4] DEBUG c.u.b.i.p.m.C.selectList - ==> Parameters: 91440300708461136T(String)
2026-05-27 23:45:50.677 [http-nio-8081-exec-4] DEBUG c.u.b.i.p.m.C.selectList - <==      Total: 1
2026-05-27 23:45:50.678 [http-nio-8081-exec-4] DEBUG org.mybatis.spring.SqlSessionUtils - Closing non transactional SqlSession [org.apache.ibatis.session.defaults.DefaultSqlSession@3daa952f]
2026-05-27 23:45:50.679 [http-nio-8081-exec-4] DEBUG org.mybatis.spring.SqlSessionUtils - Creating a new SqlSession
2026-05-27 23:45:50.679 [http-nio-8081-exec-4] DEBUG org.mybatis.spring.SqlSessionUtils - SqlSession [org.apache.ibatis.session.defaults.DefaultSqlSession@4438cf27] was not registered for synchronization because synchronization is not active
2026-05-27 23:45:50.680 [http-nio-8081-exec-4] DEBUG o.m.s.t.SpringManagedTransaction - JDBC Connection [HikariProxyConnection@768747874 wrapping com.mysql.cj.jdbc.ConnectionImpl@e66ee6a] will not be managed by Spring
2026-05-27 23:45:50.680 [http-nio-8081-exec-4] DEBUG c.u.b.i.p.m.C.selectList - ==>  Preparing: SELECT id,user_uid,nick_name,real_name,avatar_url,current_entity_name,level,bio_data,career_data,intro,announcement,created_at,updated_at FROM user_profile WHERE (user_uid = ?) LIMIT 1
2026-05-27 23:45:50.680 [http-nio-8081-exec-4] DEBUG c.u.b.i.p.m.C.selectList - ==> Parameters: US00000000002(String)
2026-05-27 23:45:50.683 [http-nio-8081-exec-4] DEBUG c.u.b.i.p.m.C.selectList - <==      Total: 1
2026-05-27 23:45:50.683 [http-nio-8081-exec-4] DEBUG org.mybatis.spring.SqlSessionUtils - Closing non transactional SqlSession [org.apache.ibatis.session.defaults.DefaultSqlSession@4438cf27]
2026-05-27 23:45:50.684 [http-nio-8081-exec-4] DEBUG org.mybatis.spring.SqlSessionUtils - Creating a new SqlSession
2026-05-27 23:45:50.684 [http-nio-8081-exec-4] DEBUG org.mybatis.spring.SqlSessionUtils - SqlSession [org.apache.ibatis.session.defaults.DefaultSqlSession@7db50446] was not registered for synchronization because synchronization is not active
2026-05-27 23:45:50.685 [http-nio-8081-exec-4] DEBUG o.m.s.t.SpringManagedTransaction - JDBC Connection [HikariProxyConnection@2138488096 wrapping com.mysql.cj.jdbc.ConnectionImpl@e66ee6a] will not be managed by Spring
2026-05-27 23:45:50.685 [http-nio-8081-exec-4] DEBUG c.u.b.i.p.m.U.selectList - ==>  Preparing: SELECT id,user_uid,entity_code,role,auth_serial_no,proof_artifact_url,audit_status,is_active,remark,created_at,updated_at FROM user_auth_link WHERE (user_uid = ? AND is_active = ?) ORDER BY updated_at DESC LIMIT 1
2026-05-27 23:45:50.685 [http-nio-8081-exec-4] DEBUG c.u.b.i.p.m.U.selectList - ==> Parameters: US00000000002(String), 1(Integer)
2026-05-27 23:45:50.687 [http-nio-8081-exec-4] DEBUG c.u.b.i.p.m.U.selectList - <==      Total: 1
2026-05-27 23:45:50.687 [http-nio-8081-exec-4] DEBUG org.mybatis.spring.SqlSessionUtils - Closing non transactional SqlSession [org.apache.ibatis.session.defaults.DefaultSqlSession@7db50446]
2026-05-27 23:45:50.688 [http-nio-8081-exec-4] DEBUG org.mybatis.spring.SqlSessionUtils - Creating a new SqlSession
2026-05-27 23:45:50.688 [http-nio-8081-exec-4] DEBUG org.mybatis.spring.SqlSessionUtils - SqlSession [org.apache.ibatis.session.defaults.DefaultSqlSession@34098774] was not registered for synchronization because synchronization is not active
2026-05-27 23:45:50.689 [http-nio-8081-exec-4] DEBUG o.m.s.t.SpringManagedTransaction - JDBC Connection [HikariProxyConnection@1632318087 wrapping com.mysql.cj.jdbc.ConnectionImpl@e66ee6a] will not be managed by Spring
2026-05-27 23:45:50.689 [http-nio-8081-exec-4] DEBUG c.u.b.i.p.m.C.selectList - ==>  Preparing: SELECT id,entity_code,name,location,type,logo_url,banner_url,intro,announcement,created_at,updated_at FROM entity_profile WHERE (entity_code = ?) LIMIT 1
2026-05-27 23:45:50.689 [http-nio-8081-exec-4] DEBUG c.u.b.i.p.m.C.selectList - ==> Parameters: 10598(String)
2026-05-27 23:45:50.691 [http-nio-8081-exec-4] DEBUG c.u.b.i.p.m.C.selectList - <==      Total: 1
2026-05-27 23:45:50.691 [http-nio-8081-exec-4] DEBUG org.mybatis.spring.SqlSessionUtils - Closing non transactional SqlSession [org.apache.ibatis.session.defaults.DefaultSqlSession@34098774]
2026-05-27 23:45:50.692 [http-nio-8081-exec-4] DEBUG org.mybatis.spring.SqlSessionUtils - Creating a new SqlSession
2026-05-27 23:45:50.693 [http-nio-8081-exec-4] DEBUG org.mybatis.spring.SqlSessionUtils - SqlSession [org.apache.ibatis.session.defaults.DefaultSqlSession@7002747f] was not registered for synchronization because synchronization is not active
2026-05-27 23:45:50.693 [http-nio-8081-exec-4] DEBUG o.m.s.t.SpringManagedTransaction - JDBC Connection [HikariProxyConnection@147353388 wrapping com.mysql.cj.jdbc.ConnectionImpl@e66ee6a] will not be managed by Spring
2026-05-27 23:45:50.693 [http-nio-8081-exec-4] DEBUG c.u.b.i.p.m.C.selectList - ==>  Preparing: SELECT id,user_uid,nick_name,real_name,avatar_url,current_entity_name,level,bio_data,career_data,intro,announcement,created_at,updated_at FROM user_profile WHERE (user_uid = ?) LIMIT 1
2026-05-27 23:45:50.694 [http-nio-8081-exec-4] DEBUG c.u.b.i.p.m.C.selectList - ==> Parameters: US00000000001(String)
2026-05-27 23:45:50.696 [http-nio-8081-exec-4] DEBUG c.u.b.i.p.m.C.selectList - <==      Total: 1
2026-05-27 23:45:50.696 [http-nio-8081-exec-4] DEBUG org.mybatis.spring.SqlSessionUtils - Closing non transactional SqlSession [org.apache.ibatis.session.defaults.DefaultSqlSession@7002747f]
2026-05-27 23:45:50.697 [http-nio-8081-exec-4] DEBUG org.mybatis.spring.SqlSessionUtils - Creating a new SqlSession
2026-05-27 23:45:50.697 [http-nio-8081-exec-4] DEBUG org.mybatis.spring.SqlSessionUtils - SqlSession [org.apache.ibatis.session.defaults.DefaultSqlSession@6b8b460a] was not registered for synchronization because synchronization is not active
2026-05-27 23:45:50.698 [http-nio-8081-exec-4] DEBUG o.m.s.t.SpringManagedTransaction - JDBC Connection [HikariProxyConnection@139028104 wrapping com.mysql.cj.jdbc.ConnectionImpl@e66ee6a] will not be managed by Spring
2026-05-27 23:45:50.698 [http-nio-8081-exec-4] DEBUG c.u.b.i.p.m.U.selectList - ==>  Preparing: SELECT id,user_uid,entity_code,role,auth_serial_no,proof_artifact_url,audit_status,is_active,remark,created_at,updated_at FROM user_auth_link WHERE (user_uid = ? AND is_active = ?) ORDER BY updated_at DESC LIMIT 1
2026-05-27 23:45:50.699 [http-nio-8081-exec-4] DEBUG c.u.b.i.p.m.U.selectList - ==> Parameters: US00000000001(String), 1(Integer)
2026-05-27 23:45:50.701 [http-nio-8081-exec-4] DEBUG c.u.b.i.p.m.U.selectList - <==      Total: 1
2026-05-27 23:45:50.702 [http-nio-8081-exec-4] DEBUG org.mybatis.spring.SqlSessionUtils - Closing non transactional SqlSession [org.apache.ibatis.session.defaults.DefaultSqlSession@6b8b460a]
2026-05-27 23:45:50.703 [http-nio-8081-exec-4] DEBUG org.mybatis.spring.SqlSessionUtils - Creating a new SqlSession
2026-05-27 23:45:50.703 [http-nio-8081-exec-4] DEBUG org.mybatis.spring.SqlSessionUtils - SqlSession [org.apache.ibatis.session.defaults.DefaultSqlSession@e8cd817] was not registered for synchronization because synchronization is not active
2026-05-27 23:45:50.704 [http-nio-8081-exec-4] DEBUG o.m.s.t.SpringManagedTransaction - JDBC Connection [HikariProxyConnection@1057387738 wrapping com.mysql.cj.jdbc.ConnectionImpl@e66ee6a] will not be managed by Spring
2026-05-27 23:45:50.704 [http-nio-8081-exec-4] DEBUG c.u.b.i.p.m.C.selectList - ==>  Preparing: SELECT id,entity_code,name,location,type,logo_url,banner_url,intro,announcement,created_at,updated_at FROM entity_profile WHERE (entity_code = ?) LIMIT 1
2026-05-27 23:45:50.704 [http-nio-8081-exec-4] DEBUG c.u.b.i.p.m.C.selectList - ==> Parameters: 10598(String)
2026-05-27 23:45:50.705 [http-nio-8081-exec-4] DEBUG c.u.b.i.p.m.C.selectList - <==      Total: 1
2026-05-27 23:45:50.706 [http-nio-8081-exec-4] DEBUG org.mybatis.spring.SqlSessionUtils - Closing non transactional SqlSession [org.apache.ibatis.session.defaults.DefaultSqlSession@e8cd817]
2026-05-27 23:45:50.707 [http-nio-8081-exec-4] DEBUG org.mybatis.spring.SqlSessionUtils - Creating a new SqlSession
2026-05-27 23:45:50.707 [http-nio-8081-exec-4] DEBUG org.mybatis.spring.SqlSessionUtils - SqlSession [org.apache.ibatis.session.defaults.DefaultSqlSession@219b1078] was not registered for synchronization because synchronization is not active
2026-05-27 23:45:50.708 [http-nio-8081-exec-4] DEBUG o.m.s.t.SpringManagedTransaction - JDBC Connection [HikariProxyConnection@1237268540 wrapping com.mysql.cj.jdbc.ConnectionImpl@e66ee6a] will not be managed by Spring
2026-05-27 23:45:50.708 [http-nio-8081-exec-4] DEBUG c.u.b.i.p.m.C.selectList - ==>  Preparing: SELECT id,user_uid,nick_name,real_name,avatar_url,current_entity_name,level,bio_data,career_data,intro,announcement,created_at,updated_at FROM user_profile WHERE (user_uid = ?) LIMIT 1
2026-05-27 23:45:50.708 [http-nio-8081-exec-4] DEBUG c.u.b.i.p.m.C.selectList - ==> Parameters: US00000000003(String)
2026-05-27 23:45:50.710 [http-nio-8081-exec-4] DEBUG c.u.b.i.p.m.C.selectList - <==      Total: 1
2026-05-27 23:45:50.710 [http-nio-8081-exec-4] DEBUG org.mybatis.spring.SqlSessionUtils - Closing non transactional SqlSession [org.apache.ibatis.session.defaults.DefaultSqlSession@219b1078]
2026-05-27 23:45:50.710 [http-nio-8081-exec-4] DEBUG org.mybatis.spring.SqlSessionUtils - Creating a new SqlSession
2026-05-27 23:45:50.710 [http-nio-8081-exec-4] DEBUG org.mybatis.spring.SqlSessionUtils - SqlSession [org.apache.ibatis.session.defaults.DefaultSqlSession@78d2c9cb] was not registered for synchronization because synchronization is not active
2026-05-27 23:45:50.711 [http-nio-8081-exec-4] DEBUG o.m.s.t.SpringManagedTransaction - JDBC Connection [HikariProxyConnection@20127353 wrapping com.mysql.cj.jdbc.ConnectionImpl@e66ee6a] will not be managed by Spring
2026-05-27 23:45:50.712 [http-nio-8081-exec-4] DEBUG c.u.b.i.p.m.U.selectList - ==>  Preparing: SELECT id,user_uid,entity_code,role,auth_serial_no,proof_artifact_url,audit_status,is_active,remark,created_at,updated_at FROM user_auth_link WHERE (user_uid = ? AND is_active = ?) ORDER BY updated_at DESC LIMIT 1
2026-05-27 23:45:50.712 [http-nio-8081-exec-4] DEBUG c.u.b.i.p.m.U.selectList - ==> Parameters: US00000000003(String), 1(Integer)
2026-05-27 23:45:50.715 [http-nio-8081-exec-4] DEBUG c.u.b.i.p.m.U.selectList - <==      Total: 1
2026-05-27 23:45:50.715 [http-nio-8081-exec-4] DEBUG org.mybatis.spring.SqlSessionUtils - Closing non transactional SqlSession [org.apache.ibatis.session.defaults.DefaultSqlSession@78d2c9cb]
2026-05-27 23:45:50.716 [http-nio-8081-exec-4] DEBUG org.mybatis.spring.SqlSessionUtils - Creating a new SqlSession
2026-05-27 23:45:50.716 [http-nio-8081-exec-4] DEBUG org.mybatis.spring.SqlSessionUtils - SqlSession [org.apache.ibatis.session.defaults.DefaultSqlSession@6d998b6c] was not registered for synchronization because synchronization is not active
2026-05-27 23:45:50.717 [http-nio-8081-exec-4] DEBUG o.m.s.t.SpringManagedTransaction - JDBC Connection [HikariProxyConnection@57379717 wrapping com.mysql.cj.jdbc.ConnectionImpl@e66ee6a] will not be managed by Spring
2026-05-27 23:45:50.717 [http-nio-8081-exec-4] DEBUG c.u.b.i.p.m.C.selectList - ==>  Preparing: SELECT id,entity_code,name,location,type,logo_url,banner_url,intro,announcement,created_at,updated_at FROM entity_profile WHERE (entity_code = ?) LIMIT 1
2026-05-27 23:45:50.717 [http-nio-8081-exec-4] DEBUG c.u.b.i.p.m.C.selectList - ==> Parameters: 91440300708461136T(String)
2026-05-27 23:45:50.720 [http-nio-8081-exec-4] DEBUG c.u.b.i.p.m.C.selectList - <==      Total: 1
2026-05-27 23:45:50.720 [http-nio-8081-exec-4] DEBUG org.mybatis.spring.SqlSessionUtils - Closing non transactional SqlSession [org.apache.ibatis.session.defaults.DefaultSqlSession@6d998b6c]
2026-05-27 23:45:50.721 [http-nio-8081-exec-4] DEBUG org.mybatis.spring.SqlSessionUtils - Creating a new SqlSession
2026-05-27 23:45:50.721 [http-nio-8081-exec-4] DEBUG org.mybatis.spring.SqlSessionUtils - SqlSession [org.apache.ibatis.session.defaults.DefaultSqlSession@4656d6da] was not registered for synchronization because synchronization is not active
2026-05-27 23:45:50.722 [http-nio-8081-exec-4] DEBUG o.m.s.t.SpringManagedTransaction - JDBC Connection [HikariProxyConnection@1731585943 wrapping com.mysql.cj.jdbc.ConnectionImpl@e66ee6a] will not be managed by Spring
2026-05-27 23:45:50.722 [http-nio-8081-exec-4] DEBUG c.u.b.i.p.m.C.selectList - ==>  Preparing: SELECT id,user_uid,nick_name,real_name,avatar_url,current_entity_name,level,bio_data,career_data,intro,announcement,created_at,updated_at FROM user_profile WHERE (user_uid = ?) LIMIT 1
2026-05-27 23:45:50.722 [http-nio-8081-exec-4] DEBUG c.u.b.i.p.m.C.selectList - ==> Parameters: US00000000002(String)
2026-05-27 23:45:50.724 [http-nio-8081-exec-4] DEBUG c.u.b.i.p.m.C.selectList - <==      Total: 1
2026-05-27 23:45:50.724 [http-nio-8081-exec-4] DEBUG org.mybatis.spring.SqlSessionUtils - Closing non transactional SqlSession [org.apache.ibatis.session.defaults.DefaultSqlSession@4656d6da]
2026-05-27 23:45:50.725 [http-nio-8081-exec-4] DEBUG org.mybatis.spring.SqlSessionUtils - Creating a new SqlSession
2026-05-27 23:45:50.725 [http-nio-8081-exec-4] DEBUG org.mybatis.spring.SqlSessionUtils - SqlSession [org.apache.ibatis.session.defaults.DefaultSqlSession@368b05be] was not registered for synchronization because synchronization is not active
2026-05-27 23:45:50.725 [http-nio-8081-exec-4] DEBUG o.m.s.t.SpringManagedTransaction - JDBC Connection [HikariProxyConnection@1176233395 wrapping com.mysql.cj.jdbc.ConnectionImpl@e66ee6a] will not be managed by Spring
2026-05-27 23:45:50.726 [http-nio-8081-exec-4] DEBUG c.u.b.i.p.m.U.selectList - ==>  Preparing: SELECT id,user_uid,entity_code,role,auth_serial_no,proof_artifact_url,audit_status,is_active,remark,created_at,updated_at FROM user_auth_link WHERE (user_uid = ? AND is_active = ?) ORDER BY updated_at DESC LIMIT 1
2026-05-27 23:45:50.726 [http-nio-8081-exec-4] DEBUG c.u.b.i.p.m.U.selectList - ==> Parameters: US00000000002(String), 1(Integer)
2026-05-27 23:45:50.728 [http-nio-8081-exec-4] DEBUG c.u.b.i.p.m.U.selectList - <==      Total: 1
2026-05-27 23:45:50.729 [http-nio-8081-exec-4] DEBUG org.mybatis.spring.SqlSessionUtils - Closing non transactional SqlSession [org.apache.ibatis.session.defaults.DefaultSqlSession@368b05be]
2026-05-27 23:45:50.729 [http-nio-8081-exec-4] DEBUG org.mybatis.spring.SqlSessionUtils - Creating a new SqlSession
2026-05-27 23:45:50.729 [http-nio-8081-exec-4] DEBUG org.mybatis.spring.SqlSessionUtils - SqlSession [org.apache.ibatis.session.defaults.DefaultSqlSession@5daecaf3] was not registered for synchronization because synchronization is not active
2026-05-27 23:45:50.730 [http-nio-8081-exec-4] DEBUG o.m.s.t.SpringManagedTransaction - JDBC Connection [HikariProxyConnection@862360077 wrapping com.mysql.cj.jdbc.ConnectionImpl@e66ee6a] will not be managed by Spring
2026-05-27 23:45:50.731 [http-nio-8081-exec-4] DEBUG c.u.b.i.p.m.C.selectList - ==>  Preparing: SELECT id,entity_code,name,location,type,logo_url,banner_url,intro,announcement,created_at,updated_at FROM entity_profile WHERE (entity_code = ?) LIMIT 1
2026-05-27 23:45:50.731 [http-nio-8081-exec-4] DEBUG c.u.b.i.p.m.C.selectList - ==> Parameters: 10598(String)
2026-05-27 23:45:50.733 [http-nio-8081-exec-4] DEBUG c.u.b.i.p.m.C.selectList - <==      Total: 1
2026-05-27 23:45:50.733 [http-nio-8081-exec-4] DEBUG org.mybatis.spring.SqlSessionUtils - Closing non transactional SqlSession [org.apache.ibatis.session.defaults.DefaultSqlSession@5daecaf3]
2026-05-27 23:45:50.734 [http-nio-8081-exec-4] DEBUG org.mybatis.spring.SqlSessionUtils - Creating a new SqlSession
2026-05-27 23:45:50.734 [http-nio-8081-exec-4] DEBUG org.mybatis.spring.SqlSessionUtils - SqlSession [org.apache.ibatis.session.defaults.DefaultSqlSession@7195b635] was not registered for synchronization because synchronization is not active
2026-05-27 23:45:50.734 [http-nio-8081-exec-4] DEBUG o.m.s.t.SpringManagedTransaction - JDBC Connection [HikariProxyConnection@1514603430 wrapping com.mysql.cj.jdbc.ConnectionImpl@e66ee6a] will not be managed by Spring
2026-05-27 23:45:50.735 [http-nio-8081-exec-4] DEBUG c.u.b.i.p.m.C.selectList - ==>  Preparing: SELECT id,user_uid,nick_name,real_name,avatar_url,current_entity_name,level,bio_data,career_data,intro,announcement,created_at,updated_at FROM user_profile WHERE (user_uid = ?) LIMIT 1
2026-05-27 23:45:50.735 [http-nio-8081-exec-4] DEBUG c.u.b.i.p.m.C.selectList - ==> Parameters: US00000000001(String)
2026-05-27 23:45:50.736 [http-nio-8081-exec-4] DEBUG c.u.b.i.p.m.C.selectList - <==      Total: 1
2026-05-27 23:45:50.737 [http-nio-8081-exec-4] DEBUG org.mybatis.spring.SqlSessionUtils - Closing non transactional SqlSession [org.apache.ibatis.session.defaults.DefaultSqlSession@7195b635]
2026-05-27 23:45:50.737 [http-nio-8081-exec-4] DEBUG org.mybatis.spring.SqlSessionUtils - Creating a new SqlSession
2026-05-27 23:45:50.737 [http-nio-8081-exec-4] DEBUG org.mybatis.spring.SqlSessionUtils - SqlSession [org.apache.ibatis.session.defaults.DefaultSqlSession@39669ca7] was not registered for synchronization because synchronization is not active
2026-05-27 23:45:50.738 [http-nio-8081-exec-4] DEBUG o.m.s.t.SpringManagedTransaction - JDBC Connection [HikariProxyConnection@1696506272 wrapping com.mysql.cj.jdbc.ConnectionImpl@e66ee6a] will not be managed by Spring
2026-05-27 23:45:50.738 [http-nio-8081-exec-4] DEBUG c.u.b.i.p.m.U.selectList - ==>  Preparing: SELECT id,user_uid,entity_code,role,auth_serial_no,proof_artifact_url,audit_status,is_active,remark,created_at,updated_at FROM user_auth_link WHERE (user_uid = ? AND is_active = ?) ORDER BY updated_at DESC LIMIT 1
2026-05-27 23:45:50.739 [http-nio-8081-exec-4] DEBUG c.u.b.i.p.m.U.selectList - ==> Parameters: US00000000001(String), 1(Integer)
2026-05-27 23:45:50.740 [http-nio-8081-exec-4] DEBUG c.u.b.i.p.m.U.selectList - <==      Total: 1
2026-05-27 23:45:50.741 [http-nio-8081-exec-4] DEBUG org.mybatis.spring.SqlSessionUtils - Closing non transactional SqlSession [org.apache.ibatis.session.defaults.DefaultSqlSession@39669ca7]
2026-05-27 23:45:50.741 [http-nio-8081-exec-4] DEBUG org.mybatis.spring.SqlSessionUtils - Creating a new SqlSession
2026-05-27 23:45:50.741 [http-nio-8081-exec-4] DEBUG org.mybatis.spring.SqlSessionUtils - SqlSession [org.apache.ibatis.session.defaults.DefaultSqlSession@6add1ea7] was not registered for synchronization because synchronization is not active
2026-05-27 23:45:50.742 [http-nio-8081-exec-4] DEBUG o.m.s.t.SpringManagedTransaction - JDBC Connection [HikariProxyConnection@1733502207 wrapping com.mysql.cj.jdbc.ConnectionImpl@e66ee6a] will not be managed by Spring
2026-05-27 23:45:50.742 [http-nio-8081-exec-4] DEBUG c.u.b.i.p.m.C.selectList - ==>  Preparing: SELECT id,entity_code,name,location,type,logo_url,banner_url,intro,announcement,created_at,updated_at FROM entity_profile WHERE (entity_code = ?) LIMIT 1
2026-05-27 23:45:50.743 [http-nio-8081-exec-4] DEBUG c.u.b.i.p.m.C.selectList - ==> Parameters: 10598(String)
2026-05-27 23:45:50.745 [http-nio-8081-exec-4] DEBUG c.u.b.i.p.m.C.selectList - <==      Total: 1
2026-05-27 23:45:50.745 [http-nio-8081-exec-4] DEBUG org.mybatis.spring.SqlSessionUtils - Closing non transactional SqlSession [org.apache.ibatis.session.defaults.DefaultSqlSession@6add1ea7]
2026-05-27 23:45:50.747 [http-nio-8081-exec-4] DEBUG org.mybatis.spring.SqlSessionUtils - Creating a new SqlSession
2026-05-27 23:45:50.747 [http-nio-8081-exec-4] DEBUG org.mybatis.spring.SqlSessionUtils - SqlSession [org.apache.ibatis.session.defaults.DefaultSqlSession@46e3720c] was not registered for synchronization because synchronization is not active
2026-05-27 23:45:50.748 [http-nio-8081-exec-4] DEBUG o.m.s.t.SpringManagedTransaction - JDBC Connection [HikariProxyConnection@1154049105 wrapping com.mysql.cj.jdbc.ConnectionImpl@e66ee6a] will not be managed by Spring
2026-05-27 23:45:50.748 [http-nio-8081-exec-4] DEBUG c.u.b.i.p.m.C.selectList - ==>  Preparing: SELECT id,user_uid,nick_name,real_name,avatar_url,current_entity_name,level,bio_data,career_data,intro,announcement,created_at,updated_at FROM user_profile WHERE (user_uid = ?) LIMIT 1
2026-05-27 23:45:50.748 [http-nio-8081-exec-4] DEBUG c.u.b.i.p.m.C.selectList - ==> Parameters: US00000000003(String)
2026-05-27 23:45:50.750 [http-nio-8081-exec-4] DEBUG c.u.b.i.p.m.C.selectList - <==      Total: 1
2026-05-27 23:45:50.750 [http-nio-8081-exec-4] DEBUG org.mybatis.spring.SqlSessionUtils - Closing non transactional SqlSession [org.apache.ibatis.session.defaults.DefaultSqlSession@46e3720c]
2026-05-27 23:45:50.751 [http-nio-8081-exec-4] DEBUG org.mybatis.spring.SqlSessionUtils - Creating a new SqlSession
2026-05-27 23:45:50.751 [http-nio-8081-exec-4] DEBUG org.mybatis.spring.SqlSessionUtils - SqlSession [org.apache.ibatis.session.defaults.DefaultSqlSession@49b0698d] was not registered for synchronization because synchronization is not active
2026-05-27 23:45:50.752 [http-nio-8081-exec-4] DEBUG o.m.s.t.SpringManagedTransaction - JDBC Connection [HikariProxyConnection@337510821 wrapping com.mysql.cj.jdbc.ConnectionImpl@e66ee6a] will not be managed by Spring
2026-05-27 23:45:50.752 [http-nio-8081-exec-4] DEBUG c.u.b.i.p.m.U.selectList - ==>  Preparing: SELECT id,user_uid,entity_code,role,auth_serial_no,proof_artifact_url,audit_status,is_active,remark,created_at,updated_at FROM user_auth_link WHERE (user_uid = ? AND is_active = ?) ORDER BY updated_at DESC LIMIT 1
2026-05-27 23:45:50.753 [http-nio-8081-exec-4] DEBUG c.u.b.i.p.m.U.selectList - ==> Parameters: US00000000003(String), 1(Integer)
2026-05-27 23:45:50.754 [http-nio-8081-exec-4] DEBUG c.u.b.i.p.m.U.selectList - <==      Total: 1
2026-05-27 23:45:50.754 [http-nio-8081-exec-4] DEBUG org.mybatis.spring.SqlSessionUtils - Closing non transactional SqlSession [org.apache.ibatis.session.defaults.DefaultSqlSession@49b0698d]
2026-05-27 23:45:50.755 [http-nio-8081-exec-4] DEBUG org.mybatis.spring.SqlSessionUtils - Creating a new SqlSession
2026-05-27 23:45:50.755 [http-nio-8081-exec-4] DEBUG org.mybatis.spring.SqlSessionUtils - SqlSession [org.apache.ibatis.session.defaults.DefaultSqlSession@3fbaff93] was not registered for synchronization because synchronization is not active
2026-05-27 23:45:50.756 [http-nio-8081-exec-4] DEBUG o.m.s.t.SpringManagedTransaction - JDBC Connection [HikariProxyConnection@1972114920 wrapping com.mysql.cj.jdbc.ConnectionImpl@e66ee6a] will not be managed by Spring
2026-05-27 23:45:50.756 [http-nio-8081-exec-4] DEBUG c.u.b.i.p.m.C.selectList - ==>  Preparing: SELECT id,entity_code,name,location,type,logo_url,banner_url,intro,announcement,created_at,updated_at FROM entity_profile WHERE (entity_code = ?) LIMIT 1
2026-05-27 23:45:50.756 [http-nio-8081-exec-4] DEBUG c.u.b.i.p.m.C.selectList - ==> Parameters: 91440300708461136T(String)
2026-05-27 23:45:50.757 [http-nio-8081-exec-4] DEBUG c.u.b.i.p.m.C.selectList - <==      Total: 1
2026-05-27 23:45:50.758 [http-nio-8081-exec-4] DEBUG org.mybatis.spring.SqlSessionUtils - Closing non transactional SqlSession [org.apache.ibatis.session.defaults.DefaultSqlSession@3fbaff93]
2026-05-27 23:45:50.759 [http-nio-8081-exec-4] DEBUG org.mybatis.spring.SqlSessionUtils - Creating a new SqlSession
2026-05-27 23:45:50.759 [http-nio-8081-exec-4] DEBUG org.mybatis.spring.SqlSessionUtils - SqlSession [org.apache.ibatis.session.defaults.DefaultSqlSession@5aee31bd] was not registered for synchronization because synchronization is not active
2026-05-27 23:45:50.759 [http-nio-8081-exec-4] DEBUG o.m.s.t.SpringManagedTransaction - JDBC Connection [HikariProxyConnection@851446548 wrapping com.mysql.cj.jdbc.ConnectionImpl@e66ee6a] will not be managed by Spring
2026-05-27 23:45:50.760 [http-nio-8081-exec-4] DEBUG c.u.b.i.p.m.C.selectList - ==>  Preparing: SELECT id,user_uid,nick_name,real_name,avatar_url,current_entity_name,level,bio_data,career_data,intro,announcement,created_at,updated_at FROM user_profile WHERE (user_uid = ?) LIMIT 1
2026-05-27 23:45:50.760 [http-nio-8081-exec-4] DEBUG c.u.b.i.p.m.C.selectList - ==> Parameters: US00000000002(String)
2026-05-27 23:45:50.762 [http-nio-8081-exec-4] DEBUG c.u.b.i.p.m.C.selectList - <==      Total: 1
2026-05-27 23:45:50.762 [http-nio-8081-exec-4] DEBUG org.mybatis.spring.SqlSessionUtils - Closing non transactional SqlSession [org.apache.ibatis.session.defaults.DefaultSqlSession@5aee31bd]
2026-05-27 23:45:50.762 [http-nio-8081-exec-4] DEBUG org.mybatis.spring.SqlSessionUtils - Creating a new SqlSession
2026-05-27 23:45:50.763 [http-nio-8081-exec-4] DEBUG org.mybatis.spring.SqlSessionUtils - SqlSession [org.apache.ibatis.session.defaults.DefaultSqlSession@6fcb0353] was not registered for synchronization because synchronization is not active
2026-05-27 23:45:50.764 [http-nio-8081-exec-4] DEBUG o.m.s.t.SpringManagedTransaction - JDBC Connection [HikariProxyConnection@1141093582 wrapping com.mysql.cj.jdbc.ConnectionImpl@e66ee6a] will not be managed by Spring
2026-05-27 23:45:50.764 [http-nio-8081-exec-4] DEBUG c.u.b.i.p.m.U.selectList - ==>  Preparing: SELECT id,user_uid,entity_code,role,auth_serial_no,proof_artifact_url,audit_status,is_active,remark,created_at,updated_at FROM user_auth_link WHERE (user_uid = ? AND is_active = ?) ORDER BY updated_at DESC LIMIT 1
2026-05-27 23:45:50.764 [http-nio-8081-exec-4] DEBUG c.u.b.i.p.m.U.selectList - ==> Parameters: US00000000002(String), 1(Integer)
2026-05-27 23:45:50.766 [http-nio-8081-exec-4] DEBUG c.u.b.i.p.m.U.selectList - <==      Total: 1
2026-05-27 23:45:50.766 [http-nio-8081-exec-4] DEBUG org.mybatis.spring.SqlSessionUtils - Closing non transactional SqlSession [org.apache.ibatis.session.defaults.DefaultSqlSession@6fcb0353]
2026-05-27 23:45:50.766 [http-nio-8081-exec-4] DEBUG org.mybatis.spring.SqlSessionUtils - Creating a new SqlSession
2026-05-27 23:45:50.767 [http-nio-8081-exec-4] DEBUG org.mybatis.spring.SqlSessionUtils - SqlSession [org.apache.ibatis.session.defaults.DefaultSqlSession@6294db26] was not registered for synchronization because synchronization is not active
2026-05-27 23:45:50.767 [http-nio-8081-exec-4] DEBUG o.m.s.t.SpringManagedTransaction - JDBC Connection [HikariProxyConnection@1433574844 wrapping com.mysql.cj.jdbc.ConnectionImpl@e66ee6a] will not be managed by Spring
2026-05-27 23:45:50.767 [http-nio-8081-exec-4] DEBUG c.u.b.i.p.m.C.selectList - ==>  Preparing: SELECT id,entity_code,name,location,type,logo_url,banner_url,intro,announcement,created_at,updated_at FROM entity_profile WHERE (entity_code = ?) LIMIT 1
2026-05-27 23:45:50.767 [http-nio-8081-exec-4] DEBUG c.u.b.i.p.m.C.selectList - ==> Parameters: 10598(String)
2026-05-27 23:45:50.768 [http-nio-8081-exec-4] DEBUG c.u.b.i.p.m.C.selectList - <==      Total: 1
2026-05-27 23:45:50.769 [http-nio-8081-exec-4] DEBUG org.mybatis.spring.SqlSessionUtils - Closing non transactional SqlSession [org.apache.ibatis.session.defaults.DefaultSqlSession@6294db26]
2026-05-27 23:45:50.769 [http-nio-8081-exec-4] DEBUG org.mybatis.spring.SqlSessionUtils - Creating a new SqlSession
2026-05-27 23:45:50.769 [http-nio-8081-exec-4] DEBUG org.mybatis.spring.SqlSessionUtils - SqlSession [org.apache.ibatis.session.defaults.DefaultSqlSession@36e2267f] was not registered for synchronization because synchronization is not active
2026-05-27 23:45:50.770 [http-nio-8081-exec-4] DEBUG o.m.s.t.SpringManagedTransaction - JDBC Connection [HikariProxyConnection@1919653486 wrapping com.mysql.cj.jdbc.ConnectionImpl@e66ee6a] will not be managed by Spring
2026-05-27 23:45:50.770 [http-nio-8081-exec-4] DEBUG c.u.b.i.p.m.C.selectList - ==>  Preparing: SELECT id,user_uid,nick_name,real_name,avatar_url,current_entity_name,level,bio_data,career_data,intro,announcement,created_at,updated_at FROM user_profile WHERE (user_uid = ?) LIMIT 1
2026-05-27 23:45:50.771 [http-nio-8081-exec-4] DEBUG c.u.b.i.p.m.C.selectList - ==> Parameters: US00000000001(String)
2026-05-27 23:45:50.772 [http-nio-8081-exec-4] DEBUG c.u.b.i.p.m.C.selectList - <==      Total: 1
2026-05-27 23:45:50.773 [http-nio-8081-exec-4] DEBUG org.mybatis.spring.SqlSessionUtils - Closing non transactional SqlSession [org.apache.ibatis.session.defaults.DefaultSqlSession@36e2267f]
2026-05-27 23:45:50.773 [http-nio-8081-exec-4] DEBUG org.mybatis.spring.SqlSessionUtils - Creating a new SqlSession
2026-05-27 23:45:50.773 [http-nio-8081-exec-4] DEBUG org.mybatis.spring.SqlSessionUtils - SqlSession [org.apache.ibatis.session.defaults.DefaultSqlSession@4870e4aa] was not registered for synchronization because synchronization is not active
2026-05-27 23:45:50.774 [http-nio-8081-exec-4] DEBUG o.m.s.t.SpringManagedTransaction - JDBC Connection [HikariProxyConnection@1862722053 wrapping com.mysql.cj.jdbc.ConnectionImpl@e66ee6a] will not be managed by Spring
2026-05-27 23:45:50.774 [http-nio-8081-exec-4] DEBUG c.u.b.i.p.m.U.selectList - ==>  Preparing: SELECT id,user_uid,entity_code,role,auth_serial_no,proof_artifact_url,audit_status,is_active,remark,created_at,updated_at FROM user_auth_link WHERE (user_uid = ? AND is_active = ?) ORDER BY updated_at DESC LIMIT 1
2026-05-27 23:45:50.775 [http-nio-8081-exec-4] DEBUG c.u.b.i.p.m.U.selectList - ==> Parameters: US00000000001(String), 1(Integer)
2026-05-27 23:45:50.776 [http-nio-8081-exec-4] DEBUG c.u.b.i.p.m.U.selectList - <==      Total: 1
2026-05-27 23:45:50.776 [http-nio-8081-exec-4] DEBUG org.mybatis.spring.SqlSessionUtils - Closing non transactional SqlSession [org.apache.ibatis.session.defaults.DefaultSqlSession@4870e4aa]
2026-05-27 23:45:50.777 [http-nio-8081-exec-4] DEBUG org.mybatis.spring.SqlSessionUtils - Creating a new SqlSession
2026-05-27 23:45:50.777 [http-nio-8081-exec-4] DEBUG org.mybatis.spring.SqlSessionUtils - SqlSession [org.apache.ibatis.session.defaults.DefaultSqlSession@590a51db] was not registered for synchronization because synchronization is not active
2026-05-27 23:45:50.778 [http-nio-8081-exec-4] DEBUG o.m.s.t.SpringManagedTransaction - JDBC Connection [HikariProxyConnection@378579940 wrapping com.mysql.cj.jdbc.ConnectionImpl@e66ee6a] will not be managed by Spring
2026-05-27 23:45:50.778 [http-nio-8081-exec-4] DEBUG c.u.b.i.p.m.C.selectList - ==>  Preparing: SELECT id,entity_code,name,location,type,logo_url,banner_url,intro,announcement,created_at,updated_at FROM entity_profile WHERE (entity_code = ?) LIMIT 1
2026-05-27 23:45:50.778 [http-nio-8081-exec-4] DEBUG c.u.b.i.p.m.C.selectList - ==> Parameters: 10598(String)
2026-05-27 23:45:50.780 [http-nio-8081-exec-4] DEBUG c.u.b.i.p.m.C.selectList - <==      Total: 1
2026-05-27 23:45:50.780 [http-nio-8081-exec-4] DEBUG org.mybatis.spring.SqlSessionUtils - Closing non transactional SqlSession [org.apache.ibatis.session.defaults.DefaultSqlSession@590a51db]
2026-05-27 23:45:50.784 [http-nio-8081-exec-4] DEBUG org.mybatis.spring.SqlSessionUtils - Creating a new SqlSession
2026-05-27 23:45:50.785 [http-nio-8081-exec-4] DEBUG org.mybatis.spring.SqlSessionUtils - SqlSession [org.apache.ibatis.session.defaults.DefaultSqlSession@30d35955] was not registered for synchronization because synchronization is not active
2026-05-27 23:45:50.786 [http-nio-8081-exec-4] DEBUG o.m.s.t.SpringManagedTransaction - JDBC Connection [HikariProxyConnection@1863931553 wrapping com.mysql.cj.jdbc.ConnectionImpl@e66ee6a] will not be managed by Spring
2026-05-27 23:45:50.786 [http-nio-8081-exec-4] DEBUG c.u.b.i.p.m.C.selectList - ==>  Preparing: SELECT id,project_uid,extended_uid,category,recruitment_type,owner_uid,team_uid,title,preview,editor_type,description,tags,duration,team_size,deadline,level,status,published_at,created_at,updated_at FROM project WHERE (status IN (?,?,?)) ORDER BY published_at DESC,created_at DESC LIMIT 400
2026-05-27 23:45:50.786 [http-nio-8081-exec-4] DEBUG c.u.b.i.p.m.C.selectList - ==> Parameters: CLOSED(String), ONGOING(String), OPEN(String)
2026-05-27 23:45:50.792 [http-nio-8081-exec-4] DEBUG c.u.b.i.p.m.C.selectList - <==      Total: 4
2026-05-27 23:45:50.792 [http-nio-8081-exec-4] DEBUG org.mybatis.spring.SqlSessionUtils - Closing non transactional SqlSession [org.apache.ibatis.session.defaults.DefaultSqlSession@30d35955]
2026-05-27 23:45:50.795 [http-nio-8081-exec-4] DEBUG org.mybatis.spring.SqlSessionUtils - Creating a new SqlSession
2026-05-27 23:45:50.795 [http-nio-8081-exec-4] DEBUG org.mybatis.spring.SqlSessionUtils - SqlSession [org.apache.ibatis.session.defaults.DefaultSqlSession@4d08b1f] was not registered for synchronization because synchronization is not active
2026-05-27 23:45:50.796 [http-nio-8081-exec-4] DEBUG o.m.s.t.SpringManagedTransaction - JDBC Connection [HikariProxyConnection@1898400803 wrapping com.mysql.cj.jdbc.ConnectionImpl@e66ee6a] will not be managed by Spring
2026-05-27 23:45:50.796 [http-nio-8081-exec-4] DEBUG c.u.b.i.p.m.U.selectList - ==>  Preparing: SELECT id,user_uid,entity_code,role,auth_serial_no,proof_artifact_url,audit_status,is_active,remark,created_at,updated_at FROM user_auth_link WHERE (user_uid = ? AND is_active = ?) ORDER BY updated_at DESC LIMIT 1
2026-05-27 23:45:50.796 [http-nio-8081-exec-4] DEBUG c.u.b.i.p.m.U.selectList - ==> Parameters: US00000000002(String), 1(Integer)
2026-05-27 23:45:50.798 [http-nio-8081-exec-4] DEBUG c.u.b.i.p.m.U.selectList - <==      Total: 1
2026-05-27 23:45:50.798 [http-nio-8081-exec-4] DEBUG org.mybatis.spring.SqlSessionUtils - Closing non transactional SqlSession [org.apache.ibatis.session.defaults.DefaultSqlSession@4d08b1f]
2026-05-27 23:45:50.799 [http-nio-8081-exec-4] DEBUG org.mybatis.spring.SqlSessionUtils - Creating a new SqlSession
2026-05-27 23:45:50.799 [http-nio-8081-exec-4] DEBUG org.mybatis.spring.SqlSessionUtils - SqlSession [org.apache.ibatis.session.defaults.DefaultSqlSession@1bbaa5e7] was not registered for synchronization because synchronization is not active
2026-05-27 23:45:50.799 [http-nio-8081-exec-4] DEBUG o.m.s.t.SpringManagedTransaction - JDBC Connection [HikariProxyConnection@1345823975 wrapping com.mysql.cj.jdbc.ConnectionImpl@e66ee6a] will not be managed by Spring
2026-05-27 23:45:50.800 [http-nio-8081-exec-4] DEBUG c.u.b.i.p.m.C.selectList - ==>  Preparing: SELECT id,entity_code,name,location,type,logo_url,banner_url,intro,announcement,created_at,updated_at FROM entity_profile WHERE (entity_code = ?) LIMIT 1
2026-05-27 23:45:50.800 [http-nio-8081-exec-4] DEBUG c.u.b.i.p.m.C.selectList - ==> Parameters: 10598(String)
2026-05-27 23:45:50.802 [http-nio-8081-exec-4] DEBUG c.u.b.i.p.m.C.selectList - <==      Total: 1
2026-05-27 23:45:50.802 [http-nio-8081-exec-4] DEBUG org.mybatis.spring.SqlSessionUtils - Closing non transactional SqlSession [org.apache.ibatis.session.defaults.DefaultSqlSession@1bbaa5e7]
2026-05-27 23:45:50.804 [http-nio-8081-exec-4] DEBUG org.mybatis.spring.SqlSessionUtils - Creating a new SqlSession
2026-05-27 23:45:50.804 [http-nio-8081-exec-4] DEBUG org.mybatis.spring.SqlSessionUtils - SqlSession [org.apache.ibatis.session.defaults.DefaultSqlSession@52300104] was not registered for synchronization because synchronization is not active
2026-05-27 23:45:50.805 [http-nio-8081-exec-4] DEBUG o.m.s.t.SpringManagedTransaction - JDBC Connection [HikariProxyConnection@945379225 wrapping com.mysql.cj.jdbc.ConnectionImpl@e66ee6a] will not be managed by Spring
2026-05-27 23:45:50.805 [http-nio-8081-exec-4] DEBUG c.u.b.i.p.m.U.selectList - ==>  Preparing: SELECT id,user_uid,entity_code,role,auth_serial_no,proof_artifact_url,audit_status,is_active,remark,created_at,updated_at FROM user_auth_link WHERE (user_uid = ? AND is_active = ?) ORDER BY updated_at DESC LIMIT 1
2026-05-27 23:45:50.806 [http-nio-8081-exec-4] DEBUG c.u.b.i.p.m.U.selectList - ==> Parameters: US00000000003(String), 1(Integer)
2026-05-27 23:45:50.808 [http-nio-8081-exec-4] DEBUG c.u.b.i.p.m.U.selectList - <==      Total: 1
2026-05-27 23:45:50.808 [http-nio-8081-exec-4] DEBUG org.mybatis.spring.SqlSessionUtils - Closing non transactional SqlSession [org.apache.ibatis.session.defaults.DefaultSqlSession@52300104]
2026-05-27 23:45:50.809 [http-nio-8081-exec-4] DEBUG org.mybatis.spring.SqlSessionUtils - Creating a new SqlSession
2026-05-27 23:45:50.809 [http-nio-8081-exec-4] DEBUG org.mybatis.spring.SqlSessionUtils - SqlSession [org.apache.ibatis.session.defaults.DefaultSqlSession@39bd46e7] was not registered for synchronization because synchronization is not active
2026-05-27 23:45:50.809 [http-nio-8081-exec-4] DEBUG o.m.s.t.SpringManagedTransaction - JDBC Connection [HikariProxyConnection@1800882421 wrapping com.mysql.cj.jdbc.ConnectionImpl@e66ee6a] will not be managed by Spring
2026-05-27 23:45:50.809 [http-nio-8081-exec-4] DEBUG c.u.b.i.p.m.C.selectList - ==>  Preparing: SELECT id,entity_code,name,location,type,logo_url,banner_url,intro,announcement,created_at,updated_at FROM entity_profile WHERE (entity_code = ?) LIMIT 1
2026-05-27 23:45:50.810 [http-nio-8081-exec-4] DEBUG c.u.b.i.p.m.C.selectList - ==> Parameters: 91440300708461136T(String)
2026-05-27 23:45:50.811 [http-nio-8081-exec-4] DEBUG c.u.b.i.p.m.C.selectList - <==      Total: 1
2026-05-27 23:45:50.811 [http-nio-8081-exec-4] DEBUG org.mybatis.spring.SqlSessionUtils - Closing non transactional SqlSession [org.apache.ibatis.session.defaults.DefaultSqlSession@39bd46e7]
2026-05-27 23:45:50.812 [http-nio-8081-exec-4] DEBUG org.mybatis.spring.SqlSessionUtils - Creating a new SqlSession
2026-05-27 23:45:50.812 [http-nio-8081-exec-4] DEBUG org.mybatis.spring.SqlSessionUtils - SqlSession [org.apache.ibatis.session.defaults.DefaultSqlSession@5ee495c] was not registered for synchronization because synchronization is not active
2026-05-27 23:45:50.813 [http-nio-8081-exec-4] DEBUG o.m.s.t.SpringManagedTransaction - JDBC Connection [HikariProxyConnection@1446489464 wrapping com.mysql.cj.jdbc.ConnectionImpl@e66ee6a] will not be managed by Spring
2026-05-27 23:45:50.813 [http-nio-8081-exec-4] DEBUG c.u.b.i.p.m.U.selectList - ==>  Preparing: SELECT id,user_uid,entity_code,role,auth_serial_no,proof_artifact_url,audit_status,is_active,remark,created_at,updated_at FROM user_auth_link WHERE (user_uid = ? AND is_active = ?) ORDER BY updated_at DESC LIMIT 1
2026-05-27 23:45:50.814 [http-nio-8081-exec-4] DEBUG c.u.b.i.p.m.U.selectList - ==> Parameters: US00000000003(String), 1(Integer)
2026-05-27 23:45:50.816 [http-nio-8081-exec-4] DEBUG c.u.b.i.p.m.U.selectList - <==      Total: 1
2026-05-27 23:45:50.816 [http-nio-8081-exec-4] DEBUG org.mybatis.spring.SqlSessionUtils - Closing non transactional SqlSession [org.apache.ibatis.session.defaults.DefaultSqlSession@5ee495c]
2026-05-27 23:45:50.816 [http-nio-8081-exec-4] DEBUG org.mybatis.spring.SqlSessionUtils - Creating a new SqlSession
2026-05-27 23:45:50.816 [http-nio-8081-exec-4] DEBUG org.mybatis.spring.SqlSessionUtils - SqlSession [org.apache.ibatis.session.defaults.DefaultSqlSession@1fd28c3b] was not registered for synchronization because synchronization is not active
2026-05-27 23:45:50.817 [http-nio-8081-exec-4] DEBUG o.m.s.t.SpringManagedTransaction - JDBC Connection [HikariProxyConnection@1753317940 wrapping com.mysql.cj.jdbc.ConnectionImpl@e66ee6a] will not be managed by Spring
2026-05-27 23:45:50.817 [http-nio-8081-exec-4] DEBUG c.u.b.i.p.m.C.selectList - ==>  Preparing: SELECT id,entity_code,name,location,type,logo_url,banner_url,intro,announcement,created_at,updated_at FROM entity_profile WHERE (entity_code = ?) LIMIT 1
2026-05-27 23:45:50.818 [http-nio-8081-exec-4] DEBUG c.u.b.i.p.m.C.selectList - ==> Parameters: 91440300708461136T(String)
2026-05-27 23:45:50.819 [http-nio-8081-exec-4] DEBUG c.u.b.i.p.m.C.selectList - <==      Total: 1
2026-05-27 23:45:50.820 [http-nio-8081-exec-4] DEBUG org.mybatis.spring.SqlSessionUtils - Closing non transactional SqlSession [org.apache.ibatis.session.defaults.DefaultSqlSession@1fd28c3b]
2026-05-27 23:45:50.820 [http-nio-8081-exec-4] DEBUG org.mybatis.spring.SqlSessionUtils - Creating a new SqlSession
2026-05-27 23:45:50.820 [http-nio-8081-exec-4] DEBUG org.mybatis.spring.SqlSessionUtils - SqlSession [org.apache.ibatis.session.defaults.DefaultSqlSession@36c86af3] was not registered for synchronization because synchronization is not active
2026-05-27 23:45:50.821 [http-nio-8081-exec-4] DEBUG o.m.s.t.SpringManagedTransaction - JDBC Connection [HikariProxyConnection@1039174469 wrapping com.mysql.cj.jdbc.ConnectionImpl@e66ee6a] will not be managed by Spring
2026-05-27 23:45:50.821 [http-nio-8081-exec-4] DEBUG c.u.b.i.p.m.U.selectList - ==>  Preparing: SELECT id,user_uid,entity_code,role,auth_serial_no,proof_artifact_url,audit_status,is_active,remark,created_at,updated_at FROM user_auth_link WHERE (user_uid = ? AND is_active = ?) ORDER BY updated_at DESC LIMIT 1
2026-05-27 23:45:50.821 [http-nio-8081-exec-4] DEBUG c.u.b.i.p.m.U.selectList - ==> Parameters: US00000000003(String), 1(Integer)
2026-05-27 23:45:50.823 [http-nio-8081-exec-4] DEBUG c.u.b.i.p.m.U.selectList - <==      Total: 1
2026-05-27 23:45:50.823 [http-nio-8081-exec-4] DEBUG org.mybatis.spring.SqlSessionUtils - Closing non transactional SqlSession [org.apache.ibatis.session.defaults.DefaultSqlSession@36c86af3]
2026-05-27 23:45:50.824 [http-nio-8081-exec-4] DEBUG org.mybatis.spring.SqlSessionUtils - Creating a new SqlSession
2026-05-27 23:45:50.824 [http-nio-8081-exec-4] DEBUG org.mybatis.spring.SqlSessionUtils - SqlSession [org.apache.ibatis.session.defaults.DefaultSqlSession@6f75c4ca] was not registered for synchronization because synchronization is not active
2026-05-27 23:45:50.824 [http-nio-8081-exec-4] DEBUG o.m.s.t.SpringManagedTransaction - JDBC Connection [HikariProxyConnection@446669861 wrapping com.mysql.cj.jdbc.ConnectionImpl@e66ee6a] will not be managed by Spring
2026-05-27 23:45:50.824 [http-nio-8081-exec-4] DEBUG c.u.b.i.p.m.C.selectList - ==>  Preparing: SELECT id,entity_code,name,location,type,logo_url,banner_url,intro,announcement,created_at,updated_at FROM entity_profile WHERE (entity_code = ?) LIMIT 1
2026-05-27 23:45:50.825 [http-nio-8081-exec-4] DEBUG c.u.b.i.p.m.C.selectList - ==> Parameters: 91440300708461136T(String)
2026-05-27 23:45:50.826 [http-nio-8081-exec-4] DEBUG c.u.b.i.p.m.C.selectList - <==      Total: 1
2026-05-27 23:45:50.826 [http-nio-8081-exec-4] DEBUG org.mybatis.spring.SqlSessionUtils - Closing non transactional SqlSession [org.apache.ibatis.session.defaults.DefaultSqlSession@6f75c4ca]
2026-05-27 23:45:50.828 [http-nio-8081-exec-4] DEBUG c.u.b.d.f.FeedRecommendationService - Home feed computed: userUid=anonymous, notes=5, projects=4
2026-05-27 23:45:50.851 [http-nio-8081-exec-4] INFO  c.u.b.i.c.ApiRequestLoggingFilter - [API] GET /api/v1/client/feed/home -> 200 (770 ms) ip=127.0.0.1 location=局域网
2026-05-27 23:45:50.856 [http-nio-8081-exec-9] DEBUG c.u.b.i.config.IpLocationInterceptor - IP属地解析: ip=127.0.0.1, location=局域网, uri=/api/v1/client/feed/home
2026-05-27 23:45:50.861 [http-nio-8081-exec-9] INFO  c.u.b.i.c.ApiRequestLoggingFilter - [API] GET /api/v1/client/feed/home -> 200 (6 ms) ip=127.0.0.1 location=局域网
2026-05-27 23:46:23.869 [http-nio-8081-exec-7] DEBUG c.u.b.i.config.IpLocationInterceptor - IP属地解析: ip=127.0.0.1, location=局域网, uri=/api/v1/client/auth/personal/sms/send
2026-05-27 23:46:23.880 [http-nio-8081-exec-7] INFO  c.u.backend.domain.auth.AuthService - [ClientAuth] send code channel=sms, account=13800001004, code=064980, bizType=register
2026-05-27 23:46:23.888 [http-nio-8081-exec-7] INFO  c.u.b.i.c.ApiRequestLoggingFilter - [API] POST /api/v1/client/auth/personal/sms/send -> 200 (21 ms) ip=127.0.0.1 location=局域网
2026-05-27 23:46:41.918 [http-nio-8081-exec-6] DEBUG c.u.b.i.config.IpLocationInterceptor - IP属地解析: ip=127.0.0.1, location=局域网, uri=/api/v1/client/auth/personal/register
2026-05-27 23:46:41.918 [http-nio-8081-exec-6] INFO  c.u.b.i.c.ApiRequestLoggingFilter - [API] OPTIONS /api/v1/client/auth/personal/register -> 200 (1 ms) ip=127.0.0.1 location=局域网
2026-05-27 23:46:41.922 [http-nio-8081-exec-3] DEBUG c.u.b.i.config.IpLocationInterceptor - IP属地解析: ip=127.0.0.1, location=局域网, uri=/api/v1/client/auth/personal/register
2026-05-27 23:46:41.938 [http-nio-8081-exec-3] DEBUG org.mybatis.spring.SqlSessionUtils - Creating a new SqlSession
2026-05-27 23:46:41.939 [http-nio-8081-exec-3] DEBUG org.mybatis.spring.SqlSessionUtils - Registering transaction synchronization for SqlSession [org.apache.ibatis.session.defaults.DefaultSqlSession@185d2988]
2026-05-27 23:46:41.944 [http-nio-8081-exec-3] DEBUG o.m.s.t.SpringManagedTransaction - JDBC Connection [HikariProxyConnection@1095980415 wrapping com.mysql.cj.jdbc.ConnectionImpl@e66ee6a] will be managed by Spring
2026-05-27 23:46:41.944 [http-nio-8081-exec-3] DEBUG c.u.b.i.p.m.C.selectList - ==>  Preparing: SELECT id,user_uid,phone,email,password_hash,account_status,account_status_changed_at,account_status_remark,last_login_at,created_at,updated_at FROM user WHERE (phone = ?)
2026-05-27 23:46:41.945 [http-nio-8081-exec-3] DEBUG c.u.b.i.p.m.C.selectList - ==> Parameters: 13800001004(String)
2026-05-27 23:46:41.952 [http-nio-8081-exec-3] DEBUG c.u.b.i.p.m.C.selectList - <==      Total: 0
2026-05-27 23:46:41.954 [http-nio-8081-exec-3] DEBUG org.mybatis.spring.SqlSessionUtils - Releasing transactional SqlSession [org.apache.ibatis.session.defaults.DefaultSqlSession@185d2988]
2026-05-27 23:46:41.965 [http-nio-8081-exec-3] DEBUG org.mybatis.spring.SqlSessionUtils - Fetched SqlSession [org.apache.ibatis.session.defaults.DefaultSqlSession@185d2988] from current transaction
2026-05-27 23:46:41.967 [http-nio-8081-exec-3] DEBUG c.u.b.i.p.m.C.selectCount - ==>  Preparing: SELECT COUNT( * ) AS total FROM user WHERE (user_uid = ?)
2026-05-27 23:46:41.968 [http-nio-8081-exec-3] DEBUG c.u.b.i.p.m.C.selectCount - ==> Parameters: USzrFBKQxd5Iq(String)
2026-05-27 23:46:41.975 [http-nio-8081-exec-3] DEBUG c.u.b.i.p.m.C.selectCount - <==      Total: 1
2026-05-27 23:46:41.976 [http-nio-8081-exec-3] DEBUG org.mybatis.spring.SqlSessionUtils - Releasing transactional SqlSession [org.apache.ibatis.session.defaults.DefaultSqlSession@185d2988]
2026-05-27 23:46:41.979 [http-nio-8081-exec-3] DEBUG org.mybatis.spring.SqlSessionUtils - Fetched SqlSession [org.apache.ibatis.session.defaults.DefaultSqlSession@185d2988] from current transaction
2026-05-27 23:46:41.991 [http-nio-8081-exec-3] DEBUG c.u.b.i.p.m.ClientUserMapper.insert - ==>  Preparing: INSERT INTO user ( user_uid, phone, password_hash, account_status ) VALUES ( ?, ?, ?, ? )
2026-05-27 23:46:41.993 [http-nio-8081-exec-3] DEBUG c.u.b.i.p.m.ClientUserMapper.insert - ==> Parameters: USzrFBKQxd5Iq(String), 13800001004(String), 8d969eef6ecad3c29a3a629280e686cf0c3f5d5a86aff3ca12020c923adc6c92(String), ACTIVE(String)
2026-05-27 23:46:42.009 [http-nio-8081-exec-3] DEBUG c.u.b.i.p.m.ClientUserMapper.insert - <==    Updates: 1
2026-05-27 23:46:42.017 [http-nio-8081-exec-3] DEBUG org.mybatis.spring.SqlSessionUtils - Releasing transactional SqlSession [org.apache.ibatis.session.defaults.DefaultSqlSession@185d2988]
2026-05-27 23:46:42.018 [http-nio-8081-exec-3] DEBUG org.mybatis.spring.SqlSessionUtils - Fetched SqlSession [org.apache.ibatis.session.defaults.DefaultSqlSession@185d2988] from current transaction
2026-05-27 23:46:42.024 [http-nio-8081-exec-3] DEBUG c.u.b.i.p.m.C.insert - ==>  Preparing: INSERT INTO user_profile ( user_uid, nick_name, avatar_url ) VALUES ( ?, ?, ? )
2026-05-27 23:46:42.026 [http-nio-8081-exec-3] DEBUG c.u.b.i.p.m.C.insert - ==> Parameters: USzrFBKQxd5Iq(String), 用户#1004(String), https://api.dicebear.com/9.x/initials/svg?seed=U&backgroundColor=cbd5e1&color=ffffff(String)
2026-05-27 23:46:42.030 [http-nio-8081-exec-3] DEBUG c.u.b.i.p.m.C.insert - <==    Updates: 1
2026-05-27 23:46:42.031 [http-nio-8081-exec-3] DEBUG org.mybatis.spring.SqlSessionUtils - Releasing transactional SqlSession [org.apache.ibatis.session.defaults.DefaultSqlSession@185d2988]
2026-05-27 23:46:42.031 [http-nio-8081-exec-3] DEBUG org.mybatis.spring.SqlSessionUtils - Fetched SqlSession [org.apache.ibatis.session.defaults.DefaultSqlSession@185d2988] from current transaction
2026-05-27 23:46:42.033 [http-nio-8081-exec-3] DEBUG c.u.b.i.p.m.S.insert - ==>  Preparing: INSERT INTO sys_credit_profiles ( user_uid, credit_score, account_status, last_changed_at ) VALUES ( ?, ?, ?, ? )
2026-05-27 23:46:42.037 [http-nio-8081-exec-3] DEBUG c.u.b.i.p.m.S.insert - ==> Parameters: USzrFBKQxd5Iq(String), 600(Integer), ACTIVE(String), 2026-05-27T23:46:42.031787800(LocalDateTime)
2026-05-27 23:46:42.062 [http-nio-8081-exec-3] DEBUG c.u.b.i.p.m.S.insert - <==    Updates: 1
2026-05-27 23:46:42.063 [http-nio-8081-exec-3] DEBUG org.mybatis.spring.SqlSessionUtils - Releasing transactional SqlSession [org.apache.ibatis.session.defaults.DefaultSqlSession@185d2988]
2026-05-27 23:46:42.064 [http-nio-8081-exec-3] DEBUG org.mybatis.spring.SqlSessionUtils - Fetched SqlSession [org.apache.ibatis.session.defaults.DefaultSqlSession@185d2988] from current transaction
2026-05-27 23:46:42.069 [http-nio-8081-exec-3] DEBUG c.u.b.i.p.m.S.insert - ==>  Preparing: INSERT INTO sys_credit_logs ( user_uid, change_amount, score_before, score_after, biz_type, operator_key, remark ) VALUES ( ?, ?, ?, ?, ?, ?, ? )
2026-05-27 23:46:42.071 [http-nio-8081-exec-3] DEBUG c.u.b.i.p.m.S.insert - ==> Parameters: USzrFBKQxd5Iq(String), 600(Integer), 0(Integer), 600(Integer), REGISTER(String), SYSTEM(String), 注册初始化信用分(String)
2026-05-27 23:46:42.086 [http-nio-8081-exec-3] DEBUG c.u.b.i.p.m.S.insert - <==    Updates: 1
2026-05-27 23:46:42.087 [http-nio-8081-exec-3] DEBUG org.mybatis.spring.SqlSessionUtils - Releasing transactional SqlSession [org.apache.ibatis.session.defaults.DefaultSqlSession@185d2988]
2026-05-27 23:46:42.138 [http-nio-8081-exec-3] DEBUG org.mybatis.spring.SqlSessionUtils - Transaction synchronization committing SqlSession [org.apache.ibatis.session.defaults.DefaultSqlSession@185d2988]
2026-05-27 23:46:42.139 [http-nio-8081-exec-3] DEBUG org.mybatis.spring.SqlSessionUtils - Transaction synchronization deregistering SqlSession [org.apache.ibatis.session.defaults.DefaultSqlSession@185d2988]
2026-05-27 23:46:42.140 [http-nio-8081-exec-3] DEBUG org.mybatis.spring.SqlSessionUtils - Transaction synchronization closing SqlSession [org.apache.ibatis.session.defaults.DefaultSqlSession@185d2988]
2026-05-27 23:46:42.159 [http-nio-8081-exec-3] INFO  c.u.b.i.c.ApiRequestLoggingFilter - [API] POST /api/v1/client/auth/personal/register -> 200 (236 ms) ip=127.0.0.1 location=局域网
2026-05-27 23:46:42.200 [http-nio-8081-exec-8] DEBUG c.u.b.i.config.IpLocationInterceptor - IP属地解析: ip=127.0.0.1, location=局域网, uri=/api/v1/client/user-profile/menu
2026-05-27 23:46:42.200 [http-nio-8081-exec-8] INFO  c.u.b.i.c.ApiRequestLoggingFilter - [API] OPTIONS /api/v1/client/user-profile/menu?uid=USzrFBKQxd5Iq -> 200 (1 ms) ip=127.0.0.1 location=局域网
2026-05-27 23:46:42.204 [http-nio-8081-exec-5] DEBUG c.u.b.i.config.IpLocationInterceptor - IP属地解析: ip=127.0.0.1, location=局域网, uri=/api/v1/client/user-profile/menu
2026-05-27 23:46:42.217 [http-nio-8081-exec-5] DEBUG org.mybatis.spring.SqlSessionUtils - Creating a new SqlSession
2026-05-27 23:46:42.217 [http-nio-8081-exec-5] DEBUG org.mybatis.spring.SqlSessionUtils - SqlSession [org.apache.ibatis.session.defaults.DefaultSqlSession@19da8b48] was not registered for synchronization because synchronization is not active
2026-05-27 23:46:42.219 [http-nio-8081-exec-5] DEBUG o.m.s.t.SpringManagedTransaction - JDBC Connection [HikariProxyConnection@1693127569 wrapping com.mysql.cj.jdbc.ConnectionImpl@e66ee6a] will not be managed by Spring
2026-05-27 23:46:42.219 [http-nio-8081-exec-5] DEBUG c.u.b.i.p.m.C.selectList - ==>  Preparing: SELECT id,user_uid,phone,email,password_hash,account_status,account_status_changed_at,account_status_remark,last_login_at,created_at,updated_at FROM user WHERE (user_uid = ?) LIMIT 1
2026-05-27 23:46:42.219 [http-nio-8081-exec-5] DEBUG c.u.b.i.p.m.C.selectList - ==> Parameters: USzrFBKQxd5Iq(String)
2026-05-27 23:46:42.222 [http-nio-8081-exec-5] DEBUG c.u.b.i.p.m.C.selectList - <==      Total: 1
2026-05-27 23:46:42.222 [http-nio-8081-exec-5] DEBUG org.mybatis.spring.SqlSessionUtils - Closing non transactional SqlSession [org.apache.ibatis.session.defaults.DefaultSqlSession@19da8b48]
2026-05-27 23:46:42.223 [http-nio-8081-exec-5] DEBUG org.mybatis.spring.SqlSessionUtils - Creating a new SqlSession
2026-05-27 23:46:42.223 [http-nio-8081-exec-5] DEBUG org.mybatis.spring.SqlSessionUtils - SqlSession [org.apache.ibatis.session.defaults.DefaultSqlSession@de459bf] was not registered for synchronization because synchronization is not active
2026-05-27 23:46:42.225 [http-nio-8081-exec-5] DEBUG o.m.s.t.SpringManagedTransaction - JDBC Connection [HikariProxyConnection@833598473 wrapping com.mysql.cj.jdbc.ConnectionImpl@e66ee6a] will not be managed by Spring
2026-05-27 23:46:42.225 [http-nio-8081-exec-5] DEBUG c.u.b.i.p.m.C.selectList - ==>  Preparing: SELECT id,user_uid,nick_name,real_name,avatar_url,current_entity_name,level,bio_data,career_data,intro,announcement,created_at,updated_at FROM user_profile WHERE (user_uid = ?) LIMIT 1
2026-05-27 23:46:42.226 [http-nio-8081-exec-5] DEBUG c.u.b.i.p.m.C.selectList - ==> Parameters: USzrFBKQxd5Iq(String)
2026-05-27 23:46:42.229 [http-nio-8081-exec-5] DEBUG c.u.b.i.p.m.C.selectList - <==      Total: 1
2026-05-27 23:46:42.229 [http-nio-8081-exec-5] DEBUG org.mybatis.spring.SqlSessionUtils - Closing non transactional SqlSession [org.apache.ibatis.session.defaults.DefaultSqlSession@de459bf]
2026-05-27 23:46:42.232 [http-nio-8081-exec-5] INFO  c.u.b.i.c.ApiRequestLoggingFilter - [API] GET /api/v1/client/user-profile/menu?uid=USzrFBKQxd5Iq -> 200 (28 ms) ip=127.0.0.1 location=局域网
2026-05-27 23:47:00.998 [http-nio-8081-exec-1] DEBUG c.u.b.i.config.IpLocationInterceptor - IP属地解析: ip=127.0.0.1, location=局域网, uri=/api/v1/client/feed/home
2026-05-27 23:47:00.998 [http-nio-8081-exec-2] DEBUG c.u.b.i.config.IpLocationInterceptor - IP属地解析: ip=127.0.0.1, location=局域网, uri=/api/v1/client/user-profile/menu
2026-05-27 23:47:01.006 [http-nio-8081-exec-2] DEBUG org.mybatis.spring.SqlSessionUtils - Creating a new SqlSession
2026-05-27 23:47:01.006 [http-nio-8081-exec-2] DEBUG org.mybatis.spring.SqlSessionUtils - SqlSession [org.apache.ibatis.session.defaults.DefaultSqlSession@2c71a967] was not registered for synchronization because synchronization is not active
2026-05-27 23:47:01.007 [http-nio-8081-exec-1] DEBUG org.mybatis.spring.SqlSessionUtils - Creating a new SqlSession
2026-05-27 23:47:01.007 [http-nio-8081-exec-1] DEBUG org.mybatis.spring.SqlSessionUtils - SqlSession [org.apache.ibatis.session.defaults.DefaultSqlSession@1dd27bfa] was not registered for synchronization because synchronization is not active
2026-05-27 23:47:01.007 [http-nio-8081-exec-2] DEBUG o.m.s.t.SpringManagedTransaction - JDBC Connection [HikariProxyConnection@1333725193 wrapping com.mysql.cj.jdbc.ConnectionImpl@e66ee6a] will not be managed by Spring
2026-05-27 23:47:01.007 [http-nio-8081-exec-2] DEBUG c.u.b.i.p.m.C.selectList - ==>  Preparing: SELECT id,user_uid,phone,email,password_hash,account_status,account_status_changed_at,account_status_remark,last_login_at,created_at,updated_at FROM user WHERE (user_uid = ?) LIMIT 1
2026-05-27 23:47:01.008 [http-nio-8081-exec-1] DEBUG o.m.s.t.SpringManagedTransaction - JDBC Connection [HikariProxyConnection@1007476274 wrapping com.mysql.cj.jdbc.ConnectionImpl@adddf1a] will not be managed by Spring
2026-05-27 23:47:01.008 [http-nio-8081-exec-1] DEBUG c.u.b.i.p.m.U.selectList - ==>  Preparing: SELECT id,user_uid,tag,weight,updated_at FROM user_tag_interests WHERE (user_uid = ?) ORDER BY weight DESC LIMIT 50
2026-05-27 23:47:01.008 [http-nio-8081-exec-2] DEBUG c.u.b.i.p.m.C.selectList - ==> Parameters: USzrFBKQxd5Iq(String)
2026-05-27 23:47:01.008 [http-nio-8081-exec-1] DEBUG c.u.b.i.p.m.U.selectList - ==> Parameters: USzrFBKQxd5Iq(String)
2026-05-27 23:47:01.010 [http-nio-8081-exec-2] DEBUG c.u.b.i.p.m.C.selectList - <==      Total: 1
2026-05-27 23:47:01.010 [http-nio-8081-exec-2] DEBUG org.mybatis.spring.SqlSessionUtils - Closing non transactional SqlSession [org.apache.ibatis.session.defaults.DefaultSqlSession@2c71a967]
2026-05-27 23:47:01.011 [http-nio-8081-exec-2] DEBUG org.mybatis.spring.SqlSessionUtils - Creating a new SqlSession
2026-05-27 23:47:01.011 [http-nio-8081-exec-2] DEBUG org.mybatis.spring.SqlSessionUtils - SqlSession [org.apache.ibatis.session.defaults.DefaultSqlSession@58629c38] was not registered for synchronization because synchronization is not active
2026-05-27 23:47:01.012 [http-nio-8081-exec-2] DEBUG o.m.s.t.SpringManagedTransaction - JDBC Connection [HikariProxyConnection@2046377154 wrapping com.mysql.cj.jdbc.ConnectionImpl@e66ee6a] will not be managed by Spring
2026-05-27 23:47:01.012 [http-nio-8081-exec-2] DEBUG c.u.b.i.p.m.C.selectList - ==>  Preparing: SELECT id,user_uid,nick_name,real_name,avatar_url,current_entity_name,level,bio_data,career_data,intro,announcement,created_at,updated_at FROM user_profile WHERE (user_uid = ?) LIMIT 1
2026-05-27 23:47:01.013 [http-nio-8081-exec-2] DEBUG c.u.b.i.p.m.C.selectList - ==> Parameters: USzrFBKQxd5Iq(String)
2026-05-27 23:47:01.015 [http-nio-8081-exec-1] DEBUG c.u.b.i.p.m.U.selectList - <==      Total: 0
2026-05-27 23:47:01.015 [http-nio-8081-exec-1] DEBUG org.mybatis.spring.SqlSessionUtils - Closing non transactional SqlSession [org.apache.ibatis.session.defaults.DefaultSqlSession@1dd27bfa]
2026-05-27 23:47:01.015 [http-nio-8081-exec-2] DEBUG c.u.b.i.p.m.C.selectList - <==      Total: 1
2026-05-27 23:47:01.015 [http-nio-8081-exec-1] DEBUG org.mybatis.spring.SqlSessionUtils - Creating a new SqlSession
2026-05-27 23:47:01.015 [http-nio-8081-exec-1] DEBUG org.mybatis.spring.SqlSessionUtils - SqlSession [org.apache.ibatis.session.defaults.DefaultSqlSession@61fd2215] was not registered for synchronization because synchronization is not active
2026-05-27 23:47:01.015 [http-nio-8081-exec-2] DEBUG org.mybatis.spring.SqlSessionUtils - Closing non transactional SqlSession [org.apache.ibatis.session.defaults.DefaultSqlSession@58629c38]
2026-05-27 23:47:01.016 [http-nio-8081-exec-1] DEBUG o.m.s.t.SpringManagedTransaction - JDBC Connection [HikariProxyConnection@1004178774 wrapping com.mysql.cj.jdbc.ConnectionImpl@adddf1a] will not be managed by Spring
2026-05-27 23:47:01.016 [http-nio-8081-exec-1] DEBUG c.u.b.i.p.m.C.selectList - ==>  Preparing: SELECT id,user_uid,content_type_code,extended_uid,title,summary,editor_type,content,cover_url,video_url,video_duration,tags,view_count,like_count,collect_count,comment_count,status,published_at,created_at,updated_at FROM note WHERE (status = ?) ORDER BY published_at DESC,created_at DESC LIMIT 400
2026-05-27 23:47:01.017 [http-nio-8081-exec-1] DEBUG c.u.b.i.p.m.C.selectList - ==> Parameters: PUBLISHED(String)
2026-05-27 23:47:01.017 [http-nio-8081-exec-2] INFO  c.u.b.i.c.ApiRequestLoggingFilter - [API] GET /api/v1/client/user-profile/menu?uid=USzrFBKQxd5Iq -> 200 (20 ms) ip=127.0.0.1 location=局域网
2026-05-27 23:47:01.021 [http-nio-8081-exec-4] DEBUG c.u.b.i.config.IpLocationInterceptor - IP属地解析: ip=127.0.0.1, location=局域网, uri=/api/v1/client/user-profile/menu
2026-05-27 23:47:01.026 [http-nio-8081-exec-1] DEBUG c.u.b.i.p.m.C.selectList - <==      Total: 10
2026-05-27 23:47:01.026 [http-nio-8081-exec-1] DEBUG org.mybatis.spring.SqlSessionUtils - Closing non transactional SqlSession [org.apache.ibatis.session.defaults.DefaultSqlSession@61fd2215]
2026-05-27 23:47:01.027 [http-nio-8081-exec-1] DEBUG org.mybatis.spring.SqlSessionUtils - Creating a new SqlSession
2026-05-27 23:47:01.027 [http-nio-8081-exec-1] DEBUG org.mybatis.spring.SqlSessionUtils - SqlSession [org.apache.ibatis.session.defaults.DefaultSqlSession@4cd6b638] was not registered for synchronization because synchronization is not active
2026-05-27 23:47:01.028 [http-nio-8081-exec-4] DEBUG org.mybatis.spring.SqlSessionUtils - Creating a new SqlSession
2026-05-27 23:47:01.028 [http-nio-8081-exec-4] DEBUG org.mybatis.spring.SqlSessionUtils - SqlSession [org.apache.ibatis.session.defaults.DefaultSqlSession@ff275d5] was not registered for synchronization because synchronization is not active
2026-05-27 23:47:01.028 [http-nio-8081-exec-1] DEBUG o.m.s.t.SpringManagedTransaction - JDBC Connection [HikariProxyConnection@596189897 wrapping com.mysql.cj.jdbc.ConnectionImpl@adddf1a] will not be managed by Spring
2026-05-27 23:47:01.029 [http-nio-8081-exec-1] DEBUG c.u.b.i.p.m.C.selectList - ==>  Preparing: SELECT id,user_uid,nick_name,real_name,avatar_url,current_entity_name,level,bio_data,career_data,intro,announcement,created_at,updated_at FROM user_profile WHERE (user_uid = ?) LIMIT 1
2026-05-27 23:47:01.029 [http-nio-8081-exec-4] DEBUG o.m.s.t.SpringManagedTransaction - JDBC Connection [HikariProxyConnection@402167228 wrapping com.mysql.cj.jdbc.ConnectionImpl@e66ee6a] will not be managed by Spring
2026-05-27 23:47:01.029 [http-nio-8081-exec-4] DEBUG c.u.b.i.p.m.C.selectList - ==>  Preparing: SELECT id,user_uid,phone,email,password_hash,account_status,account_status_changed_at,account_status_remark,last_login_at,created_at,updated_at FROM user WHERE (user_uid = ?) LIMIT 1
2026-05-27 23:47:01.029 [http-nio-8081-exec-1] DEBUG c.u.b.i.p.m.C.selectList - ==> Parameters: US00000000001(String)
2026-05-27 23:47:01.029 [http-nio-8081-exec-4] DEBUG c.u.b.i.p.m.C.selectList - ==> Parameters: USzrFBKQxd5Iq(String)
2026-05-27 23:47:01.031 [http-nio-8081-exec-4] DEBUG c.u.b.i.p.m.C.selectList - <==      Total: 1
2026-05-27 23:47:01.031 [http-nio-8081-exec-4] DEBUG org.mybatis.spring.SqlSessionUtils - Closing non transactional SqlSession [org.apache.ibatis.session.defaults.DefaultSqlSession@ff275d5]
2026-05-27 23:47:01.032 [http-nio-8081-exec-4] DEBUG org.mybatis.spring.SqlSessionUtils - Creating a new SqlSession
2026-05-27 23:47:01.032 [http-nio-8081-exec-4] DEBUG org.mybatis.spring.SqlSessionUtils - SqlSession [org.apache.ibatis.session.defaults.DefaultSqlSession@cd5cce1] was not registered for synchronization because synchronization is not active
2026-05-27 23:47:01.032 [http-nio-8081-exec-4] DEBUG o.m.s.t.SpringManagedTransaction - JDBC Connection [HikariProxyConnection@269835379 wrapping com.mysql.cj.jdbc.ConnectionImpl@e66ee6a] will not be managed by Spring
2026-05-27 23:47:01.033 [http-nio-8081-exec-4] DEBUG c.u.b.i.p.m.C.selectList - ==>  Preparing: SELECT id,user_uid,nick_name,real_name,avatar_url,current_entity_name,level,bio_data,career_data,intro,announcement,created_at,updated_at FROM user_profile WHERE (user_uid = ?) LIMIT 1
2026-05-27 23:47:01.033 [http-nio-8081-exec-1] DEBUG c.u.b.i.p.m.C.selectList - <==      Total: 1
2026-05-27 23:47:01.033 [http-nio-8081-exec-1] DEBUG org.mybatis.spring.SqlSessionUtils - Closing non transactional SqlSession [org.apache.ibatis.session.defaults.DefaultSqlSession@4cd6b638]
2026-05-27 23:47:01.033 [http-nio-8081-exec-4] DEBUG c.u.b.i.p.m.C.selectList - ==> Parameters: USzrFBKQxd5Iq(String)
2026-05-27 23:47:01.034 [http-nio-8081-exec-1] DEBUG org.mybatis.spring.SqlSessionUtils - Creating a new SqlSession
2026-05-27 23:47:01.034 [http-nio-8081-exec-1] DEBUG org.mybatis.spring.SqlSessionUtils - SqlSession [org.apache.ibatis.session.defaults.DefaultSqlSession@7bb1e332] was not registered for synchronization because synchronization is not active
2026-05-27 23:47:01.035 [http-nio-8081-exec-1] DEBUG o.m.s.t.SpringManagedTransaction - JDBC Connection [HikariProxyConnection@45088010 wrapping com.mysql.cj.jdbc.ConnectionImpl@adddf1a] will not be managed by Spring
2026-05-27 23:47:01.035 [http-nio-8081-exec-1] DEBUG c.u.b.i.p.m.U.selectList - ==>  Preparing: SELECT id,user_uid,entity_code,role,auth_serial_no,proof_artifact_url,audit_status,is_active,remark,created_at,updated_at FROM user_auth_link WHERE (user_uid = ? AND is_active = ?) ORDER BY updated_at DESC LIMIT 1
2026-05-27 23:47:01.035 [http-nio-8081-exec-4] DEBUG c.u.b.i.p.m.C.selectList - <==      Total: 1
2026-05-27 23:47:01.036 [http-nio-8081-exec-4] DEBUG org.mybatis.spring.SqlSessionUtils - Closing non transactional SqlSession [org.apache.ibatis.session.defaults.DefaultSqlSession@cd5cce1]
2026-05-27 23:47:01.036 [http-nio-8081-exec-1] DEBUG c.u.b.i.p.m.U.selectList - ==> Parameters: US00000000001(String), 1(Integer)
2026-05-27 23:47:01.037 [http-nio-8081-exec-4] INFO  c.u.b.i.c.ApiRequestLoggingFilter - [API] GET /api/v1/client/user-profile/menu?uid=USzrFBKQxd5Iq -> 200 (17 ms) ip=127.0.0.1 location=局域网
2026-05-27 23:47:01.039 [http-nio-8081-exec-1] DEBUG c.u.b.i.p.m.U.selectList - <==      Total: 1
2026-05-27 23:47:01.039 [http-nio-8081-exec-1] DEBUG org.mybatis.spring.SqlSessionUtils - Closing non transactional SqlSession [org.apache.ibatis.session.defaults.DefaultSqlSession@7bb1e332]
2026-05-27 23:47:01.040 [http-nio-8081-exec-1] DEBUG org.mybatis.spring.SqlSessionUtils - Creating a new SqlSession
2026-05-27 23:47:01.040 [http-nio-8081-exec-1] DEBUG org.mybatis.spring.SqlSessionUtils - SqlSession [org.apache.ibatis.session.defaults.DefaultSqlSession@43872f4b] was not registered for synchronization because synchronization is not active
2026-05-27 23:47:01.041 [http-nio-8081-exec-1] DEBUG o.m.s.t.SpringManagedTransaction - JDBC Connection [HikariProxyConnection@937159802 wrapping com.mysql.cj.jdbc.ConnectionImpl@adddf1a] will not be managed by Spring
2026-05-27 23:47:01.041 [http-nio-8081-exec-1] DEBUG c.u.b.i.p.m.C.selectList - ==>  Preparing: SELECT id,entity_code,name,location,type,logo_url,banner_url,intro,announcement,created_at,updated_at FROM entity_profile WHERE (entity_code = ?) LIMIT 1
2026-05-27 23:47:01.042 [http-nio-8081-exec-1] DEBUG c.u.b.i.p.m.C.selectList - ==> Parameters: 10598(String)
2026-05-27 23:47:01.046 [http-nio-8081-exec-1] DEBUG c.u.b.i.p.m.C.selectList - <==      Total: 1
2026-05-27 23:47:01.046 [http-nio-8081-exec-1] DEBUG org.mybatis.spring.SqlSessionUtils - Closing non transactional SqlSession [org.apache.ibatis.session.defaults.DefaultSqlSession@43872f4b]
2026-05-27 23:47:01.048 [http-nio-8081-exec-1] DEBUG org.mybatis.spring.SqlSessionUtils - Creating a new SqlSession
2026-05-27 23:47:01.048 [http-nio-8081-exec-1] DEBUG org.mybatis.spring.SqlSessionUtils - SqlSession [org.apache.ibatis.session.defaults.DefaultSqlSession@7244fc6e] was not registered for synchronization because synchronization is not active
2026-05-27 23:47:01.048 [http-nio-8081-exec-1] DEBUG o.m.s.t.SpringManagedTransaction - JDBC Connection [HikariProxyConnection@138635290 wrapping com.mysql.cj.jdbc.ConnectionImpl@adddf1a] will not be managed by Spring
2026-05-27 23:47:01.049 [http-nio-8081-exec-1] DEBUG c.u.b.i.p.m.C.selectList - ==>  Preparing: SELECT id,user_uid,nick_name,real_name,avatar_url,current_entity_name,level,bio_data,career_data,intro,announcement,created_at,updated_at FROM user_profile WHERE (user_uid = ?) LIMIT 1
2026-05-27 23:47:01.049 [http-nio-8081-exec-1] DEBUG c.u.b.i.p.m.C.selectList - ==> Parameters: US00000000003(String)
2026-05-27 23:47:01.051 [http-nio-8081-exec-1] DEBUG c.u.b.i.p.m.C.selectList - <==      Total: 1
2026-05-27 23:47:01.051 [http-nio-8081-exec-1] DEBUG org.mybatis.spring.SqlSessionUtils - Closing non transactional SqlSession [org.apache.ibatis.session.defaults.DefaultSqlSession@7244fc6e]
2026-05-27 23:47:01.052 [http-nio-8081-exec-1] DEBUG org.mybatis.spring.SqlSessionUtils - Creating a new SqlSession
2026-05-27 23:47:01.052 [http-nio-8081-exec-1] DEBUG org.mybatis.spring.SqlSessionUtils - SqlSession [org.apache.ibatis.session.defaults.DefaultSqlSession@22b12140] was not registered for synchronization because synchronization is not active
2026-05-27 23:47:01.052 [http-nio-8081-exec-1] DEBUG o.m.s.t.SpringManagedTransaction - JDBC Connection [HikariProxyConnection@2009276148 wrapping com.mysql.cj.jdbc.ConnectionImpl@adddf1a] will not be managed by Spring
2026-05-27 23:47:01.052 [http-nio-8081-exec-1] DEBUG c.u.b.i.p.m.U.selectList - ==>  Preparing: SELECT id,user_uid,entity_code,role,auth_serial_no,proof_artifact_url,audit_status,is_active,remark,created_at,updated_at FROM user_auth_link WHERE (user_uid = ? AND is_active = ?) ORDER BY updated_at DESC LIMIT 1
2026-05-27 23:47:01.053 [http-nio-8081-exec-1] DEBUG c.u.b.i.p.m.U.selectList - ==> Parameters: US00000000003(String), 1(Integer)
2026-05-27 23:47:01.056 [http-nio-8081-exec-1] DEBUG c.u.b.i.p.m.U.selectList - <==      Total: 1
2026-05-27 23:47:01.056 [http-nio-8081-exec-1] DEBUG org.mybatis.spring.SqlSessionUtils - Closing non transactional SqlSession [org.apache.ibatis.session.defaults.DefaultSqlSession@22b12140]
2026-05-27 23:47:01.057 [http-nio-8081-exec-1] DEBUG org.mybatis.spring.SqlSessionUtils - Creating a new SqlSession
2026-05-27 23:47:01.057 [http-nio-8081-exec-1] DEBUG org.mybatis.spring.SqlSessionUtils - SqlSession [org.apache.ibatis.session.defaults.DefaultSqlSession@5f1e8674] was not registered for synchronization because synchronization is not active
2026-05-27 23:47:01.057 [http-nio-8081-exec-1] DEBUG o.m.s.t.SpringManagedTransaction - JDBC Connection [HikariProxyConnection@644471010 wrapping com.mysql.cj.jdbc.ConnectionImpl@adddf1a] will not be managed by Spring
2026-05-27 23:47:01.057 [http-nio-8081-exec-1] DEBUG c.u.b.i.p.m.C.selectList - ==>  Preparing: SELECT id,entity_code,name,location,type,logo_url,banner_url,intro,announcement,created_at,updated_at FROM entity_profile WHERE (entity_code = ?) LIMIT 1
2026-05-27 23:47:01.058 [http-nio-8081-exec-1] DEBUG c.u.b.i.p.m.C.selectList - ==> Parameters: 91440300708461136T(String)
2026-05-27 23:47:01.059 [http-nio-8081-exec-1] DEBUG c.u.b.i.p.m.C.selectList - <==      Total: 1
2026-05-27 23:47:01.060 [http-nio-8081-exec-1] DEBUG org.mybatis.spring.SqlSessionUtils - Closing non transactional SqlSession [org.apache.ibatis.session.defaults.DefaultSqlSession@5f1e8674]
2026-05-27 23:47:01.061 [http-nio-8081-exec-1] DEBUG org.mybatis.spring.SqlSessionUtils - Creating a new SqlSession
2026-05-27 23:47:01.061 [http-nio-8081-exec-1] DEBUG org.mybatis.spring.SqlSessionUtils - SqlSession [org.apache.ibatis.session.defaults.DefaultSqlSession@99ed747] was not registered for synchronization because synchronization is not active
2026-05-27 23:47:01.062 [http-nio-8081-exec-1] DEBUG o.m.s.t.SpringManagedTransaction - JDBC Connection [HikariProxyConnection@572054822 wrapping com.mysql.cj.jdbc.ConnectionImpl@adddf1a] will not be managed by Spring
2026-05-27 23:47:01.062 [http-nio-8081-exec-1] DEBUG c.u.b.i.p.m.C.selectList - ==>  Preparing: SELECT id,user_uid,nick_name,real_name,avatar_url,current_entity_name,level,bio_data,career_data,intro,announcement,created_at,updated_at FROM user_profile WHERE (user_uid = ?) LIMIT 1
2026-05-27 23:47:01.062 [http-nio-8081-exec-1] DEBUG c.u.b.i.p.m.C.selectList - ==> Parameters: US00000000002(String)
2026-05-27 23:47:01.064 [http-nio-8081-exec-1] DEBUG c.u.b.i.p.m.C.selectList - <==      Total: 1
2026-05-27 23:47:01.064 [http-nio-8081-exec-1] DEBUG org.mybatis.spring.SqlSessionUtils - Closing non transactional SqlSession [org.apache.ibatis.session.defaults.DefaultSqlSession@99ed747]
2026-05-27 23:47:01.065 [http-nio-8081-exec-1] DEBUG org.mybatis.spring.SqlSessionUtils - Creating a new SqlSession
2026-05-27 23:47:01.065 [http-nio-8081-exec-1] DEBUG org.mybatis.spring.SqlSessionUtils - SqlSession [org.apache.ibatis.session.defaults.DefaultSqlSession@4891584e] was not registered for synchronization because synchronization is not active
2026-05-27 23:47:01.066 [http-nio-8081-exec-1] DEBUG o.m.s.t.SpringManagedTransaction - JDBC Connection [HikariProxyConnection@927632116 wrapping com.mysql.cj.jdbc.ConnectionImpl@adddf1a] will not be managed by Spring
2026-05-27 23:47:01.066 [http-nio-8081-exec-1] DEBUG c.u.b.i.p.m.U.selectList - ==>  Preparing: SELECT id,user_uid,entity_code,role,auth_serial_no,proof_artifact_url,audit_status,is_active,remark,created_at,updated_at FROM user_auth_link WHERE (user_uid = ? AND is_active = ?) ORDER BY updated_at DESC LIMIT 1
2026-05-27 23:47:01.066 [http-nio-8081-exec-1] DEBUG c.u.b.i.p.m.U.selectList - ==> Parameters: US00000000002(String), 1(Integer)
2026-05-27 23:47:01.068 [http-nio-8081-exec-1] DEBUG c.u.b.i.p.m.U.selectList - <==      Total: 1
2026-05-27 23:47:01.069 [http-nio-8081-exec-1] DEBUG org.mybatis.spring.SqlSessionUtils - Closing non transactional SqlSession [org.apache.ibatis.session.defaults.DefaultSqlSession@4891584e]
2026-05-27 23:47:01.070 [http-nio-8081-exec-1] DEBUG org.mybatis.spring.SqlSessionUtils - Creating a new SqlSession
2026-05-27 23:47:01.070 [http-nio-8081-exec-1] DEBUG org.mybatis.spring.SqlSessionUtils - SqlSession [org.apache.ibatis.session.defaults.DefaultSqlSession@6c446935] was not registered for synchronization because synchronization is not active
2026-05-27 23:47:01.071 [http-nio-8081-exec-1] DEBUG o.m.s.t.SpringManagedTransaction - JDBC Connection [HikariProxyConnection@777326555 wrapping com.mysql.cj.jdbc.ConnectionImpl@adddf1a] will not be managed by Spring
2026-05-27 23:47:01.071 [http-nio-8081-exec-1] DEBUG c.u.b.i.p.m.C.selectList - ==>  Preparing: SELECT id,entity_code,name,location,type,logo_url,banner_url,intro,announcement,created_at,updated_at FROM entity_profile WHERE (entity_code = ?) LIMIT 1
2026-05-27 23:47:01.071 [http-nio-8081-exec-1] DEBUG c.u.b.i.p.m.C.selectList - ==> Parameters: 10598(String)
2026-05-27 23:47:01.073 [http-nio-8081-exec-1] DEBUG c.u.b.i.p.m.C.selectList - <==      Total: 1
2026-05-27 23:47:01.073 [http-nio-8081-exec-1] DEBUG org.mybatis.spring.SqlSessionUtils - Closing non transactional SqlSession [org.apache.ibatis.session.defaults.DefaultSqlSession@6c446935]
2026-05-27 23:47:01.074 [http-nio-8081-exec-1] DEBUG org.mybatis.spring.SqlSessionUtils - Creating a new SqlSession
2026-05-27 23:47:01.075 [http-nio-8081-exec-1] DEBUG org.mybatis.spring.SqlSessionUtils - SqlSession [org.apache.ibatis.session.defaults.DefaultSqlSession@62dd4d9c] was not registered for synchronization because synchronization is not active
2026-05-27 23:47:01.076 [http-nio-8081-exec-1] DEBUG o.m.s.t.SpringManagedTransaction - JDBC Connection [HikariProxyConnection@757042483 wrapping com.mysql.cj.jdbc.ConnectionImpl@adddf1a] will not be managed by Spring
2026-05-27 23:47:01.076 [http-nio-8081-exec-1] DEBUG c.u.b.i.p.m.C.selectList - ==>  Preparing: SELECT id,user_uid,nick_name,real_name,avatar_url,current_entity_name,level,bio_data,career_data,intro,announcement,created_at,updated_at FROM user_profile WHERE (user_uid = ?) LIMIT 1
2026-05-27 23:47:01.077 [http-nio-8081-exec-1] DEBUG c.u.b.i.p.m.C.selectList - ==> Parameters: US00000000001(String)
2026-05-27 23:47:01.080 [http-nio-8081-exec-1] DEBUG c.u.b.i.p.m.C.selectList - <==      Total: 1
2026-05-27 23:47:01.080 [http-nio-8081-exec-1] DEBUG org.mybatis.spring.SqlSessionUtils - Closing non transactional SqlSession [org.apache.ibatis.session.defaults.DefaultSqlSession@62dd4d9c]
2026-05-27 23:47:01.081 [http-nio-8081-exec-1] DEBUG org.mybatis.spring.SqlSessionUtils - Creating a new SqlSession
2026-05-27 23:47:01.081 [http-nio-8081-exec-1] DEBUG org.mybatis.spring.SqlSessionUtils - SqlSession [org.apache.ibatis.session.defaults.DefaultSqlSession@3fe36160] was not registered for synchronization because synchronization is not active
2026-05-27 23:47:01.081 [http-nio-8081-exec-1] DEBUG o.m.s.t.SpringManagedTransaction - JDBC Connection [HikariProxyConnection@937065133 wrapping com.mysql.cj.jdbc.ConnectionImpl@adddf1a] will not be managed by Spring
2026-05-27 23:47:01.081 [http-nio-8081-exec-1] DEBUG c.u.b.i.p.m.U.selectList - ==>  Preparing: SELECT id,user_uid,entity_code,role,auth_serial_no,proof_artifact_url,audit_status,is_active,remark,created_at,updated_at FROM user_auth_link WHERE (user_uid = ? AND is_active = ?) ORDER BY updated_at DESC LIMIT 1
2026-05-27 23:47:01.082 [http-nio-8081-exec-1] DEBUG c.u.b.i.p.m.U.selectList - ==> Parameters: US00000000001(String), 1(Integer)
2026-05-27 23:47:01.085 [http-nio-8081-exec-1] DEBUG c.u.b.i.p.m.U.selectList - <==      Total: 1
2026-05-27 23:47:01.085 [http-nio-8081-exec-1] DEBUG org.mybatis.spring.SqlSessionUtils - Closing non transactional SqlSession [org.apache.ibatis.session.defaults.DefaultSqlSession@3fe36160]
2026-05-27 23:47:01.085 [http-nio-8081-exec-1] DEBUG org.mybatis.spring.SqlSessionUtils - Creating a new SqlSession
2026-05-27 23:47:01.086 [http-nio-8081-exec-1] DEBUG org.mybatis.spring.SqlSessionUtils - SqlSession [org.apache.ibatis.session.defaults.DefaultSqlSession@5ed381b7] was not registered for synchronization because synchronization is not active
2026-05-27 23:47:01.087 [http-nio-8081-exec-1] DEBUG o.m.s.t.SpringManagedTransaction - JDBC Connection [HikariProxyConnection@2048856940 wrapping com.mysql.cj.jdbc.ConnectionImpl@adddf1a] will not be managed by Spring
2026-05-27 23:47:01.087 [http-nio-8081-exec-1] DEBUG c.u.b.i.p.m.C.selectList - ==>  Preparing: SELECT id,entity_code,name,location,type,logo_url,banner_url,intro,announcement,created_at,updated_at FROM entity_profile WHERE (entity_code = ?) LIMIT 1
2026-05-27 23:47:01.087 [http-nio-8081-exec-1] DEBUG c.u.b.i.p.m.C.selectList - ==> Parameters: 10598(String)
2026-05-27 23:47:01.091 [http-nio-8081-exec-1] DEBUG c.u.b.i.p.m.C.selectList - <==      Total: 1
2026-05-27 23:47:01.092 [http-nio-8081-exec-1] DEBUG org.mybatis.spring.SqlSessionUtils - Closing non transactional SqlSession [org.apache.ibatis.session.defaults.DefaultSqlSession@5ed381b7]
2026-05-27 23:47:01.094 [http-nio-8081-exec-1] DEBUG org.mybatis.spring.SqlSessionUtils - Creating a new SqlSession
2026-05-27 23:47:01.094 [http-nio-8081-exec-1] DEBUG org.mybatis.spring.SqlSessionUtils - SqlSession [org.apache.ibatis.session.defaults.DefaultSqlSession@10fc0ba1] was not registered for synchronization because synchronization is not active
2026-05-27 23:47:01.095 [http-nio-8081-exec-1] DEBUG o.m.s.t.SpringManagedTransaction - JDBC Connection [HikariProxyConnection@1382088240 wrapping com.mysql.cj.jdbc.ConnectionImpl@adddf1a] will not be managed by Spring
2026-05-27 23:47:01.096 [http-nio-8081-exec-1] DEBUG c.u.b.i.p.m.C.selectList - ==>  Preparing: SELECT id,user_uid,nick_name,real_name,avatar_url,current_entity_name,level,bio_data,career_data,intro,announcement,created_at,updated_at FROM user_profile WHERE (user_uid = ?) LIMIT 1
2026-05-27 23:47:01.097 [http-nio-8081-exec-1] DEBUG c.u.b.i.p.m.C.selectList - ==> Parameters: US00000000003(String)
2026-05-27 23:47:01.099 [http-nio-8081-exec-1] DEBUG c.u.b.i.p.m.C.selectList - <==      Total: 1
2026-05-27 23:47:01.099 [http-nio-8081-exec-1] DEBUG org.mybatis.spring.SqlSessionUtils - Closing non transactional SqlSession [org.apache.ibatis.session.defaults.DefaultSqlSession@10fc0ba1]
2026-05-27 23:47:01.102 [http-nio-8081-exec-1] DEBUG org.mybatis.spring.SqlSessionUtils - Creating a new SqlSession
2026-05-27 23:47:01.102 [http-nio-8081-exec-1] DEBUG org.mybatis.spring.SqlSessionUtils - SqlSession [org.apache.ibatis.session.defaults.DefaultSqlSession@6e20607e] was not registered for synchronization because synchronization is not active
2026-05-27 23:47:01.103 [http-nio-8081-exec-1] DEBUG o.m.s.t.SpringManagedTransaction - JDBC Connection [HikariProxyConnection@519167768 wrapping com.mysql.cj.jdbc.ConnectionImpl@adddf1a] will not be managed by Spring
2026-05-27 23:47:01.103 [http-nio-8081-exec-1] DEBUG c.u.b.i.p.m.U.selectList - ==>  Preparing: SELECT id,user_uid,entity_code,role,auth_serial_no,proof_artifact_url,audit_status,is_active,remark,created_at,updated_at FROM user_auth_link WHERE (user_uid = ? AND is_active = ?) ORDER BY updated_at DESC LIMIT 1
2026-05-27 23:47:01.104 [http-nio-8081-exec-1] DEBUG c.u.b.i.p.m.U.selectList - ==> Parameters: US00000000003(String), 1(Integer)
2026-05-27 23:47:01.106 [http-nio-8081-exec-1] DEBUG c.u.b.i.p.m.U.selectList - <==      Total: 1
2026-05-27 23:47:01.107 [http-nio-8081-exec-1] DEBUG org.mybatis.spring.SqlSessionUtils - Closing non transactional SqlSession [org.apache.ibatis.session.defaults.DefaultSqlSession@6e20607e]
2026-05-27 23:47:01.108 [http-nio-8081-exec-1] DEBUG org.mybatis.spring.SqlSessionUtils - Creating a new SqlSession
2026-05-27 23:47:01.108 [http-nio-8081-exec-1] DEBUG org.mybatis.spring.SqlSessionUtils - SqlSession [org.apache.ibatis.session.defaults.DefaultSqlSession@2b285c96] was not registered for synchronization because synchronization is not active
2026-05-27 23:47:01.109 [http-nio-8081-exec-1] DEBUG o.m.s.t.SpringManagedTransaction - JDBC Connection [HikariProxyConnection@1189542429 wrapping com.mysql.cj.jdbc.ConnectionImpl@adddf1a] will not be managed by Spring
2026-05-27 23:47:01.109 [http-nio-8081-exec-1] DEBUG c.u.b.i.p.m.C.selectList - ==>  Preparing: SELECT id,entity_code,name,location,type,logo_url,banner_url,intro,announcement,created_at,updated_at FROM entity_profile WHERE (entity_code = ?) LIMIT 1
2026-05-27 23:47:01.109 [http-nio-8081-exec-1] DEBUG c.u.b.i.p.m.C.selectList - ==> Parameters: 91440300708461136T(String)
2026-05-27 23:47:01.111 [http-nio-8081-exec-1] DEBUG c.u.b.i.p.m.C.selectList - <==      Total: 1
2026-05-27 23:47:01.112 [http-nio-8081-exec-1] DEBUG org.mybatis.spring.SqlSessionUtils - Closing non transactional SqlSession [org.apache.ibatis.session.defaults.DefaultSqlSession@2b285c96]
2026-05-27 23:47:01.113 [http-nio-8081-exec-1] DEBUG org.mybatis.spring.SqlSessionUtils - Creating a new SqlSession
2026-05-27 23:47:01.113 [http-nio-8081-exec-1] DEBUG org.mybatis.spring.SqlSessionUtils - SqlSession [org.apache.ibatis.session.defaults.DefaultSqlSession@34b424f2] was not registered for synchronization because synchronization is not active
2026-05-27 23:47:01.114 [http-nio-8081-exec-1] DEBUG o.m.s.t.SpringManagedTransaction - JDBC Connection [HikariProxyConnection@1569788446 wrapping com.mysql.cj.jdbc.ConnectionImpl@adddf1a] will not be managed by Spring
2026-05-27 23:47:01.114 [http-nio-8081-exec-1] DEBUG c.u.b.i.p.m.C.selectList - ==>  Preparing: SELECT id,user_uid,nick_name,real_name,avatar_url,current_entity_name,level,bio_data,career_data,intro,announcement,created_at,updated_at FROM user_profile WHERE (user_uid = ?) LIMIT 1
2026-05-27 23:47:01.114 [http-nio-8081-exec-1] DEBUG c.u.b.i.p.m.C.selectList - ==> Parameters: US00000000002(String)
2026-05-27 23:47:01.116 [http-nio-8081-exec-1] DEBUG c.u.b.i.p.m.C.selectList - <==      Total: 1
2026-05-27 23:47:01.117 [http-nio-8081-exec-1] DEBUG org.mybatis.spring.SqlSessionUtils - Closing non transactional SqlSession [org.apache.ibatis.session.defaults.DefaultSqlSession@34b424f2]
2026-05-27 23:47:01.117 [http-nio-8081-exec-1] DEBUG org.mybatis.spring.SqlSessionUtils - Creating a new SqlSession
2026-05-27 23:47:01.117 [http-nio-8081-exec-1] DEBUG org.mybatis.spring.SqlSessionUtils - SqlSession [org.apache.ibatis.session.defaults.DefaultSqlSession@5a6352b] was not registered for synchronization because synchronization is not active
2026-05-27 23:47:01.118 [http-nio-8081-exec-1] DEBUG o.m.s.t.SpringManagedTransaction - JDBC Connection [HikariProxyConnection@270533337 wrapping com.mysql.cj.jdbc.ConnectionImpl@adddf1a] will not be managed by Spring
2026-05-27 23:47:01.118 [http-nio-8081-exec-1] DEBUG c.u.b.i.p.m.U.selectList - ==>  Preparing: SELECT id,user_uid,entity_code,role,auth_serial_no,proof_artifact_url,audit_status,is_active,remark,created_at,updated_at FROM user_auth_link WHERE (user_uid = ? AND is_active = ?) ORDER BY updated_at DESC LIMIT 1
2026-05-27 23:47:01.119 [http-nio-8081-exec-1] DEBUG c.u.b.i.p.m.U.selectList - ==> Parameters: US00000000002(String), 1(Integer)
2026-05-27 23:47:01.121 [http-nio-8081-exec-1] DEBUG c.u.b.i.p.m.U.selectList - <==      Total: 1
2026-05-27 23:47:01.121 [http-nio-8081-exec-1] DEBUG org.mybatis.spring.SqlSessionUtils - Closing non transactional SqlSession [org.apache.ibatis.session.defaults.DefaultSqlSession@5a6352b]
2026-05-27 23:47:01.122 [http-nio-8081-exec-1] DEBUG org.mybatis.spring.SqlSessionUtils - Creating a new SqlSession
2026-05-27 23:47:01.123 [http-nio-8081-exec-1] DEBUG org.mybatis.spring.SqlSessionUtils - SqlSession [org.apache.ibatis.session.defaults.DefaultSqlSession@5852e519] was not registered for synchronization because synchronization is not active
2026-05-27 23:47:01.123 [http-nio-8081-exec-1] DEBUG o.m.s.t.SpringManagedTransaction - JDBC Connection [HikariProxyConnection@1827249237 wrapping com.mysql.cj.jdbc.ConnectionImpl@adddf1a] will not be managed by Spring
2026-05-27 23:47:01.123 [http-nio-8081-exec-1] DEBUG c.u.b.i.p.m.C.selectList - ==>  Preparing: SELECT id,entity_code,name,location,type,logo_url,banner_url,intro,announcement,created_at,updated_at FROM entity_profile WHERE (entity_code = ?) LIMIT 1
2026-05-27 23:47:01.124 [http-nio-8081-exec-1] DEBUG c.u.b.i.p.m.C.selectList - ==> Parameters: 10598(String)
2026-05-27 23:47:01.126 [http-nio-8081-exec-1] DEBUG c.u.b.i.p.m.C.selectList - <==      Total: 1
2026-05-27 23:47:01.126 [http-nio-8081-exec-1] DEBUG org.mybatis.spring.SqlSessionUtils - Closing non transactional SqlSession [org.apache.ibatis.session.defaults.DefaultSqlSession@5852e519]
2026-05-27 23:47:01.127 [http-nio-8081-exec-1] DEBUG org.mybatis.spring.SqlSessionUtils - Creating a new SqlSession
2026-05-27 23:47:01.127 [http-nio-8081-exec-1] DEBUG org.mybatis.spring.SqlSessionUtils - SqlSession [org.apache.ibatis.session.defaults.DefaultSqlSession@1ec0e488] was not registered for synchronization because synchronization is not active
2026-05-27 23:47:01.128 [http-nio-8081-exec-1] DEBUG o.m.s.t.SpringManagedTransaction - JDBC Connection [HikariProxyConnection@1375055972 wrapping com.mysql.cj.jdbc.ConnectionImpl@adddf1a] will not be managed by Spring
2026-05-27 23:47:01.128 [http-nio-8081-exec-1] DEBUG c.u.b.i.p.m.C.selectList - ==>  Preparing: SELECT id,user_uid,nick_name,real_name,avatar_url,current_entity_name,level,bio_data,career_data,intro,announcement,created_at,updated_at FROM user_profile WHERE (user_uid = ?) LIMIT 1
2026-05-27 23:47:01.128 [http-nio-8081-exec-1] DEBUG c.u.b.i.p.m.C.selectList - ==> Parameters: US00000000001(String)
2026-05-27 23:47:01.130 [http-nio-8081-exec-1] DEBUG c.u.b.i.p.m.C.selectList - <==      Total: 1
2026-05-27 23:47:01.131 [http-nio-8081-exec-1] DEBUG org.mybatis.spring.SqlSessionUtils - Closing non transactional SqlSession [org.apache.ibatis.session.defaults.DefaultSqlSession@1ec0e488]
2026-05-27 23:47:01.131 [http-nio-8081-exec-1] DEBUG org.mybatis.spring.SqlSessionUtils - Creating a new SqlSession
2026-05-27 23:47:01.131 [http-nio-8081-exec-1] DEBUG org.mybatis.spring.SqlSessionUtils - SqlSession [org.apache.ibatis.session.defaults.DefaultSqlSession@76781f6e] was not registered for synchronization because synchronization is not active
2026-05-27 23:47:01.132 [http-nio-8081-exec-1] DEBUG o.m.s.t.SpringManagedTransaction - JDBC Connection [HikariProxyConnection@1871004045 wrapping com.mysql.cj.jdbc.ConnectionImpl@adddf1a] will not be managed by Spring
2026-05-27 23:47:01.132 [http-nio-8081-exec-1] DEBUG c.u.b.i.p.m.U.selectList - ==>  Preparing: SELECT id,user_uid,entity_code,role,auth_serial_no,proof_artifact_url,audit_status,is_active,remark,created_at,updated_at FROM user_auth_link WHERE (user_uid = ? AND is_active = ?) ORDER BY updated_at DESC LIMIT 1
2026-05-27 23:47:01.132 [http-nio-8081-exec-1] DEBUG c.u.b.i.p.m.U.selectList - ==> Parameters: US00000000001(String), 1(Integer)
2026-05-27 23:47:01.134 [http-nio-8081-exec-1] DEBUG c.u.b.i.p.m.U.selectList - <==      Total: 1
2026-05-27 23:47:01.135 [http-nio-8081-exec-1] DEBUG org.mybatis.spring.SqlSessionUtils - Closing non transactional SqlSession [org.apache.ibatis.session.defaults.DefaultSqlSession@76781f6e]
2026-05-27 23:47:01.135 [http-nio-8081-exec-1] DEBUG org.mybatis.spring.SqlSessionUtils - Creating a new SqlSession
2026-05-27 23:47:01.135 [http-nio-8081-exec-1] DEBUG org.mybatis.spring.SqlSessionUtils - SqlSession [org.apache.ibatis.session.defaults.DefaultSqlSession@167d128e] was not registered for synchronization because synchronization is not active
2026-05-27 23:47:01.136 [http-nio-8081-exec-1] DEBUG o.m.s.t.SpringManagedTransaction - JDBC Connection [HikariProxyConnection@550038592 wrapping com.mysql.cj.jdbc.ConnectionImpl@adddf1a] will not be managed by Spring
2026-05-27 23:47:01.136 [http-nio-8081-exec-1] DEBUG c.u.b.i.p.m.C.selectList - ==>  Preparing: SELECT id,entity_code,name,location,type,logo_url,banner_url,intro,announcement,created_at,updated_at FROM entity_profile WHERE (entity_code = ?) LIMIT 1
2026-05-27 23:47:01.136 [http-nio-8081-exec-1] DEBUG c.u.b.i.p.m.C.selectList - ==> Parameters: 10598(String)
2026-05-27 23:47:01.137 [http-nio-8081-exec-1] DEBUG c.u.b.i.p.m.C.selectList - <==      Total: 1
2026-05-27 23:47:01.137 [http-nio-8081-exec-1] DEBUG org.mybatis.spring.SqlSessionUtils - Closing non transactional SqlSession [org.apache.ibatis.session.defaults.DefaultSqlSession@167d128e]
2026-05-27 23:47:01.139 [http-nio-8081-exec-1] DEBUG org.mybatis.spring.SqlSessionUtils - Creating a new SqlSession
2026-05-27 23:47:01.139 [http-nio-8081-exec-1] DEBUG org.mybatis.spring.SqlSessionUtils - SqlSession [org.apache.ibatis.session.defaults.DefaultSqlSession@b317d36] was not registered for synchronization because synchronization is not active
2026-05-27 23:47:01.140 [http-nio-8081-exec-1] DEBUG o.m.s.t.SpringManagedTransaction - JDBC Connection [HikariProxyConnection@1973876668 wrapping com.mysql.cj.jdbc.ConnectionImpl@adddf1a] will not be managed by Spring
2026-05-27 23:47:01.140 [http-nio-8081-exec-1] DEBUG c.u.b.i.p.m.C.selectList - ==>  Preparing: SELECT id,user_uid,nick_name,real_name,avatar_url,current_entity_name,level,bio_data,career_data,intro,announcement,created_at,updated_at FROM user_profile WHERE (user_uid = ?) LIMIT 1
2026-05-27 23:47:01.140 [http-nio-8081-exec-1] DEBUG c.u.b.i.p.m.C.selectList - ==> Parameters: US00000000003(String)
2026-05-27 23:47:01.142 [http-nio-8081-exec-1] DEBUG c.u.b.i.p.m.C.selectList - <==      Total: 1
2026-05-27 23:47:01.143 [http-nio-8081-exec-1] DEBUG org.mybatis.spring.SqlSessionUtils - Closing non transactional SqlSession [org.apache.ibatis.session.defaults.DefaultSqlSession@b317d36]
2026-05-27 23:47:01.143 [http-nio-8081-exec-1] DEBUG org.mybatis.spring.SqlSessionUtils - Creating a new SqlSession
2026-05-27 23:47:01.143 [http-nio-8081-exec-1] DEBUG org.mybatis.spring.SqlSessionUtils - SqlSession [org.apache.ibatis.session.defaults.DefaultSqlSession@55ef5eb4] was not registered for synchronization because synchronization is not active
2026-05-27 23:47:01.144 [http-nio-8081-exec-1] DEBUG o.m.s.t.SpringManagedTransaction - JDBC Connection [HikariProxyConnection@1438077426 wrapping com.mysql.cj.jdbc.ConnectionImpl@adddf1a] will not be managed by Spring
2026-05-27 23:47:01.144 [http-nio-8081-exec-1] DEBUG c.u.b.i.p.m.U.selectList - ==>  Preparing: SELECT id,user_uid,entity_code,role,auth_serial_no,proof_artifact_url,audit_status,is_active,remark,created_at,updated_at FROM user_auth_link WHERE (user_uid = ? AND is_active = ?) ORDER BY updated_at DESC LIMIT 1
2026-05-27 23:47:01.144 [http-nio-8081-exec-1] DEBUG c.u.b.i.p.m.U.selectList - ==> Parameters: US00000000003(String), 1(Integer)
2026-05-27 23:47:01.147 [http-nio-8081-exec-1] DEBUG c.u.b.i.p.m.U.selectList - <==      Total: 1
2026-05-27 23:47:01.147 [http-nio-8081-exec-1] DEBUG org.mybatis.spring.SqlSessionUtils - Closing non transactional SqlSession [org.apache.ibatis.session.defaults.DefaultSqlSession@55ef5eb4]
2026-05-27 23:47:01.148 [http-nio-8081-exec-1] DEBUG org.mybatis.spring.SqlSessionUtils - Creating a new SqlSession
2026-05-27 23:47:01.148 [http-nio-8081-exec-1] DEBUG org.mybatis.spring.SqlSessionUtils - SqlSession [org.apache.ibatis.session.defaults.DefaultSqlSession@5837dc29] was not registered for synchronization because synchronization is not active
2026-05-27 23:47:01.148 [http-nio-8081-exec-1] DEBUG o.m.s.t.SpringManagedTransaction - JDBC Connection [HikariProxyConnection@2005017445 wrapping com.mysql.cj.jdbc.ConnectionImpl@adddf1a] will not be managed by Spring
2026-05-27 23:47:01.148 [http-nio-8081-exec-1] DEBUG c.u.b.i.p.m.C.selectList - ==>  Preparing: SELECT id,entity_code,name,location,type,logo_url,banner_url,intro,announcement,created_at,updated_at FROM entity_profile WHERE (entity_code = ?) LIMIT 1
2026-05-27 23:47:01.149 [http-nio-8081-exec-1] DEBUG c.u.b.i.p.m.C.selectList - ==> Parameters: 91440300708461136T(String)
2026-05-27 23:47:01.150 [http-nio-8081-exec-1] DEBUG c.u.b.i.p.m.C.selectList - <==      Total: 1
2026-05-27 23:47:01.150 [http-nio-8081-exec-1] DEBUG org.mybatis.spring.SqlSessionUtils - Closing non transactional SqlSession [org.apache.ibatis.session.defaults.DefaultSqlSession@5837dc29]
2026-05-27 23:47:01.151 [http-nio-8081-exec-1] DEBUG org.mybatis.spring.SqlSessionUtils - Creating a new SqlSession
2026-05-27 23:47:01.152 [http-nio-8081-exec-1] DEBUG org.mybatis.spring.SqlSessionUtils - SqlSession [org.apache.ibatis.session.defaults.DefaultSqlSession@7d61b96c] was not registered for synchronization because synchronization is not active
2026-05-27 23:47:01.152 [http-nio-8081-exec-1] DEBUG o.m.s.t.SpringManagedTransaction - JDBC Connection [HikariProxyConnection@466740349 wrapping com.mysql.cj.jdbc.ConnectionImpl@adddf1a] will not be managed by Spring
2026-05-27 23:47:01.153 [http-nio-8081-exec-1] DEBUG c.u.b.i.p.m.C.selectList - ==>  Preparing: SELECT id,user_uid,nick_name,real_name,avatar_url,current_entity_name,level,bio_data,career_data,intro,announcement,created_at,updated_at FROM user_profile WHERE (user_uid = ?) LIMIT 1
2026-05-27 23:47:01.153 [http-nio-8081-exec-1] DEBUG c.u.b.i.p.m.C.selectList - ==> Parameters: US00000000002(String)
2026-05-27 23:47:01.155 [http-nio-8081-exec-1] DEBUG c.u.b.i.p.m.C.selectList - <==      Total: 1
2026-05-27 23:47:01.155 [http-nio-8081-exec-1] DEBUG org.mybatis.spring.SqlSessionUtils - Closing non transactional SqlSession [org.apache.ibatis.session.defaults.DefaultSqlSession@7d61b96c]
2026-05-27 23:47:01.156 [http-nio-8081-exec-1] DEBUG org.mybatis.spring.SqlSessionUtils - Creating a new SqlSession
2026-05-27 23:47:01.156 [http-nio-8081-exec-1] DEBUG org.mybatis.spring.SqlSessionUtils - SqlSession [org.apache.ibatis.session.defaults.DefaultSqlSession@4be86e8e] was not registered for synchronization because synchronization is not active
2026-05-27 23:47:01.157 [http-nio-8081-exec-1] DEBUG o.m.s.t.SpringManagedTransaction - JDBC Connection [HikariProxyConnection@1001522246 wrapping com.mysql.cj.jdbc.ConnectionImpl@adddf1a] will not be managed by Spring
2026-05-27 23:47:01.157 [http-nio-8081-exec-1] DEBUG c.u.b.i.p.m.U.selectList - ==>  Preparing: SELECT id,user_uid,entity_code,role,auth_serial_no,proof_artifact_url,audit_status,is_active,remark,created_at,updated_at FROM user_auth_link WHERE (user_uid = ? AND is_active = ?) ORDER BY updated_at DESC LIMIT 1
2026-05-27 23:47:01.158 [http-nio-8081-exec-1] DEBUG c.u.b.i.p.m.U.selectList - ==> Parameters: US00000000002(String), 1(Integer)
2026-05-27 23:47:01.160 [http-nio-8081-exec-1] DEBUG c.u.b.i.p.m.U.selectList - <==      Total: 1
2026-05-27 23:47:01.160 [http-nio-8081-exec-1] DEBUG org.mybatis.spring.SqlSessionUtils - Closing non transactional SqlSession [org.apache.ibatis.session.defaults.DefaultSqlSession@4be86e8e]
2026-05-27 23:47:01.161 [http-nio-8081-exec-1] DEBUG org.mybatis.spring.SqlSessionUtils - Creating a new SqlSession
2026-05-27 23:47:01.161 [http-nio-8081-exec-1] DEBUG org.mybatis.spring.SqlSessionUtils - SqlSession [org.apache.ibatis.session.defaults.DefaultSqlSession@21dfd0ef] was not registered for synchronization because synchronization is not active
2026-05-27 23:47:01.161 [http-nio-8081-exec-1] DEBUG o.m.s.t.SpringManagedTransaction - JDBC Connection [HikariProxyConnection@701187652 wrapping com.mysql.cj.jdbc.ConnectionImpl@adddf1a] will not be managed by Spring
2026-05-27 23:47:01.161 [http-nio-8081-exec-1] DEBUG c.u.b.i.p.m.C.selectList - ==>  Preparing: SELECT id,entity_code,name,location,type,logo_url,banner_url,intro,announcement,created_at,updated_at FROM entity_profile WHERE (entity_code = ?) LIMIT 1
2026-05-27 23:47:01.161 [http-nio-8081-exec-1] DEBUG c.u.b.i.p.m.C.selectList - ==> Parameters: 10598(String)
2026-05-27 23:47:01.164 [http-nio-8081-exec-1] DEBUG c.u.b.i.p.m.C.selectList - <==      Total: 1
2026-05-27 23:47:01.164 [http-nio-8081-exec-1] DEBUG org.mybatis.spring.SqlSessionUtils - Closing non transactional SqlSession [org.apache.ibatis.session.defaults.DefaultSqlSession@21dfd0ef]
2026-05-27 23:47:01.165 [http-nio-8081-exec-1] DEBUG org.mybatis.spring.SqlSessionUtils - Creating a new SqlSession
2026-05-27 23:47:01.165 [http-nio-8081-exec-1] DEBUG org.mybatis.spring.SqlSessionUtils - SqlSession [org.apache.ibatis.session.defaults.DefaultSqlSession@ac6bce5] was not registered for synchronization because synchronization is not active
2026-05-27 23:47:01.165 [http-nio-8081-exec-1] DEBUG o.m.s.t.SpringManagedTransaction - JDBC Connection [HikariProxyConnection@1438731770 wrapping com.mysql.cj.jdbc.ConnectionImpl@adddf1a] will not be managed by Spring
2026-05-27 23:47:01.165 [http-nio-8081-exec-1] DEBUG c.u.b.i.p.m.C.selectList - ==>  Preparing: SELECT id,user_uid,nick_name,real_name,avatar_url,current_entity_name,level,bio_data,career_data,intro,announcement,created_at,updated_at FROM user_profile WHERE (user_uid = ?) LIMIT 1
2026-05-27 23:47:01.166 [http-nio-8081-exec-1] DEBUG c.u.b.i.p.m.C.selectList - ==> Parameters: US00000000001(String)
2026-05-27 23:47:01.167 [http-nio-8081-exec-1] DEBUG c.u.b.i.p.m.C.selectList - <==      Total: 1
2026-05-27 23:47:01.167 [http-nio-8081-exec-1] DEBUG org.mybatis.spring.SqlSessionUtils - Closing non transactional SqlSession [org.apache.ibatis.session.defaults.DefaultSqlSession@ac6bce5]
2026-05-27 23:47:01.168 [http-nio-8081-exec-1] DEBUG org.mybatis.spring.SqlSessionUtils - Creating a new SqlSession
2026-05-27 23:47:01.169 [http-nio-8081-exec-1] DEBUG org.mybatis.spring.SqlSessionUtils - SqlSession [org.apache.ibatis.session.defaults.DefaultSqlSession@23868b39] was not registered for synchronization because synchronization is not active
2026-05-27 23:47:01.169 [http-nio-8081-exec-1] DEBUG o.m.s.t.SpringManagedTransaction - JDBC Connection [HikariProxyConnection@479738424 wrapping com.mysql.cj.jdbc.ConnectionImpl@adddf1a] will not be managed by Spring
2026-05-27 23:47:01.169 [http-nio-8081-exec-1] DEBUG c.u.b.i.p.m.U.selectList - ==>  Preparing: SELECT id,user_uid,entity_code,role,auth_serial_no,proof_artifact_url,audit_status,is_active,remark,created_at,updated_at FROM user_auth_link WHERE (user_uid = ? AND is_active = ?) ORDER BY updated_at DESC LIMIT 1
2026-05-27 23:47:01.170 [http-nio-8081-exec-1] DEBUG c.u.b.i.p.m.U.selectList - ==> Parameters: US00000000001(String), 1(Integer)
2026-05-27 23:47:01.171 [http-nio-8081-exec-1] DEBUG c.u.b.i.p.m.U.selectList - <==      Total: 1
2026-05-27 23:47:01.172 [http-nio-8081-exec-1] DEBUG org.mybatis.spring.SqlSessionUtils - Closing non transactional SqlSession [org.apache.ibatis.session.defaults.DefaultSqlSession@23868b39]
2026-05-27 23:47:01.172 [http-nio-8081-exec-1] DEBUG org.mybatis.spring.SqlSessionUtils - Creating a new SqlSession
2026-05-27 23:47:01.172 [http-nio-8081-exec-1] DEBUG org.mybatis.spring.SqlSessionUtils - SqlSession [org.apache.ibatis.session.defaults.DefaultSqlSession@3b995219] was not registered for synchronization because synchronization is not active
2026-05-27 23:47:01.173 [http-nio-8081-exec-1] DEBUG o.m.s.t.SpringManagedTransaction - JDBC Connection [HikariProxyConnection@743557392 wrapping com.mysql.cj.jdbc.ConnectionImpl@adddf1a] will not be managed by Spring
2026-05-27 23:47:01.173 [http-nio-8081-exec-1] DEBUG c.u.b.i.p.m.C.selectList - ==>  Preparing: SELECT id,entity_code,name,location,type,logo_url,banner_url,intro,announcement,created_at,updated_at FROM entity_profile WHERE (entity_code = ?) LIMIT 1
2026-05-27 23:47:01.173 [http-nio-8081-exec-1] DEBUG c.u.b.i.p.m.C.selectList - ==> Parameters: 10598(String)
2026-05-27 23:47:01.175 [http-nio-8081-exec-1] DEBUG c.u.b.i.p.m.C.selectList - <==      Total: 1
2026-05-27 23:47:01.175 [http-nio-8081-exec-1] DEBUG org.mybatis.spring.SqlSessionUtils - Closing non transactional SqlSession [org.apache.ibatis.session.defaults.DefaultSqlSession@3b995219]
2026-05-27 23:47:01.176 [http-nio-8081-exec-1] DEBUG org.mybatis.spring.SqlSessionUtils - Creating a new SqlSession
2026-05-27 23:47:01.176 [http-nio-8081-exec-1] DEBUG org.mybatis.spring.SqlSessionUtils - SqlSession [org.apache.ibatis.session.defaults.DefaultSqlSession@7af134c6] was not registered for synchronization because synchronization is not active
2026-05-27 23:47:01.177 [http-nio-8081-exec-1] DEBUG o.m.s.t.SpringManagedTransaction - JDBC Connection [HikariProxyConnection@185186331 wrapping com.mysql.cj.jdbc.ConnectionImpl@adddf1a] will not be managed by Spring
2026-05-27 23:47:01.177 [http-nio-8081-exec-1] DEBUG c.u.b.i.p.m.C.selectList - ==>  Preparing: SELECT id,project_uid,extended_uid,category,recruitment_type,owner_uid,team_uid,title,preview,editor_type,description,tags,duration,team_size,deadline,level,status,published_at,created_at,updated_at FROM project WHERE (status IN (?,?,?)) ORDER BY published_at DESC,created_at DESC LIMIT 400
2026-05-27 23:47:01.177 [http-nio-8081-exec-1] DEBUG c.u.b.i.p.m.C.selectList - ==> Parameters: CLOSED(String), ONGOING(String), OPEN(String)
2026-05-27 23:47:01.182 [http-nio-8081-exec-1] DEBUG c.u.b.i.p.m.C.selectList - <==      Total: 4
2026-05-27 23:47:01.182 [http-nio-8081-exec-1] DEBUG org.mybatis.spring.SqlSessionUtils - Closing non transactional SqlSession [org.apache.ibatis.session.defaults.DefaultSqlSession@7af134c6]
2026-05-27 23:47:01.183 [http-nio-8081-exec-1] DEBUG org.mybatis.spring.SqlSessionUtils - Creating a new SqlSession
2026-05-27 23:47:01.183 [http-nio-8081-exec-1] DEBUG org.mybatis.spring.SqlSessionUtils - SqlSession [org.apache.ibatis.session.defaults.DefaultSqlSession@73577cf2] was not registered for synchronization because synchronization is not active
2026-05-27 23:47:01.184 [http-nio-8081-exec-1] DEBUG o.m.s.t.SpringManagedTransaction - JDBC Connection [HikariProxyConnection@7545178 wrapping com.mysql.cj.jdbc.ConnectionImpl@adddf1a] will not be managed by Spring
2026-05-27 23:47:01.185 [http-nio-8081-exec-1] DEBUG c.u.b.i.p.m.U.selectList - ==>  Preparing: SELECT id,user_uid,entity_code,role,auth_serial_no,proof_artifact_url,audit_status,is_active,remark,created_at,updated_at FROM user_auth_link WHERE (user_uid = ? AND is_active = ?) ORDER BY updated_at DESC LIMIT 1
2026-05-27 23:47:01.185 [http-nio-8081-exec-1] DEBUG c.u.b.i.p.m.U.selectList - ==> Parameters: US00000000002(String), 1(Integer)
2026-05-27 23:47:01.187 [http-nio-8081-exec-1] DEBUG c.u.b.i.p.m.U.selectList - <==      Total: 1
2026-05-27 23:47:01.187 [http-nio-8081-exec-1] DEBUG org.mybatis.spring.SqlSessionUtils - Closing non transactional SqlSession [org.apache.ibatis.session.defaults.DefaultSqlSession@73577cf2]
2026-05-27 23:47:01.188 [http-nio-8081-exec-1] DEBUG org.mybatis.spring.SqlSessionUtils - Creating a new SqlSession
2026-05-27 23:47:01.188 [http-nio-8081-exec-1] DEBUG org.mybatis.spring.SqlSessionUtils - SqlSession [org.apache.ibatis.session.defaults.DefaultSqlSession@78398a22] was not registered for synchronization because synchronization is not active
2026-05-27 23:47:01.189 [http-nio-8081-exec-1] DEBUG o.m.s.t.SpringManagedTransaction - JDBC Connection [HikariProxyConnection@809621819 wrapping com.mysql.cj.jdbc.ConnectionImpl@adddf1a] will not be managed by Spring
2026-05-27 23:47:01.189 [http-nio-8081-exec-1] DEBUG c.u.b.i.p.m.C.selectList - ==>  Preparing: SELECT id,entity_code,name,location,type,logo_url,banner_url,intro,announcement,created_at,updated_at FROM entity_profile WHERE (entity_code = ?) LIMIT 1
2026-05-27 23:47:01.190 [http-nio-8081-exec-1] DEBUG c.u.b.i.p.m.C.selectList - ==> Parameters: 10598(String)
2026-05-27 23:47:01.191 [http-nio-8081-exec-1] DEBUG c.u.b.i.p.m.C.selectList - <==      Total: 1
2026-05-27 23:47:01.191 [http-nio-8081-exec-1] DEBUG org.mybatis.spring.SqlSessionUtils - Closing non transactional SqlSession [org.apache.ibatis.session.defaults.DefaultSqlSession@78398a22]
2026-05-27 23:47:01.192 [http-nio-8081-exec-1] DEBUG org.mybatis.spring.SqlSessionUtils - Creating a new SqlSession
2026-05-27 23:47:01.192 [http-nio-8081-exec-1] DEBUG org.mybatis.spring.SqlSessionUtils - SqlSession [org.apache.ibatis.session.defaults.DefaultSqlSession@bbe0f73] was not registered for synchronization because synchronization is not active
2026-05-27 23:47:01.192 [http-nio-8081-exec-1] DEBUG o.m.s.t.SpringManagedTransaction - JDBC Connection [HikariProxyConnection@1063447740 wrapping com.mysql.cj.jdbc.ConnectionImpl@adddf1a] will not be managed by Spring
2026-05-27 23:47:01.192 [http-nio-8081-exec-1] DEBUG c.u.b.i.p.m.U.selectList - ==>  Preparing: SELECT id,user_uid,entity_code,role,auth_serial_no,proof_artifact_url,audit_status,is_active,remark,created_at,updated_at FROM user_auth_link WHERE (user_uid = ? AND is_active = ?) ORDER BY updated_at DESC LIMIT 1
2026-05-27 23:47:01.193 [http-nio-8081-exec-1] DEBUG c.u.b.i.p.m.U.selectList - ==> Parameters: US00000000003(String), 1(Integer)
2026-05-27 23:47:01.194 [http-nio-8081-exec-1] DEBUG c.u.b.i.p.m.U.selectList - <==      Total: 1
2026-05-27 23:47:01.194 [http-nio-8081-exec-1] DEBUG org.mybatis.spring.SqlSessionUtils - Closing non transactional SqlSession [org.apache.ibatis.session.defaults.DefaultSqlSession@bbe0f73]
2026-05-27 23:47:01.195 [http-nio-8081-exec-1] DEBUG org.mybatis.spring.SqlSessionUtils - Creating a new SqlSession
2026-05-27 23:47:01.195 [http-nio-8081-exec-1] DEBUG org.mybatis.spring.SqlSessionUtils - SqlSession [org.apache.ibatis.session.defaults.DefaultSqlSession@22ea685f] was not registered for synchronization because synchronization is not active
2026-05-27 23:47:01.195 [http-nio-8081-exec-1] DEBUG o.m.s.t.SpringManagedTransaction - JDBC Connection [HikariProxyConnection@1498689254 wrapping com.mysql.cj.jdbc.ConnectionImpl@adddf1a] will not be managed by Spring
2026-05-27 23:47:01.195 [http-nio-8081-exec-1] DEBUG c.u.b.i.p.m.C.selectList - ==>  Preparing: SELECT id,entity_code,name,location,type,logo_url,banner_url,intro,announcement,created_at,updated_at FROM entity_profile WHERE (entity_code = ?) LIMIT 1
2026-05-27 23:47:01.196 [http-nio-8081-exec-1] DEBUG c.u.b.i.p.m.C.selectList - ==> Parameters: 91440300708461136T(String)
2026-05-27 23:47:01.198 [http-nio-8081-exec-1] DEBUG c.u.b.i.p.m.C.selectList - <==      Total: 1
2026-05-27 23:47:01.198 [http-nio-8081-exec-1] DEBUG org.mybatis.spring.SqlSessionUtils - Closing non transactional SqlSession [org.apache.ibatis.session.defaults.DefaultSqlSession@22ea685f]
2026-05-27 23:47:01.198 [http-nio-8081-exec-1] DEBUG org.mybatis.spring.SqlSessionUtils - Creating a new SqlSession
2026-05-27 23:47:01.198 [http-nio-8081-exec-1] DEBUG org.mybatis.spring.SqlSessionUtils - SqlSession [org.apache.ibatis.session.defaults.DefaultSqlSession@531e550b] was not registered for synchronization because synchronization is not active
2026-05-27 23:47:01.199 [http-nio-8081-exec-1] DEBUG o.m.s.t.SpringManagedTransaction - JDBC Connection [HikariProxyConnection@575109031 wrapping com.mysql.cj.jdbc.ConnectionImpl@adddf1a] will not be managed by Spring
2026-05-27 23:47:01.199 [http-nio-8081-exec-1] DEBUG c.u.b.i.p.m.U.selectList - ==>  Preparing: SELECT id,user_uid,entity_code,role,auth_serial_no,proof_artifact_url,audit_status,is_active,remark,created_at,updated_at FROM user_auth_link WHERE (user_uid = ? AND is_active = ?) ORDER BY updated_at DESC LIMIT 1
2026-05-27 23:47:01.200 [http-nio-8081-exec-1] DEBUG c.u.b.i.p.m.U.selectList - ==> Parameters: US00000000003(String), 1(Integer)
2026-05-27 23:47:01.202 [http-nio-8081-exec-1] DEBUG c.u.b.i.p.m.U.selectList - <==      Total: 1
2026-05-27 23:47:01.202 [http-nio-8081-exec-1] DEBUG org.mybatis.spring.SqlSessionUtils - Closing non transactional SqlSession [org.apache.ibatis.session.defaults.DefaultSqlSession@531e550b]
2026-05-27 23:47:01.203 [http-nio-8081-exec-1] DEBUG org.mybatis.spring.SqlSessionUtils - Creating a new SqlSession
2026-05-27 23:47:01.203 [http-nio-8081-exec-1] DEBUG org.mybatis.spring.SqlSessionUtils - SqlSession [org.apache.ibatis.session.defaults.DefaultSqlSession@72bc13f6] was not registered for synchronization because synchronization is not active
2026-05-27 23:47:01.203 [http-nio-8081-exec-1] DEBUG o.m.s.t.SpringManagedTransaction - JDBC Connection [HikariProxyConnection@1395369639 wrapping com.mysql.cj.jdbc.ConnectionImpl@adddf1a] will not be managed by Spring
2026-05-27 23:47:01.203 [http-nio-8081-exec-1] DEBUG c.u.b.i.p.m.C.selectList - ==>  Preparing: SELECT id,entity_code,name,location,type,logo_url,banner_url,intro,announcement,created_at,updated_at FROM entity_profile WHERE (entity_code = ?) LIMIT 1
2026-05-27 23:47:01.204 [http-nio-8081-exec-1] DEBUG c.u.b.i.p.m.C.selectList - ==> Parameters: 91440300708461136T(String)
2026-05-27 23:47:01.205 [http-nio-8081-exec-1] DEBUG c.u.b.i.p.m.C.selectList - <==      Total: 1
2026-05-27 23:47:01.205 [http-nio-8081-exec-1] DEBUG org.mybatis.spring.SqlSessionUtils - Closing non transactional SqlSession [org.apache.ibatis.session.defaults.DefaultSqlSession@72bc13f6]
2026-05-27 23:47:01.206 [http-nio-8081-exec-1] DEBUG org.mybatis.spring.SqlSessionUtils - Creating a new SqlSession
2026-05-27 23:47:01.206 [http-nio-8081-exec-1] DEBUG org.mybatis.spring.SqlSessionUtils - SqlSession [org.apache.ibatis.session.defaults.DefaultSqlSession@721c8a92] was not registered for synchronization because synchronization is not active
2026-05-27 23:47:01.207 [http-nio-8081-exec-1] DEBUG o.m.s.t.SpringManagedTransaction - JDBC Connection [HikariProxyConnection@1621955716 wrapping com.mysql.cj.jdbc.ConnectionImpl@adddf1a] will not be managed by Spring
2026-05-27 23:47:01.207 [http-nio-8081-exec-1] DEBUG c.u.b.i.p.m.U.selectList - ==>  Preparing: SELECT id,user_uid,entity_code,role,auth_serial_no,proof_artifact_url,audit_status,is_active,remark,created_at,updated_at FROM user_auth_link WHERE (user_uid = ? AND is_active = ?) ORDER BY updated_at DESC LIMIT 1
2026-05-27 23:47:01.208 [http-nio-8081-exec-1] DEBUG c.u.b.i.p.m.U.selectList - ==> Parameters: US00000000003(String), 1(Integer)
2026-05-27 23:47:01.210 [http-nio-8081-exec-1] DEBUG c.u.b.i.p.m.U.selectList - <==      Total: 1
2026-05-27 23:47:01.210 [http-nio-8081-exec-1] DEBUG org.mybatis.spring.SqlSessionUtils - Closing non transactional SqlSession [org.apache.ibatis.session.defaults.DefaultSqlSession@721c8a92]
2026-05-27 23:47:01.211 [http-nio-8081-exec-1] DEBUG org.mybatis.spring.SqlSessionUtils - Creating a new SqlSession
2026-05-27 23:47:01.211 [http-nio-8081-exec-1] DEBUG org.mybatis.spring.SqlSessionUtils - SqlSession [org.apache.ibatis.session.defaults.DefaultSqlSession@72e88302] was not registered for synchronization because synchronization is not active
2026-05-27 23:47:01.211 [http-nio-8081-exec-1] DEBUG o.m.s.t.SpringManagedTransaction - JDBC Connection [HikariProxyConnection@2062135535 wrapping com.mysql.cj.jdbc.ConnectionImpl@adddf1a] will not be managed by Spring
2026-05-27 23:47:01.211 [http-nio-8081-exec-1] DEBUG c.u.b.i.p.m.C.selectList - ==>  Preparing: SELECT id,entity_code,name,location,type,logo_url,banner_url,intro,announcement,created_at,updated_at FROM entity_profile WHERE (entity_code = ?) LIMIT 1
2026-05-27 23:47:01.212 [http-nio-8081-exec-1] DEBUG c.u.b.i.p.m.C.selectList - ==> Parameters: 91440300708461136T(String)
2026-05-27 23:47:01.214 [http-nio-8081-exec-1] DEBUG c.u.b.i.p.m.C.selectList - <==      Total: 1
2026-05-27 23:47:01.214 [http-nio-8081-exec-1] DEBUG org.mybatis.spring.SqlSessionUtils - Closing non transactional SqlSession [org.apache.ibatis.session.defaults.DefaultSqlSession@72e88302]
2026-05-27 23:47:01.214 [http-nio-8081-exec-1] DEBUG c.u.b.d.f.FeedRecommendationService - Home feed computed: userUid=USzrFBKQxd5Iq, notes=5, projects=4
2026-05-27 23:47:01.216 [http-nio-8081-exec-1] INFO  c.u.b.i.c.ApiRequestLoggingFilter - [API] GET /api/v1/client/feed/home -> 200 (220 ms) ip=127.0.0.1 location=局域网
2026-05-27 23:47:01.220 [http-nio-8081-exec-9] DEBUG c.u.b.i.config.IpLocationInterceptor - IP属地解析: ip=127.0.0.1, location=局域网, uri=/api/v1/client/feed/home
2026-05-27 23:47:01.228 [http-nio-8081-exec-9] INFO  c.u.b.i.c.ApiRequestLoggingFilter - [API] GET /api/v1/client/feed/home -> 200 (9 ms) ip=127.0.0.1 location=局域网
2026-05-27 23:47:13.538 [http-nio-8081-exec-7] DEBUG c.u.b.i.config.IpLocationInterceptor - IP属地解析: ip=127.0.0.1, location=局域网, uri=/api/v1/client/user-profile/space
2026-05-27 23:47:13.539 [http-nio-8081-exec-7] INFO  c.u.b.i.c.ApiRequestLoggingFilter - [API] OPTIONS /api/v1/client/user-profile/space?uid=USzrFBKQxd5Iq -> 200 (2 ms) ip=127.0.0.1 location=局域网
2026-05-27 23:47:13.541 [http-nio-8081-exec-6] DEBUG c.u.b.i.config.IpLocationInterceptor - IP属地解析: ip=127.0.0.1, location=局域网, uri=/api/v1/client/user-profile/space
2026-05-27 23:47:13.541 [http-nio-8081-exec-6] INFO  c.u.b.i.c.ApiRequestLoggingFilter - [API] OPTIONS /api/v1/client/user-profile/space?uid=USzrFBKQxd5Iq -> 200 (2 ms) ip=127.0.0.1 location=局域网
2026-05-27 23:47:13.544 [http-nio-8081-exec-3] DEBUG c.u.b.i.config.IpLocationInterceptor - IP属地解析: ip=127.0.0.1, location=局域网, uri=/api/v1/client/user-profile/menu
2026-05-27 23:47:13.548 [http-nio-8081-exec-8] DEBUG c.u.b.i.config.IpLocationInterceptor - IP属地解析: ip=127.0.0.1, location=局域网, uri=/api/v1/client/user-profile/space
2026-05-27 23:47:13.554 [http-nio-8081-exec-3] DEBUG org.mybatis.spring.SqlSessionUtils - Creating a new SqlSession
2026-05-27 23:47:13.554 [http-nio-8081-exec-3] DEBUG org.mybatis.spring.SqlSessionUtils - SqlSession [org.apache.ibatis.session.defaults.DefaultSqlSession@7e9d1e69] was not registered for synchronization because synchronization is not active
2026-05-27 23:47:13.555 [http-nio-8081-exec-3] DEBUG o.m.s.t.SpringManagedTransaction - JDBC Connection [HikariProxyConnection@368761208 wrapping com.mysql.cj.jdbc.ConnectionImpl@e66ee6a] will not be managed by Spring
2026-05-27 23:47:13.555 [http-nio-8081-exec-3] DEBUG c.u.b.i.p.m.C.selectList - ==>  Preparing: SELECT id,user_uid,phone,email,password_hash,account_status,account_status_changed_at,account_status_remark,last_login_at,created_at,updated_at FROM user WHERE (user_uid = ?) LIMIT 1
2026-05-27 23:47:13.556 [http-nio-8081-exec-3] DEBUG c.u.b.i.p.m.C.selectList - ==> Parameters: USzrFBKQxd5Iq(String)
2026-05-27 23:47:13.558 [http-nio-8081-exec-3] DEBUG c.u.b.i.p.m.C.selectList - <==      Total: 1
2026-05-27 23:47:13.558 [http-nio-8081-exec-3] DEBUG org.mybatis.spring.SqlSessionUtils - Closing non transactional SqlSession [org.apache.ibatis.session.defaults.DefaultSqlSession@7e9d1e69]
2026-05-27 23:47:13.559 [http-nio-8081-exec-3] DEBUG org.mybatis.spring.SqlSessionUtils - Creating a new SqlSession
2026-05-27 23:47:13.559 [http-nio-8081-exec-3] DEBUG org.mybatis.spring.SqlSessionUtils - SqlSession [org.apache.ibatis.session.defaults.DefaultSqlSession@4f55fed5] was not registered for synchronization because synchronization is not active
2026-05-27 23:47:13.560 [http-nio-8081-exec-3] DEBUG o.m.s.t.SpringManagedTransaction - JDBC Connection [HikariProxyConnection@1496178432 wrapping com.mysql.cj.jdbc.ConnectionImpl@e66ee6a] will not be managed by Spring
2026-05-27 23:47:13.560 [http-nio-8081-exec-3] DEBUG c.u.b.i.p.m.C.selectList - ==>  Preparing: SELECT id,user_uid,nick_name,real_name,avatar_url,current_entity_name,level,bio_data,career_data,intro,announcement,created_at,updated_at FROM user_profile WHERE (user_uid = ?) LIMIT 1
2026-05-27 23:47:13.561 [http-nio-8081-exec-3] DEBUG c.u.b.i.p.m.C.selectList - ==> Parameters: USzrFBKQxd5Iq(String)
2026-05-27 23:47:13.563 [http-nio-8081-exec-3] DEBUG c.u.b.i.p.m.C.selectList - <==      Total: 1
2026-05-27 23:47:13.563 [http-nio-8081-exec-3] DEBUG org.mybatis.spring.SqlSessionUtils - Closing non transactional SqlSession [org.apache.ibatis.session.defaults.DefaultSqlSession@4f55fed5]
2026-05-27 23:47:13.564 [http-nio-8081-exec-8] DEBUG org.mybatis.spring.SqlSessionUtils - Creating a new SqlSession
2026-05-27 23:47:13.564 [http-nio-8081-exec-8] DEBUG org.mybatis.spring.SqlSessionUtils - SqlSession [org.apache.ibatis.session.defaults.DefaultSqlSession@1b829e26] was not registered for synchronization because synchronization is not active
2026-05-27 23:47:13.564 [http-nio-8081-exec-8] DEBUG o.m.s.t.SpringManagedTransaction - JDBC Connection [HikariProxyConnection@510692756 wrapping com.mysql.cj.jdbc.ConnectionImpl@e66ee6a] will not be managed by Spring
2026-05-27 23:47:13.564 [http-nio-8081-exec-8] DEBUG c.u.b.i.p.m.C.selectList - ==>  Preparing: SELECT id,user_uid,phone,email,password_hash,account_status,account_status_changed_at,account_status_remark,last_login_at,created_at,updated_at FROM user WHERE (user_uid = ?) LIMIT 1
2026-05-27 23:47:13.565 [http-nio-8081-exec-8] DEBUG c.u.b.i.p.m.C.selectList - ==> Parameters: USzrFBKQxd5Iq(String)
2026-05-27 23:47:13.565 [http-nio-8081-exec-3] INFO  c.u.b.i.c.ApiRequestLoggingFilter - [API] GET /api/v1/client/user-profile/menu?uid=USzrFBKQxd5Iq -> 200 (22 ms) ip=127.0.0.1 location=局域网
2026-05-27 23:47:13.567 [http-nio-8081-exec-8] DEBUG c.u.b.i.p.m.C.selectList - <==      Total: 1
2026-05-27 23:47:13.568 [http-nio-8081-exec-8] DEBUG org.mybatis.spring.SqlSessionUtils - Closing non transactional SqlSession [org.apache.ibatis.session.defaults.DefaultSqlSession@1b829e26]
2026-05-27 23:47:13.568 [http-nio-8081-exec-8] DEBUG org.mybatis.spring.SqlSessionUtils - Creating a new SqlSession
2026-05-27 23:47:13.568 [http-nio-8081-exec-8] DEBUG org.mybatis.spring.SqlSessionUtils - SqlSession [org.apache.ibatis.session.defaults.DefaultSqlSession@3d9c26f3] was not registered for synchronization because synchronization is not active
2026-05-27 23:47:13.568 [http-nio-8081-exec-5] DEBUG c.u.b.i.config.IpLocationInterceptor - IP属地解析: ip=127.0.0.1, location=局域网, uri=/api/v1/client/user-profile/menu
2026-05-27 23:47:13.569 [http-nio-8081-exec-8] DEBUG o.m.s.t.SpringManagedTransaction - JDBC Connection [HikariProxyConnection@853601480 wrapping com.mysql.cj.jdbc.ConnectionImpl@e66ee6a] will not be managed by Spring
2026-05-27 23:47:13.569 [http-nio-8081-exec-8] DEBUG c.u.b.i.p.m.C.selectList - ==>  Preparing: SELECT id,user_uid,nick_name,real_name,avatar_url,current_entity_name,level,bio_data,career_data,intro,announcement,created_at,updated_at FROM user_profile WHERE (user_uid = ?) LIMIT 1
2026-05-27 23:47:13.570 [http-nio-8081-exec-8] DEBUG c.u.b.i.p.m.C.selectList - ==> Parameters: USzrFBKQxd5Iq(String)
2026-05-27 23:47:13.572 [http-nio-8081-exec-8] DEBUG c.u.b.i.p.m.C.selectList - <==      Total: 1
2026-05-27 23:47:13.573 [http-nio-8081-exec-8] DEBUG org.mybatis.spring.SqlSessionUtils - Closing non transactional SqlSession [org.apache.ibatis.session.defaults.DefaultSqlSession@3d9c26f3]
2026-05-27 23:47:13.575 [http-nio-8081-exec-8] DEBUG org.mybatis.spring.SqlSessionUtils - Creating a new SqlSession
2026-05-27 23:47:13.576 [http-nio-8081-exec-8] DEBUG org.mybatis.spring.SqlSessionUtils - SqlSession [org.apache.ibatis.session.defaults.DefaultSqlSession@45e3b6b4] was not registered for synchronization because synchronization is not active
2026-05-27 23:47:13.577 [http-nio-8081-exec-5] DEBUG org.mybatis.spring.SqlSessionUtils - Creating a new SqlSession
2026-05-27 23:47:13.577 [http-nio-8081-exec-5] DEBUG org.mybatis.spring.SqlSessionUtils - SqlSession [org.apache.ibatis.session.defaults.DefaultSqlSession@3b9d42fd] was not registered for synchronization because synchronization is not active
2026-05-27 23:47:13.577 [http-nio-8081-exec-5] DEBUG o.m.s.t.SpringManagedTransaction - JDBC Connection [HikariProxyConnection@1179171740 wrapping com.mysql.cj.jdbc.ConnectionImpl@e66ee6a] will not be managed by Spring
2026-05-27 23:47:13.577 [http-nio-8081-exec-5] DEBUG c.u.b.i.p.m.C.selectList - ==>  Preparing: SELECT id,user_uid,phone,email,password_hash,account_status,account_status_changed_at,account_status_remark,last_login_at,created_at,updated_at FROM user WHERE (user_uid = ?) LIMIT 1
2026-05-27 23:47:13.578 [http-nio-8081-exec-8] DEBUG o.m.s.t.SpringManagedTransaction - JDBC Connection [HikariProxyConnection@1137490640 wrapping com.mysql.cj.jdbc.ConnectionImpl@adddf1a] will not be managed by Spring
2026-05-27 23:47:13.578 [http-nio-8081-exec-8] DEBUG c.u.b.i.p.m.U.selectList - ==>  Preparing: SELECT id,user_uid,entity_code,role,auth_serial_no,proof_artifact_url,audit_status,is_active,remark,created_at,updated_at FROM user_auth_link WHERE (user_uid = ? AND is_active = ?) ORDER BY updated_at DESC LIMIT 1
2026-05-27 23:47:13.578 [http-nio-8081-exec-5] DEBUG c.u.b.i.p.m.C.selectList - ==> Parameters: USzrFBKQxd5Iq(String)
2026-05-27 23:47:13.578 [http-nio-8081-exec-8] DEBUG c.u.b.i.p.m.U.selectList - ==> Parameters: USzrFBKQxd5Iq(String), 1(Integer)
2026-05-27 23:47:13.579 [http-nio-8081-exec-8] DEBUG c.u.b.i.p.m.U.selectList - <==      Total: 0
2026-05-27 23:47:13.579 [http-nio-8081-exec-8] DEBUG org.mybatis.spring.SqlSessionUtils - Closing non transactional SqlSession [org.apache.ibatis.session.defaults.DefaultSqlSession@45e3b6b4]
2026-05-27 23:47:13.580 [http-nio-8081-exec-5] DEBUG c.u.b.i.p.m.C.selectList - <==      Total: 1
2026-05-27 23:47:13.580 [http-nio-8081-exec-5] DEBUG org.mybatis.spring.SqlSessionUtils - Closing non transactional SqlSession [org.apache.ibatis.session.defaults.DefaultSqlSession@3b9d42fd]
2026-05-27 23:47:13.580 [http-nio-8081-exec-5] DEBUG org.mybatis.spring.SqlSessionUtils - Creating a new SqlSession
2026-05-27 23:47:13.581 [http-nio-8081-exec-5] DEBUG org.mybatis.spring.SqlSessionUtils - SqlSession [org.apache.ibatis.session.defaults.DefaultSqlSession@256d3c0a] was not registered for synchronization because synchronization is not active
2026-05-27 23:47:13.581 [http-nio-8081-exec-5] DEBUG o.m.s.t.SpringManagedTransaction - JDBC Connection [HikariProxyConnection@1958086896 wrapping com.mysql.cj.jdbc.ConnectionImpl@e66ee6a] will not be managed by Spring
2026-05-27 23:47:13.581 [http-nio-8081-exec-5] DEBUG c.u.b.i.p.m.C.selectList - ==>  Preparing: SELECT id,user_uid,nick_name,real_name,avatar_url,current_entity_name,level,bio_data,career_data,intro,announcement,created_at,updated_at FROM user_profile WHERE (user_uid = ?) LIMIT 1
2026-05-27 23:47:13.583 [http-nio-8081-exec-5] DEBUG c.u.b.i.p.m.C.selectList - ==> Parameters: USzrFBKQxd5Iq(String)
2026-05-27 23:47:13.585 [http-nio-8081-exec-5] DEBUG c.u.b.i.p.m.C.selectList - <==      Total: 1
2026-05-27 23:47:13.585 [http-nio-8081-exec-8] DEBUG org.mybatis.spring.SqlSessionUtils - Creating a new SqlSession
2026-05-27 23:47:13.585 [http-nio-8081-exec-8] DEBUG org.mybatis.spring.SqlSessionUtils - SqlSession [org.apache.ibatis.session.defaults.DefaultSqlSession@5f0e066d] was not registered for synchronization because synchronization is not active
2026-05-27 23:47:13.585 [http-nio-8081-exec-5] DEBUG org.mybatis.spring.SqlSessionUtils - Closing non transactional SqlSession [org.apache.ibatis.session.defaults.DefaultSqlSession@256d3c0a]
2026-05-27 23:47:13.586 [http-nio-8081-exec-8] DEBUG o.m.s.t.SpringManagedTransaction - JDBC Connection [HikariProxyConnection@797331768 wrapping com.mysql.cj.jdbc.ConnectionImpl@adddf1a] will not be managed by Spring
2026-05-27 23:47:13.586 [http-nio-8081-exec-8] DEBUG c.u.b.i.p.m.C.selectList - ==>  Preparing: SELECT id,team_uid,user_uid,role,lab_user_uid,career,is_admin,invited_by_uid,joined_at FROM team_member WHERE (user_uid = ?)
2026-05-27 23:47:13.586 [http-nio-8081-exec-8] DEBUG c.u.b.i.p.m.C.selectList - ==> Parameters: USzrFBKQxd5Iq(String)
2026-05-27 23:47:13.587 [http-nio-8081-exec-5] INFO  c.u.b.i.c.ApiRequestLoggingFilter - [API] GET /api/v1/client/user-profile/menu?uid=USzrFBKQxd5Iq -> 200 (19 ms) ip=127.0.0.1 location=局域网
2026-05-27 23:47:13.588 [http-nio-8081-exec-8] DEBUG c.u.b.i.p.m.C.selectList - <==      Total: 0
2026-05-27 23:47:13.588 [http-nio-8081-exec-8] DEBUG org.mybatis.spring.SqlSessionUtils - Closing non transactional SqlSession [org.apache.ibatis.session.defaults.DefaultSqlSession@5f0e066d]
2026-05-27 23:47:13.590 [http-nio-8081-exec-8] DEBUG org.mybatis.spring.SqlSessionUtils - Creating a new SqlSession
2026-05-27 23:47:13.590 [http-nio-8081-exec-8] DEBUG org.mybatis.spring.SqlSessionUtils - SqlSession [org.apache.ibatis.session.defaults.DefaultSqlSession@75a778c0] was not registered for synchronization because synchronization is not active
2026-05-27 23:47:13.591 [http-nio-8081-exec-8] DEBUG o.m.s.t.SpringManagedTransaction - JDBC Connection [HikariProxyConnection@1756756189 wrapping com.mysql.cj.jdbc.ConnectionImpl@adddf1a] will not be managed by Spring
2026-05-27 23:47:13.591 [http-nio-8081-exec-8] DEBUG c.u.b.i.p.m.C.selectList - ==>  Preparing: SELECT id,team_uid,type,team_logo,owner_uid,owner_name,entity_code,team_name,tag,intro,announcement,contact_email,audit_status,audited_at,audit_remark,account_status,account_status_changed_at,account_status_remark,created_at,updated_at FROM team WHERE (owner_uid = ?)
2026-05-27 23:47:13.592 [http-nio-8081-exec-8] DEBUG c.u.b.i.p.m.C.selectList - ==> Parameters: USzrFBKQxd5Iq(String)
2026-05-27 23:47:13.595 [http-nio-8081-exec-8] DEBUG c.u.b.i.p.m.C.selectList - <==      Total: 0
2026-05-27 23:47:13.595 [http-nio-8081-exec-8] DEBUG org.mybatis.spring.SqlSessionUtils - Closing non transactional SqlSession [org.apache.ibatis.session.defaults.DefaultSqlSession@75a778c0]
2026-05-27 23:47:13.618 [http-nio-8081-exec-8] INFO  c.u.b.i.c.ApiRequestLoggingFilter - [API] GET /api/v1/client/user-profile/space?uid=USzrFBKQxd5Iq -> 200 (72 ms) ip=127.0.0.1 location=局域网
2026-05-27 23:47:13.624 [http-nio-8081-exec-10] DEBUG c.u.b.i.config.IpLocationInterceptor - IP属地解析: ip=127.0.0.1, location=局域网, uri=/api/v1/client/user-profile/space
2026-05-27 23:47:13.635 [http-nio-8081-exec-10] DEBUG org.mybatis.spring.SqlSessionUtils - Creating a new SqlSession
2026-05-27 23:47:13.635 [http-nio-8081-exec-10] DEBUG org.mybatis.spring.SqlSessionUtils - SqlSession [org.apache.ibatis.session.defaults.DefaultSqlSession@3b905481] was not registered for synchronization because synchronization is not active
2026-05-27 23:47:13.636 [http-nio-8081-exec-10] DEBUG o.m.s.t.SpringManagedTransaction - JDBC Connection [HikariProxyConnection@1228212986 wrapping com.mysql.cj.jdbc.ConnectionImpl@e66ee6a] will not be managed by Spring
2026-05-27 23:47:13.636 [http-nio-8081-exec-10] DEBUG c.u.b.i.p.m.C.selectList - ==>  Preparing: SELECT id,user_uid,phone,email,password_hash,account_status,account_status_changed_at,account_status_remark,last_login_at,created_at,updated_at FROM user WHERE (user_uid = ?) LIMIT 1
2026-05-27 23:47:13.637 [http-nio-8081-exec-10] DEBUG c.u.b.i.p.m.C.selectList - ==> Parameters: USzrFBKQxd5Iq(String)
2026-05-27 23:47:13.639 [http-nio-8081-exec-10] DEBUG c.u.b.i.p.m.C.selectList - <==      Total: 1
2026-05-27 23:47:13.639 [http-nio-8081-exec-10] DEBUG org.mybatis.spring.SqlSessionUtils - Closing non transactional SqlSession [org.apache.ibatis.session.defaults.DefaultSqlSession@3b905481]
2026-05-27 23:47:13.640 [http-nio-8081-exec-10] DEBUG org.mybatis.spring.SqlSessionUtils - Creating a new SqlSession
2026-05-27 23:47:13.640 [http-nio-8081-exec-10] DEBUG org.mybatis.spring.SqlSessionUtils - SqlSession [org.apache.ibatis.session.defaults.DefaultSqlSession@292ac01f] was not registered for synchronization because synchronization is not active
2026-05-27 23:47:13.641 [http-nio-8081-exec-10] DEBUG o.m.s.t.SpringManagedTransaction - JDBC Connection [HikariProxyConnection@271039975 wrapping com.mysql.cj.jdbc.ConnectionImpl@e66ee6a] will not be managed by Spring
2026-05-27 23:47:13.641 [http-nio-8081-exec-10] DEBUG c.u.b.i.p.m.C.selectList - ==>  Preparing: SELECT id,user_uid,nick_name,real_name,avatar_url,current_entity_name,level,bio_data,career_data,intro,announcement,created_at,updated_at FROM user_profile WHERE (user_uid = ?) LIMIT 1
2026-05-27 23:47:13.641 [http-nio-8081-exec-10] DEBUG c.u.b.i.p.m.C.selectList - ==> Parameters: USzrFBKQxd5Iq(String)
2026-05-27 23:47:13.643 [http-nio-8081-exec-10] DEBUG c.u.b.i.p.m.C.selectList - <==      Total: 1
2026-05-27 23:47:13.644 [http-nio-8081-exec-10] DEBUG org.mybatis.spring.SqlSessionUtils - Closing non transactional SqlSession [org.apache.ibatis.session.defaults.DefaultSqlSession@292ac01f]
2026-05-27 23:47:13.644 [http-nio-8081-exec-10] DEBUG org.mybatis.spring.SqlSessionUtils - Creating a new SqlSession
2026-05-27 23:47:13.645 [http-nio-8081-exec-10] DEBUG org.mybatis.spring.SqlSessionUtils - SqlSession [org.apache.ibatis.session.defaults.DefaultSqlSession@65ef49ca] was not registered for synchronization because synchronization is not active
2026-05-27 23:47:13.645 [http-nio-8081-exec-10] DEBUG o.m.s.t.SpringManagedTransaction - JDBC Connection [HikariProxyConnection@440026960 wrapping com.mysql.cj.jdbc.ConnectionImpl@e66ee6a] will not be managed by Spring
2026-05-27 23:47:13.645 [http-nio-8081-exec-10] DEBUG c.u.b.i.p.m.U.selectList - ==>  Preparing: SELECT id,user_uid,entity_code,role,auth_serial_no,proof_artifact_url,audit_status,is_active,remark,created_at,updated_at FROM user_auth_link WHERE (user_uid = ? AND is_active = ?) ORDER BY updated_at DESC LIMIT 1
2026-05-27 23:47:13.646 [http-nio-8081-exec-10] DEBUG c.u.b.i.p.m.U.selectList - ==> Parameters: USzrFBKQxd5Iq(String), 1(Integer)
2026-05-27 23:47:13.648 [http-nio-8081-exec-10] DEBUG c.u.b.i.p.m.U.selectList - <==      Total: 0
2026-05-27 23:47:13.648 [http-nio-8081-exec-10] DEBUG org.mybatis.spring.SqlSessionUtils - Closing non transactional SqlSession [org.apache.ibatis.session.defaults.DefaultSqlSession@65ef49ca]
2026-05-27 23:47:13.649 [http-nio-8081-exec-10] DEBUG org.mybatis.spring.SqlSessionUtils - Creating a new SqlSession
2026-05-27 23:47:13.649 [http-nio-8081-exec-10] DEBUG org.mybatis.spring.SqlSessionUtils - SqlSession [org.apache.ibatis.session.defaults.DefaultSqlSession@66148a52] was not registered for synchronization because synchronization is not active
2026-05-27 23:47:13.649 [http-nio-8081-exec-10] DEBUG o.m.s.t.SpringManagedTransaction - JDBC Connection [HikariProxyConnection@2032811587 wrapping com.mysql.cj.jdbc.ConnectionImpl@e66ee6a] will not be managed by Spring
2026-05-27 23:47:13.650 [http-nio-8081-exec-10] DEBUG c.u.b.i.p.m.C.selectList - ==>  Preparing: SELECT id,team_uid,user_uid,role,lab_user_uid,career,is_admin,invited_by_uid,joined_at FROM team_member WHERE (user_uid = ?)
2026-05-27 23:47:13.650 [http-nio-8081-exec-10] DEBUG c.u.b.i.p.m.C.selectList - ==> Parameters: USzrFBKQxd5Iq(String)
2026-05-27 23:47:13.653 [http-nio-8081-exec-10] DEBUG c.u.b.i.p.m.C.selectList - <==      Total: 0
2026-05-27 23:47:13.654 [http-nio-8081-exec-10] DEBUG org.mybatis.spring.SqlSessionUtils - Closing non transactional SqlSession [org.apache.ibatis.session.defaults.DefaultSqlSession@66148a52]
2026-05-27 23:47:13.654 [http-nio-8081-exec-10] DEBUG org.mybatis.spring.SqlSessionUtils - Creating a new SqlSession
2026-05-27 23:47:13.654 [http-nio-8081-exec-10] DEBUG org.mybatis.spring.SqlSessionUtils - SqlSession [org.apache.ibatis.session.defaults.DefaultSqlSession@7eb95519] was not registered for synchronization because synchronization is not active
2026-05-27 23:47:13.655 [http-nio-8081-exec-10] DEBUG o.m.s.t.SpringManagedTransaction - JDBC Connection [HikariProxyConnection@1010632326 wrapping com.mysql.cj.jdbc.ConnectionImpl@e66ee6a] will not be managed by Spring
2026-05-27 23:47:13.655 [http-nio-8081-exec-10] DEBUG c.u.b.i.p.m.C.selectList - ==>  Preparing: SELECT id,team_uid,type,team_logo,owner_uid,owner_name,entity_code,team_name,tag,intro,announcement,contact_email,audit_status,audited_at,audit_remark,account_status,account_status_changed_at,account_status_remark,created_at,updated_at FROM team WHERE (owner_uid = ?)
2026-05-27 23:47:13.655 [http-nio-8081-exec-10] DEBUG c.u.b.i.p.m.C.selectList - ==> Parameters: USzrFBKQxd5Iq(String)
2026-05-27 23:47:13.658 [http-nio-8081-exec-10] DEBUG c.u.b.i.p.m.C.selectList - <==      Total: 0
2026-05-27 23:47:13.658 [http-nio-8081-exec-10] DEBUG org.mybatis.spring.SqlSessionUtils - Closing non transactional SqlSession [org.apache.ibatis.session.defaults.DefaultSqlSession@7eb95519]
2026-05-27 23:47:13.659 [http-nio-8081-exec-10] INFO  c.u.b.i.c.ApiRequestLoggingFilter - [API] GET /api/v1/client/user-profile/space?uid=USzrFBKQxd5Iq -> 200 (36 ms) ip=127.0.0.1 location=局域网
2026-05-27 23:47:13.761 [http-nio-8081-exec-2] DEBUG c.u.b.i.config.IpLocationInterceptor - IP属地解析: ip=127.0.0.1, location=局域网, uri=/api/v1/client/user-profile/home
2026-05-27 23:47:13.761 [http-nio-8081-exec-2] INFO  c.u.b.i.c.ApiRequestLoggingFilter - [API] OPTIONS /api/v1/client/user-profile/home?uid=USzrFBKQxd5Iq&projectLimit=3&noteLimit=4 -> 200 (1 ms) ip=127.0.0.1 location=局域网
2026-05-27 23:47:13.765 [http-nio-8081-exec-4] DEBUG c.u.b.i.config.IpLocationInterceptor - IP属地解析: ip=127.0.0.1, location=局域网, uri=/api/v1/client/user-profile/home
2026-05-27 23:47:13.777 [http-nio-8081-exec-4] DEBUG org.mybatis.spring.SqlSessionUtils - Creating a new SqlSession
2026-05-27 23:47:13.777 [http-nio-8081-exec-4] DEBUG org.mybatis.spring.SqlSessionUtils - SqlSession [org.apache.ibatis.session.defaults.DefaultSqlSession@11cbd35b] was not registered for synchronization because synchronization is not active
2026-05-27 23:47:13.778 [http-nio-8081-exec-4] DEBUG o.m.s.t.SpringManagedTransaction - JDBC Connection [HikariProxyConnection@354713610 wrapping com.mysql.cj.jdbc.ConnectionImpl@e66ee6a] will not be managed by Spring
2026-05-27 23:47:13.778 [http-nio-8081-exec-4] DEBUG c.u.b.i.p.m.C.selectList - ==>  Preparing: SELECT id,user_uid,phone,email,password_hash,account_status,account_status_changed_at,account_status_remark,last_login_at,created_at,updated_at FROM user WHERE (user_uid = ?) LIMIT 1
2026-05-27 23:47:13.778 [http-nio-8081-exec-4] DEBUG c.u.b.i.p.m.C.selectList - ==> Parameters: USzrFBKQxd5Iq(String)
2026-05-27 23:47:13.780 [http-nio-8081-exec-4] DEBUG c.u.b.i.p.m.C.selectList - <==      Total: 1
2026-05-27 23:47:13.780 [http-nio-8081-exec-4] DEBUG org.mybatis.spring.SqlSessionUtils - Closing non transactional SqlSession [org.apache.ibatis.session.defaults.DefaultSqlSession@11cbd35b]
2026-05-27 23:47:13.781 [http-nio-8081-exec-4] DEBUG org.mybatis.spring.SqlSessionUtils - Creating a new SqlSession
2026-05-27 23:47:13.781 [http-nio-8081-exec-4] DEBUG org.mybatis.spring.SqlSessionUtils - SqlSession [org.apache.ibatis.session.defaults.DefaultSqlSession@2e0858e3] was not registered for synchronization because synchronization is not active
2026-05-27 23:47:13.781 [http-nio-8081-exec-4] DEBUG o.m.s.t.SpringManagedTransaction - JDBC Connection [HikariProxyConnection@1628833650 wrapping com.mysql.cj.jdbc.ConnectionImpl@e66ee6a] will not be managed by Spring
2026-05-27 23:47:13.781 [http-nio-8081-exec-4] DEBUG c.u.b.i.p.m.C.selectList - ==>  Preparing: SELECT id,user_uid,nick_name,real_name,avatar_url,current_entity_name,level,bio_data,career_data,intro,announcement,created_at,updated_at FROM user_profile WHERE (user_uid = ?) LIMIT 1
2026-05-27 23:47:13.782 [http-nio-8081-exec-4] DEBUG c.u.b.i.p.m.C.selectList - ==> Parameters: USzrFBKQxd5Iq(String)
2026-05-27 23:47:13.784 [http-nio-8081-exec-4] DEBUG c.u.b.i.p.m.C.selectList - <==      Total: 1
2026-05-27 23:47:13.784 [http-nio-8081-exec-4] DEBUG org.mybatis.spring.SqlSessionUtils - Closing non transactional SqlSession [org.apache.ibatis.session.defaults.DefaultSqlSession@2e0858e3]
2026-05-27 23:47:13.788 [http-nio-8081-exec-4] DEBUG org.mybatis.spring.SqlSessionUtils - Creating a new SqlSession
2026-05-27 23:47:13.789 [http-nio-8081-exec-4] DEBUG org.mybatis.spring.SqlSessionUtils - SqlSession [org.apache.ibatis.session.defaults.DefaultSqlSession@1ae323ba] was not registered for synchronization because synchronization is not active
2026-05-27 23:47:13.790 [http-nio-8081-exec-4] DEBUG o.m.s.t.SpringManagedTransaction - JDBC Connection [HikariProxyConnection@1508051907 wrapping com.mysql.cj.jdbc.ConnectionImpl@e66ee6a] will not be managed by Spring
2026-05-27 23:47:13.790 [http-nio-8081-exec-4] DEBUG c.u.b.i.p.m.C.selectList - ==>  Preparing: SELECT id,project_uid,extended_uid,category,recruitment_type,owner_uid,team_uid,title,preview,editor_type,description,tags,duration,team_size,deadline,level,status,published_at,created_at,updated_at FROM project WHERE (owner_uid = ?) ORDER BY COALESCE(published_at, created_at) DESC, id DESC
2026-05-27 23:47:13.791 [http-nio-8081-exec-4] DEBUG c.u.b.i.p.m.C.selectList - ==> Parameters: USzrFBKQxd5Iq(String)
2026-05-27 23:47:13.792 [http-nio-8081-exec-4] DEBUG c.u.b.i.p.m.C.selectList - <==      Total: 0
2026-05-27 23:47:13.792 [http-nio-8081-exec-4] DEBUG org.mybatis.spring.SqlSessionUtils - Closing non transactional SqlSession [org.apache.ibatis.session.defaults.DefaultSqlSession@1ae323ba]
2026-05-27 23:47:13.794 [http-nio-8081-exec-4] DEBUG org.mybatis.spring.SqlSessionUtils - Creating a new SqlSession
2026-05-27 23:47:13.794 [http-nio-8081-exec-4] DEBUG org.mybatis.spring.SqlSessionUtils - SqlSession [org.apache.ibatis.session.defaults.DefaultSqlSession@34e9c7b2] was not registered for synchronization because synchronization is not active
2026-05-27 23:47:13.795 [http-nio-8081-exec-4] DEBUG o.m.s.t.SpringManagedTransaction - JDBC Connection [HikariProxyConnection@1628249958 wrapping com.mysql.cj.jdbc.ConnectionImpl@e66ee6a] will not be managed by Spring
2026-05-27 23:47:13.795 [http-nio-8081-exec-4] DEBUG c.u.b.i.p.m.C.selectList - ==>  Preparing: SELECT id,user_uid,content_type_code,extended_uid,title,summary,editor_type,content,cover_url,video_url,video_duration,tags,view_count,like_count,collect_count,comment_count,status,published_at,created_at,updated_at FROM note WHERE (user_uid = ? AND status = ?) ORDER BY COALESCE(published_at, created_at) DESC, id DESC
2026-05-27 23:47:13.796 [http-nio-8081-exec-4] DEBUG c.u.b.i.p.m.C.selectList - ==> Parameters: USzrFBKQxd5Iq(String), PUBLISHED(String)
2026-05-27 23:47:13.797 [http-nio-8081-exec-4] DEBUG c.u.b.i.p.m.C.selectList - <==      Total: 0
2026-05-27 23:47:13.797 [http-nio-8081-exec-4] DEBUG org.mybatis.spring.SqlSessionUtils - Closing non transactional SqlSession [org.apache.ibatis.session.defaults.DefaultSqlSession@34e9c7b2]
2026-05-27 23:47:13.799 [http-nio-8081-exec-4] DEBUG org.mybatis.spring.SqlSessionUtils - Creating a new SqlSession
2026-05-27 23:47:13.799 [http-nio-8081-exec-4] DEBUG org.mybatis.spring.SqlSessionUtils - SqlSession [org.apache.ibatis.session.defaults.DefaultSqlSession@79d69e87] was not registered for synchronization because synchronization is not active
2026-05-27 23:47:13.800 [http-nio-8081-exec-4] DEBUG o.m.s.t.SpringManagedTransaction - JDBC Connection [HikariProxyConnection@965355599 wrapping com.mysql.cj.jdbc.ConnectionImpl@e66ee6a] will not be managed by Spring
2026-05-27 23:47:13.800 [http-nio-8081-exec-4] DEBUG c.u.b.i.p.m.C.selectCount - ==>  Preparing: SELECT COUNT( * ) AS total FROM project WHERE (owner_uid = ?) ORDER BY COALESCE(published_at, created_at) DESC, id DESC
2026-05-27 23:47:13.800 [http-nio-8081-exec-4] DEBUG c.u.b.i.p.m.C.selectCount - ==> Parameters: USzrFBKQxd5Iq(String)
2026-05-27 23:47:13.802 [http-nio-8081-exec-4] DEBUG c.u.b.i.p.m.C.selectCount - <==      Total: 1
2026-05-27 23:47:13.802 [http-nio-8081-exec-4] DEBUG org.mybatis.spring.SqlSessionUtils - Closing non transactional SqlSession [org.apache.ibatis.session.defaults.DefaultSqlSession@79d69e87]
2026-05-27 23:47:13.803 [http-nio-8081-exec-4] DEBUG org.mybatis.spring.SqlSessionUtils - Creating a new SqlSession
2026-05-27 23:47:13.803 [http-nio-8081-exec-4] DEBUG org.mybatis.spring.SqlSessionUtils - SqlSession [org.apache.ibatis.session.defaults.DefaultSqlSession@37bf3fdd] was not registered for synchronization because synchronization is not active
2026-05-27 23:47:13.803 [http-nio-8081-exec-4] DEBUG o.m.s.t.SpringManagedTransaction - JDBC Connection [HikariProxyConnection@2052111627 wrapping com.mysql.cj.jdbc.ConnectionImpl@e66ee6a] will not be managed by Spring
2026-05-27 23:47:13.803 [http-nio-8081-exec-4] DEBUG c.u.b.i.p.m.C.selectCount - ==>  Preparing: SELECT COUNT( * ) AS total FROM note WHERE (user_uid = ? AND status = ?) ORDER BY COALESCE(published_at, created_at) DESC, id DESC
2026-05-27 23:47:13.804 [http-nio-8081-exec-4] DEBUG c.u.b.i.p.m.C.selectCount - ==> Parameters: USzrFBKQxd5Iq(String), PUBLISHED(String)
2026-05-27 23:47:13.806 [http-nio-8081-exec-4] DEBUG c.u.b.i.p.m.C.selectCount - <==      Total: 1
2026-05-27 23:47:13.806 [http-nio-8081-exec-4] DEBUG org.mybatis.spring.SqlSessionUtils - Closing non transactional SqlSession [org.apache.ibatis.session.defaults.DefaultSqlSession@37bf3fdd]
2026-05-27 23:47:13.812 [http-nio-8081-exec-4] INFO  c.u.b.i.c.ApiRequestLoggingFilter - [API] GET /api/v1/client/user-profile/home?uid=USzrFBKQxd5Iq&projectLimit=3&noteLimit=4 -> 200 (48 ms) ip=127.0.0.1 location=局域网
2026-05-27 23:47:26.324 [http-nio-8081-exec-1] DEBUG c.u.b.i.config.IpLocationInterceptor - IP属地解析: ip=127.0.0.1, location=局域网, uri=/api/v1/client/feed/home
2026-05-27 23:47:26.335 [http-nio-8081-exec-1] INFO  c.u.b.i.c.ApiRequestLoggingFilter - [API] GET /api/v1/client/feed/home -> 200 (11 ms) ip=127.0.0.1 location=局域网
2026-05-27 23:47:26.338 [http-nio-8081-exec-9] DEBUG c.u.b.i.config.IpLocationInterceptor - IP属地解析: ip=127.0.0.1, location=局域网, uri=/api/v1/client/feed/home
2026-05-27 23:47:26.351 [http-nio-8081-exec-9] INFO  c.u.b.i.c.ApiRequestLoggingFilter - [API] GET /api/v1/client/feed/home -> 200 (14 ms) ip=127.0.0.1 location=局域网
2026-05-27 23:47:35.485 [http-nio-8081-exec-7] DEBUG c.u.b.i.config.IpLocationInterceptor - IP属地解析: ip=127.0.0.1, location=局域网, uri=/api/v1/client/feed/home
2026-05-27 23:47:35.494 [http-nio-8081-exec-7] INFO  c.u.b.i.c.ApiRequestLoggingFilter - [API] GET /api/v1/client/feed/home -> 200 (9 ms) ip=127.0.0.1 location=局域网
2026-05-27 23:47:35.497 [http-nio-8081-exec-6] DEBUG c.u.b.i.config.IpLocationInterceptor - IP属地解析: ip=127.0.0.1, location=局域网, uri=/api/v1/client/feed/home
2026-05-27 23:47:35.504 [http-nio-8081-exec-6] INFO  c.u.b.i.c.ApiRequestLoggingFilter - [API] GET /api/v1/client/feed/home -> 200 (8 ms) ip=127.0.0.1 location=局域网
