2026-05-29 23:30:49.092 [http-nio-8081-exec-10] DEBUG c.u.b.i.config.IpLocationInterceptor - IP属地解析: ip=127.0.0.1, location=局域网, uri=/api/v1/client/feed/home
2026-05-29 23:30:49.093 [http-nio-8081-exec-1] DEBUG c.u.b.i.config.IpLocationInterceptor - IP属地解析: ip=127.0.0.1, location=局域网, uri=/api/v1/client/user-profile/menu
2026-05-29 23:30:49.099 [http-nio-8081-exec-2] DEBUG c.u.b.i.config.IpLocationInterceptor - IP属地解析: ip=127.0.0.1, location=局域网, uri=/api/v1/client/feed/home
2026-05-29 23:30:49.101 [http-nio-8081-exec-1] INFO  c.u.b.i.c.ApiRequestLoggingFilter - [API] OPTIONS /api/v1/client/user-profile/menu?uid=USzrFBKQxd5Iq -> 200 (9 ms) ip=127.0.0.1 location=局域网
2026-05-29 23:30:49.101 [http-nio-8081-exec-10] INFO  c.u.b.i.c.ApiRequestLoggingFilter - [API] OPTIONS /api/v1/client/feed/home -> 200 (10 ms) ip=127.0.0.1 location=局域网
2026-05-29 23:30:49.101 [http-nio-8081-exec-2] INFO  c.u.b.i.c.ApiRequestLoggingFilter - [API] OPTIONS /api/v1/client/feed/home -> 200 (4 ms) ip=127.0.0.1 location=局域网
2026-05-29 23:30:49.106 [http-nio-8081-exec-4] DEBUG c.u.b.i.config.IpLocationInterceptor - IP属地解析: ip=127.0.0.1, location=局域网, uri=/api/v1/client/user-profile/menu
2026-05-29 23:30:49.106 [http-nio-8081-exec-6] DEBUG c.u.b.i.config.IpLocationInterceptor - IP属地解析: ip=127.0.0.1, location=局域网, uri=/api/v1/client/feed/home
2026-05-29 23:30:49.110 [http-nio-8081-exec-9] DEBUG c.u.b.i.config.IpLocationInterceptor - IP属地解析: ip=127.0.0.1, location=局域网, uri=/api/v1/client/user-profile/menu
2026-05-29 23:30:49.110 [http-nio-8081-exec-9] INFO  c.u.b.i.c.ApiRequestLoggingFilter - [API] OPTIONS /api/v1/client/user-profile/menu?uid=USzrFBKQxd5Iq -> 200 (1 ms) ip=127.0.0.1 location=局域网
2026-05-29 23:30:49.112 [http-nio-8081-exec-6] INFO  c.u.b.i.c.ApiRequestLoggingFilter - [API] GET /api/v1/client/feed/home -> 200 (7 ms) ip=127.0.0.1 location=局域网
2026-05-29 23:30:49.111 [http-nio-8081-exec-4] WARN  c.u.b.i.c.GlobalExceptionHandler - [BIZ] GET /api/v1/client/user-profile/menu -> 401 | type=com.unibridge.backend.infrastructure.common.BusinessException | detail=ACCESS_TOKEN_EXPIRED
com.unibridge.backend.infrastructure.common.BusinessException: ACCESS_TOKEN_EXPIRED
	at com.unibridge.backend.infrastructure.common.BusinessException.unauthorized(BusinessException.java:25)
	at com.unibridge.backend.domain.auth.AccessService.requireCurrentUserUid(AccessService.java:44)
	at com.unibridge.backend.domain.space.SpaceService.getProfileMenu(SpaceService.java:121)
	at com.unibridge.backend.domain.space.SpaceController.getProfileMenu(SpaceController.java:28)
	at java.base/jdk.internal.reflect.DirectMethodHandleAccessor.invoke(DirectMethodHandleAccessor.java:103)
	at java.base/java.lang.reflect.Method.invoke(Method.java:580)
	at org.springframework.web.method.support.InvocableHandlerMethod.doInvoke(InvocableHandlerMethod.java:258)
	at org.springframework.web.method.support.InvocableHandlerMethod.invokeForRequest(InvocableHandlerMethod.java:191)
	at org.springframework.web.servlet.mvc.method.annotation.ServletInvocableHandlerMethod.invokeAndHandle(ServletInvocableHandlerMethod.java:118)
	at org.springframework.web.servlet.mvc.method.annotation.RequestMappingHandlerAdapter.invokeHandlerMethod(RequestMappingHandlerAdapter.java:991)
	at org.springframework.web.servlet.mvc.method.annotation.RequestMappingHandlerAdapter.handleInternal(RequestMappingHandlerAdapter.java:896)
	at org.springframework.web.servlet.mvc.method.AbstractHandlerMethodAdapter.handle(AbstractHandlerMethodAdapter.java:87)
	at org.springframework.web.servlet.DispatcherServlet.doDispatch(DispatcherServlet.java:1089)
	at org.springframework.web.servlet.DispatcherServlet.doService(DispatcherServlet.java:979)
	at org.springframework.web.servlet.FrameworkServlet.processRequest(FrameworkServlet.java:1014)
	at org.springframework.web.servlet.FrameworkServlet.doGet(FrameworkServlet.java:903)
	at jakarta.servlet.http.HttpServlet.service(HttpServlet.java:564)
	at org.springframework.web.servlet.FrameworkServlet.service(FrameworkServlet.java:885)
	at jakarta.servlet.http.HttpServlet.service(HttpServlet.java:658)
	at org.apache.catalina.core.ApplicationFilterChain.internalDoFilter(ApplicationFilterChain.java:193)
	at org.apache.catalina.core.ApplicationFilterChain.doFilter(ApplicationFilterChain.java:138)
	at org.apache.tomcat.websocket.server.WsFilter.doFilter(WsFilter.java:51)
	at org.apache.catalina.core.ApplicationFilterChain.internalDoFilter(ApplicationFilterChain.java:162)
	at org.apache.catalina.core.ApplicationFilterChain.doFilter(ApplicationFilterChain.java:138)
	at com.unibridge.backend.infrastructure.security.upload.UploadSecurityHeadersFilter.doFilterInternal(UploadSecurityHeadersFilter.java:40)
	at org.springframework.web.filter.OncePerRequestFilter.doFilter(OncePerRequestFilter.java:116)
	at org.apache.catalina.core.ApplicationFilterChain.internalDoFilter(ApplicationFilterChain.java:162)
	at org.apache.catalina.core.ApplicationFilterChain.doFilter(ApplicationFilterChain.java:138)
	at com.unibridge.backend.infrastructure.config.ApiRequestLoggingFilter.doFilterInternal(ApiRequestLoggingFilter.java:26)
	at org.springframework.web.filter.OncePerRequestFilter.doFilter(OncePerRequestFilter.java:116)
	at org.apache.catalina.core.ApplicationFilterChain.internalDoFilter(ApplicationFilterChain.java:162)
	at org.apache.catalina.core.ApplicationFilterChain.doFilter(ApplicationFilterChain.java:138)
	at org.springframework.web.filter.RequestContextFilter.doFilterInternal(RequestContextFilter.java:100)
	at org.springframework.web.filter.OncePerRequestFilter.doFilter(OncePerRequestFilter.java:116)
	at org.apache.catalina.core.ApplicationFilterChain.internalDoFilter(ApplicationFilterChain.java:162)
	at org.apache.catalina.core.ApplicationFilterChain.doFilter(ApplicationFilterChain.java:138)
	at org.springframework.web.filter.FormContentFilter.doFilterInternal(FormContentFilter.java:93)
	at org.springframework.web.filter.OncePerRequestFilter.doFilter(OncePerRequestFilter.java:116)
	at org.apache.catalina.core.ApplicationFilterChain.internalDoFilter(ApplicationFilterChain.java:162)
	at org.apache.catalina.core.ApplicationFilterChain.doFilter(ApplicationFilterChain.java:138)
	at org.springframework.web.filter.CharacterEncodingFilter.doFilterInternal(CharacterEncodingFilter.java:201)
	at org.springframework.web.filter.OncePerRequestFilter.doFilter(OncePerRequestFilter.java:116)
	at org.apache.catalina.core.ApplicationFilterChain.internalDoFilter(ApplicationFilterChain.java:162)
	at org.apache.catalina.core.ApplicationFilterChain.doFilter(ApplicationFilterChain.java:138)
	at org.apache.catalina.core.StandardWrapperValve.invoke(StandardWrapperValve.java:165)
	at org.apache.catalina.core.StandardContextValve.invoke(StandardContextValve.java:88)
	at org.apache.catalina.authenticator.AuthenticatorBase.invoke(AuthenticatorBase.java:492)
	at org.apache.catalina.core.StandardHostValve.invoke(StandardHostValve.java:113)
	at org.apache.catalina.valves.ErrorReportValve.invoke(ErrorReportValve.java:83)
	at org.apache.catalina.core.StandardEngineValve.invoke(StandardEngineValve.java:72)
	at org.apache.catalina.connector.CoyoteAdapter.service(CoyoteAdapter.java:342)
	at org.apache.coyote.http11.Http11Processor.service(Http11Processor.java:399)
	at org.apache.coyote.AbstractProcessorLight.process(AbstractProcessorLight.java:63)
	at org.apache.coyote.AbstractProtocol$ConnectionHandler.process(AbstractProtocol.java:903)
	at org.apache.tomcat.util.net.NioEndpoint$SocketProcessor.doRun(NioEndpoint.java:1775)
	at org.apache.tomcat.util.net.SocketProcessorBase.run(SocketProcessorBase.java:52)
	at org.apache.tomcat.util.threads.ThreadPoolExecutor.runWorker(ThreadPoolExecutor.java:973)
	at org.apache.tomcat.util.threads.ThreadPoolExecutor$Worker.run(ThreadPoolExecutor.java:491)
	at org.apache.tomcat.util.threads.TaskThread$WrappingRunnable.run(TaskThread.java:63)
	at java.base/java.lang.Thread.run(Thread.java:1583)
2026-05-29 23:30:49.116 [http-nio-8081-exec-3] DEBUG c.u.b.i.config.IpLocationInterceptor - IP属地解析: ip=127.0.0.1, location=局域网, uri=/api/v1/client/feed/home
2026-05-29 23:30:49.118 [http-nio-8081-exec-4] INFO  c.u.b.i.c.ApiRequestLoggingFilter - [API] GET /api/v1/client/user-profile/menu?uid=USzrFBKQxd5Iq -> 401 (13 ms) ip=127.0.0.1 location=局域网
2026-05-29 23:30:49.121 [http-nio-8081-exec-7] DEBUG c.u.b.i.config.IpLocationInterceptor - IP属地解析: ip=127.0.0.1, location=局域网, uri=/api/v1/client/user-profile/menu
2026-05-29 23:30:49.128 [http-nio-8081-exec-3] INFO  c.u.b.i.c.ApiRequestLoggingFilter - [API] GET /api/v1/client/feed/home -> 200 (13 ms) ip=127.0.0.1 location=局域网
2026-05-29 23:30:49.130 [http-nio-8081-exec-7] WARN  c.u.b.i.c.GlobalExceptionHandler - [BIZ] GET /api/v1/client/user-profile/menu -> 401 | type=com.unibridge.backend.infrastructure.common.BusinessException | detail=ACCESS_TOKEN_EXPIRED
com.unibridge.backend.infrastructure.common.BusinessException: ACCESS_TOKEN_EXPIRED
	at com.unibridge.backend.infrastructure.common.BusinessException.unauthorized(BusinessException.java:25)
	at com.unibridge.backend.domain.auth.AccessService.requireCurrentUserUid(AccessService.java:44)
	at com.unibridge.backend.domain.space.SpaceService.getProfileMenu(SpaceService.java:121)
	at com.unibridge.backend.domain.space.SpaceController.getProfileMenu(SpaceController.java:28)
	at java.base/jdk.internal.reflect.DirectMethodHandleAccessor.invoke(DirectMethodHandleAccessor.java:103)
	at java.base/java.lang.reflect.Method.invoke(Method.java:580)
	at org.springframework.web.method.support.InvocableHandlerMethod.doInvoke(InvocableHandlerMethod.java:258)
	at org.springframework.web.method.support.InvocableHandlerMethod.invokeForRequest(InvocableHandlerMethod.java:191)
	at org.springframework.web.servlet.mvc.method.annotation.ServletInvocableHandlerMethod.invokeAndHandle(ServletInvocableHandlerMethod.java:118)
	at org.springframework.web.servlet.mvc.method.annotation.RequestMappingHandlerAdapter.invokeHandlerMethod(RequestMappingHandlerAdapter.java:991)
	at org.springframework.web.servlet.mvc.method.annotation.RequestMappingHandlerAdapter.handleInternal(RequestMappingHandlerAdapter.java:896)
	at org.springframework.web.servlet.mvc.method.AbstractHandlerMethodAdapter.handle(AbstractHandlerMethodAdapter.java:87)
	at org.springframework.web.servlet.DispatcherServlet.doDispatch(DispatcherServlet.java:1089)
	at org.springframework.web.servlet.DispatcherServlet.doService(DispatcherServlet.java:979)
	at org.springframework.web.servlet.FrameworkServlet.processRequest(FrameworkServlet.java:1014)
	at org.springframework.web.servlet.FrameworkServlet.doGet(FrameworkServlet.java:903)
	at jakarta.servlet.http.HttpServlet.service(HttpServlet.java:564)
	at org.springframework.web.servlet.FrameworkServlet.service(FrameworkServlet.java:885)
	at jakarta.servlet.http.HttpServlet.service(HttpServlet.java:658)
	at org.apache.catalina.core.ApplicationFilterChain.internalDoFilter(ApplicationFilterChain.java:193)
	at org.apache.catalina.core.ApplicationFilterChain.doFilter(ApplicationFilterChain.java:138)
	at org.apache.tomcat.websocket.server.WsFilter.doFilter(WsFilter.java:51)
	at org.apache.catalina.core.ApplicationFilterChain.internalDoFilter(ApplicationFilterChain.java:162)
	at org.apache.catalina.core.ApplicationFilterChain.doFilter(ApplicationFilterChain.java:138)
	at com.unibridge.backend.infrastructure.security.upload.UploadSecurityHeadersFilter.doFilterInternal(UploadSecurityHeadersFilter.java:40)
	at org.springframework.web.filter.OncePerRequestFilter.doFilter(OncePerRequestFilter.java:116)
	at org.apache.catalina.core.ApplicationFilterChain.internalDoFilter(ApplicationFilterChain.java:162)
	at org.apache.catalina.core.ApplicationFilterChain.doFilter(ApplicationFilterChain.java:138)
	at com.unibridge.backend.infrastructure.config.ApiRequestLoggingFilter.doFilterInternal(ApiRequestLoggingFilter.java:26)
	at org.springframework.web.filter.OncePerRequestFilter.doFilter(OncePerRequestFilter.java:116)
	at org.apache.catalina.core.ApplicationFilterChain.internalDoFilter(ApplicationFilterChain.java:162)
	at org.apache.catalina.core.ApplicationFilterChain.doFilter(ApplicationFilterChain.java:138)
	at org.springframework.web.filter.RequestContextFilter.doFilterInternal(RequestContextFilter.java:100)
	at org.springframework.web.filter.OncePerRequestFilter.doFilter(OncePerRequestFilter.java:116)
	at org.apache.catalina.core.ApplicationFilterChain.internalDoFilter(ApplicationFilterChain.java:162)
	at org.apache.catalina.core.ApplicationFilterChain.doFilter(ApplicationFilterChain.java:138)
	at org.springframework.web.filter.FormContentFilter.doFilterInternal(FormContentFilter.java:93)
	at org.springframework.web.filter.OncePerRequestFilter.doFilter(OncePerRequestFilter.java:116)
	at org.apache.catalina.core.ApplicationFilterChain.internalDoFilter(ApplicationFilterChain.java:162)
	at org.apache.catalina.core.ApplicationFilterChain.doFilter(ApplicationFilterChain.java:138)
	at org.springframework.web.filter.CharacterEncodingFilter.doFilterInternal(CharacterEncodingFilter.java:201)
	at org.springframework.web.filter.OncePerRequestFilter.doFilter(OncePerRequestFilter.java:116)
	at org.apache.catalina.core.ApplicationFilterChain.internalDoFilter(ApplicationFilterChain.java:162)
	at org.apache.catalina.core.ApplicationFilterChain.doFilter(ApplicationFilterChain.java:138)
	at org.apache.catalina.core.StandardWrapperValve.invoke(StandardWrapperValve.java:165)
	at org.apache.catalina.core.StandardContextValve.invoke(StandardContextValve.java:88)
	at org.apache.catalina.authenticator.AuthenticatorBase.invoke(AuthenticatorBase.java:492)
	at org.apache.catalina.core.StandardHostValve.invoke(StandardHostValve.java:113)
	at org.apache.catalina.valves.ErrorReportValve.invoke(ErrorReportValve.java:83)
	at org.apache.catalina.core.StandardEngineValve.invoke(StandardEngineValve.java:72)
	at org.apache.catalina.connector.CoyoteAdapter.service(CoyoteAdapter.java:342)
	at org.apache.coyote.http11.Http11Processor.service(Http11Processor.java:399)
	at org.apache.coyote.AbstractProcessorLight.process(AbstractProcessorLight.java:63)
	at org.apache.coyote.AbstractProtocol$ConnectionHandler.process(AbstractProtocol.java:903)
	at org.apache.tomcat.util.net.NioEndpoint$SocketProcessor.doRun(NioEndpoint.java:1775)
	at org.apache.tomcat.util.net.SocketProcessorBase.run(SocketProcessorBase.java:52)
	at org.apache.tomcat.util.threads.ThreadPoolExecutor.runWorker(ThreadPoolExecutor.java:973)
	at org.apache.tomcat.util.threads.ThreadPoolExecutor$Worker.run(ThreadPoolExecutor.java:491)
	at org.apache.tomcat.util.threads.TaskThread$WrappingRunnable.run(TaskThread.java:63)
	at java.base/java.lang.Thread.run(Thread.java:1583)
2026-05-29 23:30:49.135 [http-nio-8081-exec-7] INFO  c.u.b.i.c.ApiRequestLoggingFilter - [API] GET /api/v1/client/user-profile/menu?uid=USzrFBKQxd5Iq -> 401 (14 ms) ip=127.0.0.1 location=局域网
2026-05-29 23:30:49.163 [http-nio-8081-exec-5] DEBUG c.u.b.i.config.IpLocationInterceptor - IP属地解析: ip=127.0.0.1, location=局域网, uri=/api/v1/client/auth/refresh
2026-05-29 23:30:49.163 [http-nio-8081-exec-5] INFO  c.u.b.i.c.ApiRequestLoggingFilter - [API] OPTIONS /api/v1/client/auth/refresh -> 200 (0 ms) ip=127.0.0.1 location=局域网
2026-05-29 23:30:49.167 [http-nio-8081-exec-8] DEBUG c.u.b.i.config.IpLocationInterceptor - IP属地解析: ip=127.0.0.1, location=局域网, uri=/api/v1/client/auth/refresh
2026-05-29 23:30:49.176 [http-nio-8081-exec-8] DEBUG org.mybatis.spring.SqlSessionUtils - Creating a new SqlSession
2026-05-29 23:30:49.176 [http-nio-8081-exec-8] DEBUG org.mybatis.spring.SqlSessionUtils - SqlSession [org.apache.ibatis.session.defaults.DefaultSqlSession@77fc965a] was not registered for synchronization because synchronization is not active
2026-05-29 23:30:49.177 [http-nio-8081-exec-8] DEBUG o.m.s.t.SpringManagedTransaction - JDBC Connection [HikariProxyConnection@1676048388 wrapping com.mysql.cj.jdbc.ConnectionImpl@70a6143d] will not be managed by Spring
2026-05-29 23:30:49.177 [http-nio-8081-exec-8] DEBUG c.u.b.i.p.m.C.selectList - ==>  Preparing: SELECT id,user_uid,phone,email,password_hash,account_status,account_status_changed_at,account_status_remark,last_login_at,created_at,updated_at FROM user WHERE (user_uid = ?) LIMIT 1
2026-05-29 23:30:49.178 [http-nio-8081-exec-8] DEBUG c.u.b.i.p.m.C.selectList - ==> Parameters: USzrFBKQxd5Iq(String)
2026-05-29 23:30:49.187 [http-nio-8081-exec-8] DEBUG c.u.b.i.p.m.C.selectList - <==      Total: 1
2026-05-29 23:30:49.188 [http-nio-8081-exec-8] DEBUG org.mybatis.spring.SqlSessionUtils - Closing non transactional SqlSession [org.apache.ibatis.session.defaults.DefaultSqlSession@77fc965a]
2026-05-29 23:30:49.192 [http-nio-8081-exec-8] INFO  c.u.b.i.c.ApiRequestLoggingFilter - [API] POST /api/v1/client/auth/refresh -> 200 (26 ms) ip=127.0.0.1 location=局域网
2026-05-29 23:30:49.216 [http-nio-8081-exec-2] DEBUG c.u.b.i.config.IpLocationInterceptor - IP属地解析: ip=127.0.0.1, location=局域网, uri=/api/v1/client/user-profile/menu
2026-05-29 23:30:49.224 [http-nio-8081-exec-2] DEBUG org.mybatis.spring.SqlSessionUtils - Creating a new SqlSession
2026-05-29 23:30:49.225 [http-nio-8081-exec-2] DEBUG org.mybatis.spring.SqlSessionUtils - SqlSession [org.apache.ibatis.session.defaults.DefaultSqlSession@2d56a204] was not registered for synchronization because synchronization is not active
2026-05-29 23:30:49.225 [http-nio-8081-exec-2] DEBUG o.m.s.t.SpringManagedTransaction - JDBC Connection [HikariProxyConnection@512011554 wrapping com.mysql.cj.jdbc.ConnectionImpl@70a6143d] will not be managed by Spring
2026-05-29 23:30:49.225 [http-nio-8081-exec-2] DEBUG c.u.b.i.p.m.C.selectList - ==>  Preparing: SELECT id,user_uid,phone,email,password_hash,account_status,account_status_changed_at,account_status_remark,last_login_at,created_at,updated_at FROM user WHERE (user_uid = ?) LIMIT 1
2026-05-29 23:30:49.225 [http-nio-8081-exec-2] DEBUG c.u.b.i.p.m.C.selectList - ==> Parameters: USzrFBKQxd5Iq(String)
2026-05-29 23:30:49.227 [http-nio-8081-exec-2] DEBUG c.u.b.i.p.m.C.selectList - <==      Total: 1
2026-05-29 23:30:49.227 [http-nio-8081-exec-2] DEBUG org.mybatis.spring.SqlSessionUtils - Closing non transactional SqlSession [org.apache.ibatis.session.defaults.DefaultSqlSession@2d56a204]
2026-05-29 23:30:49.227 [http-nio-8081-exec-2] DEBUG org.mybatis.spring.SqlSessionUtils - Creating a new SqlSession
2026-05-29 23:30:49.227 [http-nio-8081-exec-2] DEBUG org.mybatis.spring.SqlSessionUtils - SqlSession [org.apache.ibatis.session.defaults.DefaultSqlSession@3c55d9c5] was not registered for synchronization because synchronization is not active
2026-05-29 23:30:49.229 [http-nio-8081-exec-2] DEBUG o.m.s.t.SpringManagedTransaction - JDBC Connection [HikariProxyConnection@604703433 wrapping com.mysql.cj.jdbc.ConnectionImpl@70a6143d] will not be managed by Spring
2026-05-29 23:30:49.229 [http-nio-8081-exec-2] DEBUG c.u.b.i.p.m.C.selectList - ==>  Preparing: SELECT id,user_uid,nick_name,real_name,avatar_url,current_entity_name,level,bio_data,career_data,intro,announcement,created_at,updated_at FROM user_profile WHERE (user_uid = ?) LIMIT 1
2026-05-29 23:30:49.229 [http-nio-8081-exec-2] DEBUG c.u.b.i.p.m.C.selectList - ==> Parameters: USzrFBKQxd5Iq(String)
2026-05-29 23:30:49.234 [http-nio-8081-exec-2] DEBUG c.u.b.i.p.m.C.selectList - <==      Total: 1
2026-05-29 23:30:49.235 [http-nio-8081-exec-2] DEBUG org.mybatis.spring.SqlSessionUtils - Closing non transactional SqlSession [org.apache.ibatis.session.defaults.DefaultSqlSession@3c55d9c5]
2026-05-29 23:30:49.237 [http-nio-8081-exec-2] INFO  c.u.b.i.c.ApiRequestLoggingFilter - [API] GET /api/v1/client/user-profile/menu?uid=USzrFBKQxd5Iq -> 200 (22 ms) ip=127.0.0.1 location=局域网
2026-05-29 23:30:49.239 [http-nio-8081-exec-1] DEBUG c.u.b.i.config.IpLocationInterceptor - IP属地解析: ip=127.0.0.1, location=局域网, uri=/api/v1/client/user-profile/menu
2026-05-29 23:30:49.246 [http-nio-8081-exec-1] DEBUG org.mybatis.spring.SqlSessionUtils - Creating a new SqlSession
2026-05-29 23:30:49.247 [http-nio-8081-exec-1] DEBUG org.mybatis.spring.SqlSessionUtils - SqlSession [org.apache.ibatis.session.defaults.DefaultSqlSession@3895a20c] was not registered for synchronization because synchronization is not active
2026-05-29 23:30:49.247 [http-nio-8081-exec-1] DEBUG o.m.s.t.SpringManagedTransaction - JDBC Connection [HikariProxyConnection@1499646013 wrapping com.mysql.cj.jdbc.ConnectionImpl@70a6143d] will not be managed by Spring
2026-05-29 23:30:49.248 [http-nio-8081-exec-1] DEBUG c.u.b.i.p.m.C.selectList - ==>  Preparing: SELECT id,user_uid,phone,email,password_hash,account_status,account_status_changed_at,account_status_remark,last_login_at,created_at,updated_at FROM user WHERE (user_uid = ?) LIMIT 1
2026-05-29 23:30:49.248 [http-nio-8081-exec-1] DEBUG c.u.b.i.p.m.C.selectList - ==> Parameters: USzrFBKQxd5Iq(String)
2026-05-29 23:30:49.250 [http-nio-8081-exec-1] DEBUG c.u.b.i.p.m.C.selectList - <==      Total: 1
2026-05-29 23:30:49.250 [http-nio-8081-exec-1] DEBUG org.mybatis.spring.SqlSessionUtils - Closing non transactional SqlSession [org.apache.ibatis.session.defaults.DefaultSqlSession@3895a20c]
2026-05-29 23:30:49.251 [http-nio-8081-exec-1] DEBUG org.mybatis.spring.SqlSessionUtils - Creating a new SqlSession
2026-05-29 23:30:49.251 [http-nio-8081-exec-1] DEBUG org.mybatis.spring.SqlSessionUtils - SqlSession [org.apache.ibatis.session.defaults.DefaultSqlSession@5be38370] was not registered for synchronization because synchronization is not active
2026-05-29 23:30:49.252 [http-nio-8081-exec-1] DEBUG o.m.s.t.SpringManagedTransaction - JDBC Connection [HikariProxyConnection@1316212674 wrapping com.mysql.cj.jdbc.ConnectionImpl@70a6143d] will not be managed by Spring
2026-05-29 23:30:49.252 [http-nio-8081-exec-1] DEBUG c.u.b.i.p.m.C.selectList - ==>  Preparing: SELECT id,user_uid,nick_name,real_name,avatar_url,current_entity_name,level,bio_data,career_data,intro,announcement,created_at,updated_at FROM user_profile WHERE (user_uid = ?) LIMIT 1
2026-05-29 23:30:49.252 [http-nio-8081-exec-1] DEBUG c.u.b.i.p.m.C.selectList - ==> Parameters: USzrFBKQxd5Iq(String)
2026-05-29 23:30:49.253 [http-nio-8081-exec-1] DEBUG c.u.b.i.p.m.C.selectList - <==      Total: 1
2026-05-29 23:30:49.253 [http-nio-8081-exec-1] DEBUG org.mybatis.spring.SqlSessionUtils - Closing non transactional SqlSession [org.apache.ibatis.session.defaults.DefaultSqlSession@5be38370]
2026-05-29 23:30:49.254 [http-nio-8081-exec-1] INFO  c.u.b.i.c.ApiRequestLoggingFilter - [API] GET /api/v1/client/user-profile/menu?uid=USzrFBKQxd5Iq -> 200 (16 ms) ip=127.0.0.1 location=局域网
2026-05-29 23:31:01.383 [http-nio-8081-exec-10] DEBUG c.u.b.i.config.IpLocationInterceptor - IP属地解析: ip=127.0.0.1, location=局域网, uri=/api/v1/client/feed/projects
2026-05-29 23:31:01.383 [http-nio-8081-exec-9] DEBUG c.u.b.i.config.IpLocationInterceptor - IP属地解析: ip=127.0.0.1, location=局域网, uri=/api/v1/client/feed/projects
2026-05-29 23:31:01.384 [http-nio-8081-exec-10] INFO  c.u.b.i.c.ApiRequestLoggingFilter - [API] OPTIONS /api/v1/client/feed/projects?category=COMMERCIAL -> 200 (1 ms) ip=127.0.0.1 location=局域网
2026-05-29 23:31:01.384 [http-nio-8081-exec-9] INFO  c.u.b.i.c.ApiRequestLoggingFilter - [API] OPTIONS /api/v1/client/feed/projects?category=COMMERCIAL -> 200 (1 ms) ip=127.0.0.1 location=局域网
2026-05-29 23:31:01.388 [http-nio-8081-exec-6] DEBUG c.u.b.i.config.IpLocationInterceptor - IP属地解析: ip=127.0.0.1, location=局域网, uri=/api/v1/client/feed/projects
2026-05-29 23:31:01.424 [http-nio-8081-exec-6] DEBUG org.mybatis.spring.SqlSessionUtils - Creating a new SqlSession
2026-05-29 23:31:01.424 [http-nio-8081-exec-6] DEBUG org.mybatis.spring.SqlSessionUtils - SqlSession [org.apache.ibatis.session.defaults.DefaultSqlSession@7037f885] was not registered for synchronization because synchronization is not active
2026-05-29 23:31:01.427 [http-nio-8081-exec-6] DEBUG o.m.s.t.SpringManagedTransaction - JDBC Connection [HikariProxyConnection@1412323674 wrapping com.mysql.cj.jdbc.ConnectionImpl@70a6143d] will not be managed by Spring
2026-05-29 23:31:01.427 [http-nio-8081-exec-6] DEBUG c.u.b.i.p.m.U.selectList - ==>  Preparing: SELECT id,user_uid,tag,weight,updated_at FROM user_tag_interests WHERE (user_uid = ?) ORDER BY weight DESC LIMIT 50
2026-05-29 23:31:01.427 [http-nio-8081-exec-6] DEBUG c.u.b.i.p.m.U.selectList - ==> Parameters: USzrFBKQxd5Iq(String)
2026-05-29 23:31:01.443 [http-nio-8081-exec-6] DEBUG c.u.b.i.p.m.U.selectList - <==      Total: 0
2026-05-29 23:31:01.443 [http-nio-8081-exec-6] DEBUG org.mybatis.spring.SqlSessionUtils - Closing non transactional SqlSession [org.apache.ibatis.session.defaults.DefaultSqlSession@7037f885]
2026-05-29 23:31:01.444 [http-nio-8081-exec-6] DEBUG org.mybatis.spring.SqlSessionUtils - Creating a new SqlSession
2026-05-29 23:31:01.444 [http-nio-8081-exec-6] DEBUG org.mybatis.spring.SqlSessionUtils - SqlSession [org.apache.ibatis.session.defaults.DefaultSqlSession@4e135f0b] was not registered for synchronization because synchronization is not active
2026-05-29 23:31:01.445 [http-nio-8081-exec-6] DEBUG o.m.s.t.SpringManagedTransaction - JDBC Connection [HikariProxyConnection@1750149914 wrapping com.mysql.cj.jdbc.ConnectionImpl@70a6143d] will not be managed by Spring
2026-05-29 23:31:01.445 [http-nio-8081-exec-6] DEBUG c.u.b.i.p.m.C.selectList - ==>  Preparing: SELECT id,project_uid,extended_uid,category,recruitment_type,owner_uid,team_uid,title,preview,editor_type,description,tags,duration,team_size,deadline,level,status,published_at,created_at,updated_at FROM project WHERE (status IN (?,?,?) AND category = ?) ORDER BY published_at DESC,created_at DESC LIMIT 400
2026-05-29 23:31:01.446 [http-nio-8081-exec-6] DEBUG c.u.b.i.p.m.C.selectList - ==> Parameters: CLOSED(String), ONGOING(String), OPEN(String), COMMERCIAL(String)
2026-05-29 23:31:01.453 [http-nio-8081-exec-6] DEBUG c.u.b.i.p.m.C.selectList - <==      Total: 3
2026-05-29 23:31:01.455 [http-nio-8081-exec-6] DEBUG org.mybatis.spring.SqlSessionUtils - Closing non transactional SqlSession [org.apache.ibatis.session.defaults.DefaultSqlSession@4e135f0b]
2026-05-29 23:31:01.457 [http-nio-8081-exec-6] DEBUG org.mybatis.spring.SqlSessionUtils - Creating a new SqlSession
2026-05-29 23:31:01.457 [http-nio-8081-exec-6] DEBUG org.mybatis.spring.SqlSessionUtils - SqlSession [org.apache.ibatis.session.defaults.DefaultSqlSession@6fecb218] was not registered for synchronization because synchronization is not active
2026-05-29 23:31:01.457 [http-nio-8081-exec-6] DEBUG o.m.s.t.SpringManagedTransaction - JDBC Connection [HikariProxyConnection@995312617 wrapping com.mysql.cj.jdbc.ConnectionImpl@70a6143d] will not be managed by Spring
2026-05-29 23:31:01.457 [http-nio-8081-exec-6] DEBUG c.u.b.i.p.m.U.selectList - ==>  Preparing: SELECT id,user_uid,entity_code,role,auth_serial_no,proof_artifact_url,audit_status,is_active,remark,created_at,updated_at FROM user_auth_link WHERE (user_uid = ? AND is_active = ?) ORDER BY updated_at DESC LIMIT 1
2026-05-29 23:31:01.458 [http-nio-8081-exec-6] DEBUG c.u.b.i.p.m.U.selectList - ==> Parameters: US00000000003(String), 1(Integer)
2026-05-29 23:31:01.462 [http-nio-8081-exec-6] DEBUG c.u.b.i.p.m.U.selectList - <==      Total: 1
2026-05-29 23:31:01.462 [http-nio-8081-exec-6] DEBUG org.mybatis.spring.SqlSessionUtils - Closing non transactional SqlSession [org.apache.ibatis.session.defaults.DefaultSqlSession@6fecb218]
2026-05-29 23:31:01.462 [http-nio-8081-exec-6] DEBUG org.mybatis.spring.SqlSessionUtils - Creating a new SqlSession
2026-05-29 23:31:01.462 [http-nio-8081-exec-6] DEBUG org.mybatis.spring.SqlSessionUtils - SqlSession [org.apache.ibatis.session.defaults.DefaultSqlSession@1de19861] was not registered for synchronization because synchronization is not active
2026-05-29 23:31:01.463 [http-nio-8081-exec-6] DEBUG o.m.s.t.SpringManagedTransaction - JDBC Connection [HikariProxyConnection@387417527 wrapping com.mysql.cj.jdbc.ConnectionImpl@70a6143d] will not be managed by Spring
2026-05-29 23:31:01.463 [http-nio-8081-exec-6] DEBUG c.u.b.i.p.m.C.selectList - ==>  Preparing: SELECT id,entity_code,name,location,type,logo_url,banner_url,intro,announcement,created_at,updated_at FROM entity_profile WHERE (entity_code = ?) LIMIT 1
2026-05-29 23:31:01.463 [http-nio-8081-exec-6] DEBUG c.u.b.i.p.m.C.selectList - ==> Parameters: 91440300708461136T(String)
2026-05-29 23:31:01.465 [http-nio-8081-exec-6] DEBUG c.u.b.i.p.m.C.selectList - <==      Total: 1
2026-05-29 23:31:01.465 [http-nio-8081-exec-6] DEBUG org.mybatis.spring.SqlSessionUtils - Closing non transactional SqlSession [org.apache.ibatis.session.defaults.DefaultSqlSession@1de19861]
2026-05-29 23:31:01.466 [http-nio-8081-exec-6] DEBUG org.mybatis.spring.SqlSessionUtils - Creating a new SqlSession
2026-05-29 23:31:01.466 [http-nio-8081-exec-6] DEBUG org.mybatis.spring.SqlSessionUtils - SqlSession [org.apache.ibatis.session.defaults.DefaultSqlSession@3175f8ac] was not registered for synchronization because synchronization is not active
2026-05-29 23:31:01.466 [http-nio-8081-exec-6] DEBUG o.m.s.t.SpringManagedTransaction - JDBC Connection [HikariProxyConnection@549870707 wrapping com.mysql.cj.jdbc.ConnectionImpl@70a6143d] will not be managed by Spring
2026-05-29 23:31:01.466 [http-nio-8081-exec-6] DEBUG c.u.b.i.p.m.U.selectList - ==>  Preparing: SELECT id,user_uid,entity_code,role,auth_serial_no,proof_artifact_url,audit_status,is_active,remark,created_at,updated_at FROM user_auth_link WHERE (user_uid = ? AND is_active = ?) ORDER BY updated_at DESC LIMIT 1
2026-05-29 23:31:01.467 [http-nio-8081-exec-6] DEBUG c.u.b.i.p.m.U.selectList - ==> Parameters: US00000000003(String), 1(Integer)
2026-05-29 23:31:01.468 [http-nio-8081-exec-6] DEBUG c.u.b.i.p.m.U.selectList - <==      Total: 1
2026-05-29 23:31:01.468 [http-nio-8081-exec-6] DEBUG org.mybatis.spring.SqlSessionUtils - Closing non transactional SqlSession [org.apache.ibatis.session.defaults.DefaultSqlSession@3175f8ac]
2026-05-29 23:31:01.469 [http-nio-8081-exec-6] DEBUG org.mybatis.spring.SqlSessionUtils - Creating a new SqlSession
2026-05-29 23:31:01.469 [http-nio-8081-exec-6] DEBUG org.mybatis.spring.SqlSessionUtils - SqlSession [org.apache.ibatis.session.defaults.DefaultSqlSession@6bc84944] was not registered for synchronization because synchronization is not active
2026-05-29 23:31:01.469 [http-nio-8081-exec-6] DEBUG o.m.s.t.SpringManagedTransaction - JDBC Connection [HikariProxyConnection@1969646601 wrapping com.mysql.cj.jdbc.ConnectionImpl@70a6143d] will not be managed by Spring
2026-05-29 23:31:01.469 [http-nio-8081-exec-6] DEBUG c.u.b.i.p.m.C.selectList - ==>  Preparing: SELECT id,entity_code,name,location,type,logo_url,banner_url,intro,announcement,created_at,updated_at FROM entity_profile WHERE (entity_code = ?) LIMIT 1
2026-05-29 23:31:01.469 [http-nio-8081-exec-6] DEBUG c.u.b.i.p.m.C.selectList - ==> Parameters: 91440300708461136T(String)
2026-05-29 23:31:01.470 [http-nio-8081-exec-6] DEBUG c.u.b.i.p.m.C.selectList - <==      Total: 1
2026-05-29 23:31:01.471 [http-nio-8081-exec-6] DEBUG org.mybatis.spring.SqlSessionUtils - Closing non transactional SqlSession [org.apache.ibatis.session.defaults.DefaultSqlSession@6bc84944]
2026-05-29 23:31:01.472 [http-nio-8081-exec-6] DEBUG org.mybatis.spring.SqlSessionUtils - Creating a new SqlSession
2026-05-29 23:31:01.472 [http-nio-8081-exec-6] DEBUG org.mybatis.spring.SqlSessionUtils - SqlSession [org.apache.ibatis.session.defaults.DefaultSqlSession@56c8704e] was not registered for synchronization because synchronization is not active
2026-05-29 23:31:01.472 [http-nio-8081-exec-6] DEBUG o.m.s.t.SpringManagedTransaction - JDBC Connection [HikariProxyConnection@2137231802 wrapping com.mysql.cj.jdbc.ConnectionImpl@70a6143d] will not be managed by Spring
2026-05-29 23:31:01.472 [http-nio-8081-exec-6] DEBUG c.u.b.i.p.m.U.selectList - ==>  Preparing: SELECT id,user_uid,entity_code,role,auth_serial_no,proof_artifact_url,audit_status,is_active,remark,created_at,updated_at FROM user_auth_link WHERE (user_uid = ? AND is_active = ?) ORDER BY updated_at DESC LIMIT 1
2026-05-29 23:31:01.473 [http-nio-8081-exec-6] DEBUG c.u.b.i.p.m.U.selectList - ==> Parameters: US00000000003(String), 1(Integer)
2026-05-29 23:31:01.475 [http-nio-8081-exec-6] DEBUG c.u.b.i.p.m.U.selectList - <==      Total: 1
2026-05-29 23:31:01.475 [http-nio-8081-exec-6] DEBUG org.mybatis.spring.SqlSessionUtils - Closing non transactional SqlSession [org.apache.ibatis.session.defaults.DefaultSqlSession@56c8704e]
2026-05-29 23:31:01.476 [http-nio-8081-exec-6] DEBUG org.mybatis.spring.SqlSessionUtils - Creating a new SqlSession
2026-05-29 23:31:01.476 [http-nio-8081-exec-6] DEBUG org.mybatis.spring.SqlSessionUtils - SqlSession [org.apache.ibatis.session.defaults.DefaultSqlSession@5281e15e] was not registered for synchronization because synchronization is not active
2026-05-29 23:31:01.476 [http-nio-8081-exec-6] DEBUG o.m.s.t.SpringManagedTransaction - JDBC Connection [HikariProxyConnection@1205776704 wrapping com.mysql.cj.jdbc.ConnectionImpl@70a6143d] will not be managed by Spring
2026-05-29 23:31:01.476 [http-nio-8081-exec-6] DEBUG c.u.b.i.p.m.C.selectList - ==>  Preparing: SELECT id,entity_code,name,location,type,logo_url,banner_url,intro,announcement,created_at,updated_at FROM entity_profile WHERE (entity_code = ?) LIMIT 1
2026-05-29 23:31:01.476 [http-nio-8081-exec-6] DEBUG c.u.b.i.p.m.C.selectList - ==> Parameters: 91440300708461136T(String)
2026-05-29 23:31:01.477 [http-nio-8081-exec-6] DEBUG c.u.b.i.p.m.C.selectList - <==      Total: 1
2026-05-29 23:31:01.477 [http-nio-8081-exec-6] DEBUG org.mybatis.spring.SqlSessionUtils - Closing non transactional SqlSession [org.apache.ibatis.session.defaults.DefaultSqlSession@5281e15e]
2026-05-29 23:31:01.481 [http-nio-8081-exec-6] DEBUG c.u.b.d.f.FeedRecommendationService - Project feed computed: userUid=USzrFBKQxd5Iq, category=COMMERCIAL, size=3
2026-05-29 23:31:01.490 [http-nio-8081-exec-6] INFO  c.u.b.i.c.ApiRequestLoggingFilter - [API] GET /api/v1/client/feed/projects?category=COMMERCIAL -> 200 (103 ms) ip=127.0.0.1 location=局域网
2026-05-29 23:31:01.492 [http-nio-8081-exec-4] DEBUG c.u.b.i.config.IpLocationInterceptor - IP属地解析: ip=127.0.0.1, location=局域网, uri=/api/v1/client/feed/projects
2026-05-29 23:31:01.500 [http-nio-8081-exec-4] INFO  c.u.b.i.c.ApiRequestLoggingFilter - [API] GET /api/v1/client/feed/projects?category=COMMERCIAL -> 200 (9 ms) ip=127.0.0.1 location=局域网
2026-05-29 23:31:04.499 [http-nio-8081-exec-7] DEBUG c.u.b.i.config.IpLocationInterceptor - IP属地解析: ip=127.0.0.1, location=局域网, uri=/api/v1/client/feed/projects
2026-05-29 23:31:04.499 [http-nio-8081-exec-3] DEBUG c.u.b.i.config.IpLocationInterceptor - IP属地解析: ip=127.0.0.1, location=局域网, uri=/api/v1/client/feed/projects
2026-05-29 23:31:04.499 [http-nio-8081-exec-7] INFO  c.u.b.i.c.ApiRequestLoggingFilter - [API] OPTIONS /api/v1/client/feed/projects?category=RECRUITMENT -> 200 (0 ms) ip=127.0.0.1 location=局域网
2026-05-29 23:31:04.500 [http-nio-8081-exec-3] INFO  c.u.b.i.c.ApiRequestLoggingFilter - [API] OPTIONS /api/v1/client/feed/projects?category=RECRUITMENT -> 200 (0 ms) ip=127.0.0.1 location=局域网
2026-05-29 23:31:04.503 [http-nio-8081-exec-5] DEBUG c.u.b.i.config.IpLocationInterceptor - IP属地解析: ip=127.0.0.1, location=局域网, uri=/api/v1/client/feed/projects
2026-05-29 23:31:04.508 [http-nio-8081-exec-5] DEBUG org.mybatis.spring.SqlSessionUtils - Creating a new SqlSession
2026-05-29 23:31:04.508 [http-nio-8081-exec-5] DEBUG org.mybatis.spring.SqlSessionUtils - SqlSession [org.apache.ibatis.session.defaults.DefaultSqlSession@7a3e8608] was not registered for synchronization because synchronization is not active
2026-05-29 23:31:04.508 [http-nio-8081-exec-5] DEBUG o.m.s.t.SpringManagedTransaction - JDBC Connection [HikariProxyConnection@656841030 wrapping com.mysql.cj.jdbc.ConnectionImpl@70a6143d] will not be managed by Spring
2026-05-29 23:31:04.508 [http-nio-8081-exec-5] DEBUG c.u.b.i.p.m.U.selectList - ==>  Preparing: SELECT id,user_uid,tag,weight,updated_at FROM user_tag_interests WHERE (user_uid = ?) ORDER BY weight DESC LIMIT 50
2026-05-29 23:31:04.509 [http-nio-8081-exec-5] DEBUG c.u.b.i.p.m.U.selectList - ==> Parameters: USzrFBKQxd5Iq(String)
2026-05-29 23:31:04.510 [http-nio-8081-exec-5] DEBUG c.u.b.i.p.m.U.selectList - <==      Total: 0
2026-05-29 23:31:04.511 [http-nio-8081-exec-5] DEBUG org.mybatis.spring.SqlSessionUtils - Closing non transactional SqlSession [org.apache.ibatis.session.defaults.DefaultSqlSession@7a3e8608]
2026-05-29 23:31:04.511 [http-nio-8081-exec-5] DEBUG org.mybatis.spring.SqlSessionUtils - Creating a new SqlSession
2026-05-29 23:31:04.511 [http-nio-8081-exec-5] DEBUG org.mybatis.spring.SqlSessionUtils - SqlSession [org.apache.ibatis.session.defaults.DefaultSqlSession@5f6f89e7] was not registered for synchronization because synchronization is not active
2026-05-29 23:31:04.511 [http-nio-8081-exec-5] DEBUG o.m.s.t.SpringManagedTransaction - JDBC Connection [HikariProxyConnection@1366248132 wrapping com.mysql.cj.jdbc.ConnectionImpl@70a6143d] will not be managed by Spring
2026-05-29 23:31:04.511 [http-nio-8081-exec-5] DEBUG c.u.b.i.p.m.C.selectList - ==>  Preparing: SELECT id,project_uid,extended_uid,category,recruitment_type,owner_uid,team_uid,title,preview,editor_type,description,tags,duration,team_size,deadline,level,status,published_at,created_at,updated_at FROM project WHERE (status IN (?,?,?) AND category = ?) ORDER BY published_at DESC,created_at DESC LIMIT 400
2026-05-29 23:31:04.512 [http-nio-8081-exec-5] DEBUG c.u.b.i.p.m.C.selectList - ==> Parameters: CLOSED(String), ONGOING(String), OPEN(String), RECRUITMENT(String)
2026-05-29 23:31:04.515 [http-nio-8081-exec-5] DEBUG c.u.b.i.p.m.C.selectList - <==      Total: 1
2026-05-29 23:31:04.515 [http-nio-8081-exec-5] DEBUG org.mybatis.spring.SqlSessionUtils - Closing non transactional SqlSession [org.apache.ibatis.session.defaults.DefaultSqlSession@5f6f89e7]
2026-05-29 23:31:04.516 [http-nio-8081-exec-5] DEBUG org.mybatis.spring.SqlSessionUtils - Creating a new SqlSession
2026-05-29 23:31:04.516 [http-nio-8081-exec-5] DEBUG org.mybatis.spring.SqlSessionUtils - SqlSession [org.apache.ibatis.session.defaults.DefaultSqlSession@6589c254] was not registered for synchronization because synchronization is not active
2026-05-29 23:31:04.516 [http-nio-8081-exec-5] DEBUG o.m.s.t.SpringManagedTransaction - JDBC Connection [HikariProxyConnection@1183469491 wrapping com.mysql.cj.jdbc.ConnectionImpl@70a6143d] will not be managed by Spring
2026-05-29 23:31:04.516 [http-nio-8081-exec-5] DEBUG c.u.b.i.p.m.U.selectList - ==>  Preparing: SELECT id,user_uid,entity_code,role,auth_serial_no,proof_artifact_url,audit_status,is_active,remark,created_at,updated_at FROM user_auth_link WHERE (user_uid = ? AND is_active = ?) ORDER BY updated_at DESC LIMIT 1
2026-05-29 23:31:04.516 [http-nio-8081-exec-5] DEBUG c.u.b.i.p.m.U.selectList - ==> Parameters: US00000000002(String), 1(Integer)
2026-05-29 23:31:04.518 [http-nio-8081-exec-5] DEBUG c.u.b.i.p.m.U.selectList - <==      Total: 1
2026-05-29 23:31:04.518 [http-nio-8081-exec-5] DEBUG org.mybatis.spring.SqlSessionUtils - Closing non transactional SqlSession [org.apache.ibatis.session.defaults.DefaultSqlSession@6589c254]
2026-05-29 23:31:04.518 [http-nio-8081-exec-5] DEBUG org.mybatis.spring.SqlSessionUtils - Creating a new SqlSession
2026-05-29 23:31:04.518 [http-nio-8081-exec-5] DEBUG org.mybatis.spring.SqlSessionUtils - SqlSession [org.apache.ibatis.session.defaults.DefaultSqlSession@2fe2144c] was not registered for synchronization because synchronization is not active
2026-05-29 23:31:04.518 [http-nio-8081-exec-5] DEBUG o.m.s.t.SpringManagedTransaction - JDBC Connection [HikariProxyConnection@80935046 wrapping com.mysql.cj.jdbc.ConnectionImpl@70a6143d] will not be managed by Spring
2026-05-29 23:31:04.518 [http-nio-8081-exec-5] DEBUG c.u.b.i.p.m.C.selectList - ==>  Preparing: SELECT id,entity_code,name,location,type,logo_url,banner_url,intro,announcement,created_at,updated_at FROM entity_profile WHERE (entity_code = ?) LIMIT 1
2026-05-29 23:31:04.519 [http-nio-8081-exec-5] DEBUG c.u.b.i.p.m.C.selectList - ==> Parameters: 10598(String)
2026-05-29 23:31:04.520 [http-nio-8081-exec-5] DEBUG c.u.b.i.p.m.C.selectList - <==      Total: 1
2026-05-29 23:31:04.520 [http-nio-8081-exec-5] DEBUG org.mybatis.spring.SqlSessionUtils - Closing non transactional SqlSession [org.apache.ibatis.session.defaults.DefaultSqlSession@2fe2144c]
2026-05-29 23:31:04.520 [http-nio-8081-exec-5] DEBUG c.u.b.d.f.FeedRecommendationService - Project feed computed: userUid=USzrFBKQxd5Iq, category=RECRUITMENT, size=1
2026-05-29 23:31:04.522 [http-nio-8081-exec-5] INFO  c.u.b.i.c.ApiRequestLoggingFilter - [API] GET /api/v1/client/feed/projects?category=RECRUITMENT -> 200 (20 ms) ip=127.0.0.1 location=局域网
2026-05-29 23:31:04.524 [http-nio-8081-exec-8] DEBUG c.u.b.i.config.IpLocationInterceptor - IP属地解析: ip=127.0.0.1, location=局域网, uri=/api/v1/client/feed/projects
2026-05-29 23:31:04.530 [http-nio-8081-exec-8] INFO  c.u.b.i.c.ApiRequestLoggingFilter - [API] GET /api/v1/client/feed/projects?category=RECRUITMENT -> 200 (7 ms) ip=127.0.0.1 location=局域网
2026-05-29 23:31:06.644 [http-nio-8081-exec-2] DEBUG c.u.b.i.config.IpLocationInterceptor - IP属地解析: ip=127.0.0.1, location=局域网, uri=/api/v1/client/feed/home
2026-05-29 23:31:06.650 [http-nio-8081-exec-2] INFO  c.u.b.i.c.ApiRequestLoggingFilter - [API] GET /api/v1/client/feed/home -> 200 (6 ms) ip=127.0.0.1 location=局域网
2026-05-29 23:31:06.651 [http-nio-8081-exec-2] DEBUG c.u.b.i.config.IpLocationInterceptor - IP属地解析: ip=127.0.0.1, location=局域网, uri=/api/v1/client/feed/home
2026-05-29 23:31:06.657 [http-nio-8081-exec-2] INFO  c.u.b.i.c.ApiRequestLoggingFilter - [API] GET /api/v1/client/feed/home -> 200 (6 ms) ip=127.0.0.1 location=局域网
2026-05-29 23:32:35.467 [http-nio-8081-exec-7] DEBUG c.u.b.i.config.IpLocationInterceptor - IP属地解析: ip=127.0.0.1, location=局域网, uri=/api/v1/client/feed/home
2026-05-29 23:32:35.468 [http-nio-8081-exec-3] DEBUG c.u.b.i.config.IpLocationInterceptor - IP属地解析: ip=127.0.0.1, location=局域网, uri=/api/v1/client/user-profile/menu
2026-05-29 23:32:35.473 [http-nio-8081-exec-3] DEBUG org.mybatis.spring.SqlSessionUtils - Creating a new SqlSession
2026-05-29 23:32:35.474 [http-nio-8081-exec-3] DEBUG org.mybatis.spring.SqlSessionUtils - SqlSession [org.apache.ibatis.session.defaults.DefaultSqlSession@3ae4c10a] was not registered for synchronization because synchronization is not active
2026-05-29 23:32:35.474 [http-nio-8081-exec-3] DEBUG o.m.s.t.SpringManagedTransaction - JDBC Connection [HikariProxyConnection@342399332 wrapping com.mysql.cj.jdbc.ConnectionImpl@70a6143d] will not be managed by Spring
2026-05-29 23:32:35.475 [http-nio-8081-exec-3] DEBUG c.u.b.i.p.m.C.selectList - ==>  Preparing: SELECT id,user_uid,phone,email,password_hash,account_status,account_status_changed_at,account_status_remark,last_login_at,created_at,updated_at FROM user WHERE (user_uid = ?) LIMIT 1
2026-05-29 23:32:35.475 [http-nio-8081-exec-3] DEBUG c.u.b.i.p.m.C.selectList - ==> Parameters: USzrFBKQxd5Iq(String)
2026-05-29 23:32:35.475 [http-nio-8081-exec-7] INFO  c.u.b.i.c.ApiRequestLoggingFilter - [API] GET /api/v1/client/feed/home -> 200 (8 ms) ip=127.0.0.1 location=局域网
2026-05-29 23:32:35.476 [http-nio-8081-exec-3] DEBUG c.u.b.i.p.m.C.selectList - <==      Total: 1
2026-05-29 23:32:35.477 [http-nio-8081-exec-3] DEBUG org.mybatis.spring.SqlSessionUtils - Closing non transactional SqlSession [org.apache.ibatis.session.defaults.DefaultSqlSession@3ae4c10a]
2026-05-29 23:32:35.477 [http-nio-8081-exec-3] DEBUG org.mybatis.spring.SqlSessionUtils - Creating a new SqlSession
2026-05-29 23:32:35.477 [http-nio-8081-exec-3] DEBUG org.mybatis.spring.SqlSessionUtils - SqlSession [org.apache.ibatis.session.defaults.DefaultSqlSession@51eeddf3] was not registered for synchronization because synchronization is not active
2026-05-29 23:32:35.477 [http-nio-8081-exec-3] DEBUG o.m.s.t.SpringManagedTransaction - JDBC Connection [HikariProxyConnection@1302248021 wrapping com.mysql.cj.jdbc.ConnectionImpl@70a6143d] will not be managed by Spring
2026-05-29 23:32:35.477 [http-nio-8081-exec-3] DEBUG c.u.b.i.p.m.C.selectList - ==>  Preparing: SELECT id,user_uid,nick_name,real_name,avatar_url,current_entity_name,level,bio_data,career_data,intro,announcement,created_at,updated_at FROM user_profile WHERE (user_uid = ?) LIMIT 1
2026-05-29 23:32:35.478 [http-nio-8081-exec-3] DEBUG c.u.b.i.p.m.C.selectList - ==> Parameters: USzrFBKQxd5Iq(String)
2026-05-29 23:32:35.481 [http-nio-8081-exec-3] DEBUG c.u.b.i.p.m.C.selectList - <==      Total: 1
2026-05-29 23:32:35.481 [http-nio-8081-exec-3] DEBUG org.mybatis.spring.SqlSessionUtils - Closing non transactional SqlSession [org.apache.ibatis.session.defaults.DefaultSqlSession@51eeddf3]
2026-05-29 23:32:35.483 [http-nio-8081-exec-3] INFO  c.u.b.i.c.ApiRequestLoggingFilter - [API] GET /api/v1/client/user-profile/menu?uid=USzrFBKQxd5Iq -> 200 (16 ms) ip=127.0.0.1 location=局域网
2026-05-29 23:32:35.587 [http-nio-8081-exec-5] DEBUG c.u.b.i.config.IpLocationInterceptor - IP属地解析: ip=127.0.0.1, location=局域网, uri=/api/v1/client/feed/home
2026-05-29 23:32:35.587 [http-nio-8081-exec-8] DEBUG c.u.b.i.config.IpLocationInterceptor - IP属地解析: ip=127.0.0.1, location=局域网, uri=/api/v1/client/user-profile/menu
2026-05-29 23:32:35.597 [http-nio-8081-exec-8] DEBUG org.mybatis.spring.SqlSessionUtils - Creating a new SqlSession
2026-05-29 23:32:35.597 [http-nio-8081-exec-8] DEBUG org.mybatis.spring.SqlSessionUtils - SqlSession [org.apache.ibatis.session.defaults.DefaultSqlSession@30ba7684] was not registered for synchronization because synchronization is not active
2026-05-29 23:32:35.598 [http-nio-8081-exec-8] DEBUG o.m.s.t.SpringManagedTransaction - JDBC Connection [HikariProxyConnection@1656247324 wrapping com.mysql.cj.jdbc.ConnectionImpl@70a6143d] will not be managed by Spring
2026-05-29 23:32:35.598 [http-nio-8081-exec-8] DEBUG c.u.b.i.p.m.C.selectList - ==>  Preparing: SELECT id,user_uid,phone,email,password_hash,account_status,account_status_changed_at,account_status_remark,last_login_at,created_at,updated_at FROM user WHERE (user_uid = ?) LIMIT 1
2026-05-29 23:32:35.598 [http-nio-8081-exec-8] DEBUG c.u.b.i.p.m.C.selectList - ==> Parameters: USzrFBKQxd5Iq(String)
2026-05-29 23:32:35.599 [http-nio-8081-exec-5] INFO  c.u.b.i.c.ApiRequestLoggingFilter - [API] GET /api/v1/client/feed/home -> 200 (12 ms) ip=127.0.0.1 location=局域网
2026-05-29 23:32:35.600 [http-nio-8081-exec-8] DEBUG c.u.b.i.p.m.C.selectList - <==      Total: 1
2026-05-29 23:32:35.600 [http-nio-8081-exec-8] DEBUG org.mybatis.spring.SqlSessionUtils - Closing non transactional SqlSession [org.apache.ibatis.session.defaults.DefaultSqlSession@30ba7684]
2026-05-29 23:32:35.602 [http-nio-8081-exec-8] DEBUG org.mybatis.spring.SqlSessionUtils - Creating a new SqlSession
2026-05-29 23:32:35.602 [http-nio-8081-exec-8] DEBUG org.mybatis.spring.SqlSessionUtils - SqlSession [org.apache.ibatis.session.defaults.DefaultSqlSession@6f98eb31] was not registered for synchronization because synchronization is not active
2026-05-29 23:32:35.602 [http-nio-8081-exec-8] DEBUG o.m.s.t.SpringManagedTransaction - JDBC Connection [HikariProxyConnection@209042960 wrapping com.mysql.cj.jdbc.ConnectionImpl@70a6143d] will not be managed by Spring
2026-05-29 23:32:35.602 [http-nio-8081-exec-8] DEBUG c.u.b.i.p.m.C.selectList - ==>  Preparing: SELECT id,user_uid,nick_name,real_name,avatar_url,current_entity_name,level,bio_data,career_data,intro,announcement,created_at,updated_at FROM user_profile WHERE (user_uid = ?) LIMIT 1
2026-05-29 23:32:35.603 [http-nio-8081-exec-8] DEBUG c.u.b.i.p.m.C.selectList - ==> Parameters: USzrFBKQxd5Iq(String)
2026-05-29 23:32:35.604 [http-nio-8081-exec-8] DEBUG c.u.b.i.p.m.C.selectList - <==      Total: 1
2026-05-29 23:32:35.604 [http-nio-8081-exec-8] DEBUG org.mybatis.spring.SqlSessionUtils - Closing non transactional SqlSession [org.apache.ibatis.session.defaults.DefaultSqlSession@6f98eb31]
2026-05-29 23:32:35.606 [http-nio-8081-exec-8] INFO  c.u.b.i.c.ApiRequestLoggingFilter - [API] GET /api/v1/client/user-profile/menu?uid=USzrFBKQxd5Iq -> 200 (19 ms) ip=127.0.0.1 location=局域网
2026-05-29 23:32:39.277 [http-nio-8081-exec-1] DEBUG c.u.b.i.config.IpLocationInterceptor - IP属地解析: ip=127.0.0.1, location=局域网, uri=/api/v1/client/auth/logout
2026-05-29 23:32:39.277 [http-nio-8081-exec-1] INFO  c.u.b.i.c.ApiRequestLoggingFilter - [API] OPTIONS /api/v1/client/auth/logout -> 200 (1 ms) ip=127.0.0.1 location=局域网
2026-05-29 23:32:39.282 [http-nio-8081-exec-2] DEBUG c.u.b.i.config.IpLocationInterceptor - IP属地解析: ip=127.0.0.1, location=局域网, uri=/api/v1/client/auth/logout
2026-05-29 23:32:39.295 [http-nio-8081-exec-2] INFO  c.u.b.i.c.ApiRequestLoggingFilter - [API] POST /api/v1/client/auth/logout -> 200 (14 ms) ip=127.0.0.1 location=局域网
2026-05-29 23:32:39.739 [http-nio-8081-exec-10] DEBUG c.u.b.i.config.IpLocationInterceptor - IP属地解析: ip=127.0.0.1, location=局域网, uri=/api/v1/client/feed/home
2026-05-29 23:32:39.742 [http-nio-8081-exec-10] INFO  c.u.b.i.c.ApiRequestLoggingFilter - [API] GET /api/v1/client/feed/home -> 200 (4 ms) ip=127.0.0.1 location=局域网
2026-05-29 23:32:39.745 [http-nio-8081-exec-9] DEBUG c.u.b.i.config.IpLocationInterceptor - IP属地解析: ip=127.0.0.1, location=局域网, uri=/api/v1/client/feed/home
2026-05-29 23:32:39.747 [http-nio-8081-exec-9] INFO  c.u.b.i.c.ApiRequestLoggingFilter - [API] GET /api/v1/client/feed/home -> 200 (3 ms) ip=127.0.0.1 location=局域网
2026-05-29 23:32:46.095 [http-nio-8081-exec-4] DEBUG c.u.b.i.config.IpLocationInterceptor - IP属地解析: ip=127.0.0.1, location=局域网, uri=/api/v1/client/auth/personal/login/password
2026-05-29 23:32:46.096 [http-nio-8081-exec-4] INFO  c.u.b.i.c.ApiRequestLoggingFilter - [API] OPTIONS /api/v1/client/auth/personal/login/password -> 200 (2 ms) ip=127.0.0.1 location=局域网
2026-05-29 23:32:46.101 [http-nio-8081-exec-6] DEBUG c.u.b.i.config.IpLocationInterceptor - IP属地解析: ip=127.0.0.1, location=局域网, uri=/api/v1/client/auth/personal/login/password
2026-05-29 23:32:46.112 [http-nio-8081-exec-6] DEBUG org.mybatis.spring.SqlSessionUtils - Creating a new SqlSession
2026-05-29 23:32:46.112 [http-nio-8081-exec-6] DEBUG org.mybatis.spring.SqlSessionUtils - SqlSession [org.apache.ibatis.session.defaults.DefaultSqlSession@40b483ca] was not registered for synchronization because synchronization is not active
2026-05-29 23:32:46.113 [http-nio-8081-exec-6] DEBUG o.m.s.t.SpringManagedTransaction - JDBC Connection [HikariProxyConnection@1311546879 wrapping com.mysql.cj.jdbc.ConnectionImpl@70a6143d] will not be managed by Spring
2026-05-29 23:32:46.113 [http-nio-8081-exec-6] DEBUG c.u.b.i.p.m.C.selectList - ==>  Preparing: SELECT id,user_uid,phone,email,password_hash,account_status,account_status_changed_at,account_status_remark,last_login_at,created_at,updated_at FROM user WHERE (phone = ?)
2026-05-29 23:32:46.113 [http-nio-8081-exec-6] DEBUG c.u.b.i.p.m.C.selectList - ==> Parameters: 13800001004(String)
2026-05-29 23:32:46.116 [http-nio-8081-exec-6] DEBUG c.u.b.i.p.m.C.selectList - <==      Total: 1
2026-05-29 23:32:46.116 [http-nio-8081-exec-6] DEBUG org.mybatis.spring.SqlSessionUtils - Closing non transactional SqlSession [org.apache.ibatis.session.defaults.DefaultSqlSession@40b483ca]
2026-05-29 23:32:46.117 [http-nio-8081-exec-6] DEBUG org.mybatis.spring.SqlSessionUtils - Creating a new SqlSession
2026-05-29 23:32:46.117 [http-nio-8081-exec-6] DEBUG org.mybatis.spring.SqlSessionUtils - SqlSession [org.apache.ibatis.session.defaults.DefaultSqlSession@ca45b61] was not registered for synchronization because synchronization is not active
2026-05-29 23:32:46.119 [http-nio-8081-exec-6] DEBUG o.m.s.t.SpringManagedTransaction - JDBC Connection [HikariProxyConnection@1107531883 wrapping com.mysql.cj.jdbc.ConnectionImpl@70a6143d] will not be managed by Spring
2026-05-29 23:32:46.119 [http-nio-8081-exec-6] DEBUG c.u.b.i.p.m.ClientUserMapper.update - ==>  Preparing: UPDATE user SET last_login_at=? WHERE (user_uid = ?)
2026-05-29 23:32:46.120 [http-nio-8081-exec-6] DEBUG c.u.b.i.p.m.ClientUserMapper.update - ==> Parameters: 2026-05-29T23:32:46.117038800(LocalDateTime), USzrFBKQxd5Iq(String)
2026-05-29 23:32:46.214 [http-nio-8081-exec-6] DEBUG c.u.b.i.p.m.ClientUserMapper.update - <==    Updates: 1
2026-05-29 23:32:46.214 [http-nio-8081-exec-6] DEBUG org.mybatis.spring.SqlSessionUtils - Closing non transactional SqlSession [org.apache.ibatis.session.defaults.DefaultSqlSession@ca45b61]
2026-05-29 23:32:46.215 [http-nio-8081-exec-6] DEBUG org.mybatis.spring.SqlSessionUtils - Creating a new SqlSession
2026-05-29 23:32:46.215 [http-nio-8081-exec-6] DEBUG org.mybatis.spring.SqlSessionUtils - SqlSession [org.apache.ibatis.session.defaults.DefaultSqlSession@30c906dd] was not registered for synchronization because synchronization is not active
2026-05-29 23:32:46.215 [http-nio-8081-exec-6] DEBUG o.m.s.t.SpringManagedTransaction - JDBC Connection [HikariProxyConnection@159721083 wrapping com.mysql.cj.jdbc.ConnectionImpl@70a6143d] will not be managed by Spring
2026-05-29 23:32:46.217 [http-nio-8081-exec-6] DEBUG c.u.b.i.p.m.U.selectList - ==>  Preparing: SELECT id,user_uid,entity_code,role,auth_serial_no,proof_artifact_url,audit_status,is_active,remark,created_at,updated_at FROM user_auth_link WHERE (user_uid = ?) ORDER BY updated_at DESC LIMIT 1
2026-05-29 23:32:46.217 [http-nio-8081-exec-6] DEBUG c.u.b.i.p.m.U.selectList - ==> Parameters: USzrFBKQxd5Iq(String)
2026-05-29 23:32:46.220 [http-nio-8081-exec-6] DEBUG c.u.b.i.p.m.U.selectList - <==      Total: 0
2026-05-29 23:32:46.220 [http-nio-8081-exec-6] DEBUG org.mybatis.spring.SqlSessionUtils - Closing non transactional SqlSession [org.apache.ibatis.session.defaults.DefaultSqlSession@30c906dd]
2026-05-29 23:32:46.223 [http-nio-8081-exec-6] INFO  c.u.b.i.c.ApiRequestLoggingFilter - [API] POST /api/v1/client/auth/personal/login/password -> 200 (124 ms) ip=127.0.0.1 location=局域网
2026-05-29 23:32:46.278 [http-nio-8081-exec-7] DEBUG c.u.b.i.config.IpLocationInterceptor - IP属地解析: ip=127.0.0.1, location=局域网, uri=/api/v1/client/user-profile/menu
2026-05-29 23:32:46.288 [http-nio-8081-exec-7] DEBUG org.mybatis.spring.SqlSessionUtils - Creating a new SqlSession
2026-05-29 23:32:46.288 [http-nio-8081-exec-7] DEBUG org.mybatis.spring.SqlSessionUtils - SqlSession [org.apache.ibatis.session.defaults.DefaultSqlSession@446c5b0a] was not registered for synchronization because synchronization is not active
2026-05-29 23:32:46.288 [http-nio-8081-exec-7] DEBUG o.m.s.t.SpringManagedTransaction - JDBC Connection [HikariProxyConnection@1760380790 wrapping com.mysql.cj.jdbc.ConnectionImpl@70a6143d] will not be managed by Spring
2026-05-29 23:32:46.288 [http-nio-8081-exec-7] DEBUG c.u.b.i.p.m.C.selectList - ==>  Preparing: SELECT id,user_uid,phone,email,password_hash,account_status,account_status_changed_at,account_status_remark,last_login_at,created_at,updated_at FROM user WHERE (user_uid = ?) LIMIT 1
2026-05-29 23:32:46.289 [http-nio-8081-exec-7] DEBUG c.u.b.i.p.m.C.selectList - ==> Parameters: USzrFBKQxd5Iq(String)
2026-05-29 23:32:46.291 [http-nio-8081-exec-7] DEBUG c.u.b.i.p.m.C.selectList - <==      Total: 1
2026-05-29 23:32:46.291 [http-nio-8081-exec-7] DEBUG org.mybatis.spring.SqlSessionUtils - Closing non transactional SqlSession [org.apache.ibatis.session.defaults.DefaultSqlSession@446c5b0a]
2026-05-29 23:32:46.292 [http-nio-8081-exec-7] DEBUG org.mybatis.spring.SqlSessionUtils - Creating a new SqlSession
2026-05-29 23:32:46.292 [http-nio-8081-exec-7] DEBUG org.mybatis.spring.SqlSessionUtils - SqlSession [org.apache.ibatis.session.defaults.DefaultSqlSession@578506e4] was not registered for synchronization because synchronization is not active
2026-05-29 23:32:46.292 [http-nio-8081-exec-7] DEBUG o.m.s.t.SpringManagedTransaction - JDBC Connection [HikariProxyConnection@1897378581 wrapping com.mysql.cj.jdbc.ConnectionImpl@70a6143d] will not be managed by Spring
2026-05-29 23:32:46.292 [http-nio-8081-exec-7] DEBUG c.u.b.i.p.m.C.selectList - ==>  Preparing: SELECT id,user_uid,nick_name,real_name,avatar_url,current_entity_name,level,bio_data,career_data,intro,announcement,created_at,updated_at FROM user_profile WHERE (user_uid = ?) LIMIT 1
2026-05-29 23:32:46.292 [http-nio-8081-exec-7] DEBUG c.u.b.i.p.m.C.selectList - ==> Parameters: USzrFBKQxd5Iq(String)
2026-05-29 23:32:46.296 [http-nio-8081-exec-7] DEBUG c.u.b.i.p.m.C.selectList - <==      Total: 1
2026-05-29 23:32:46.296 [http-nio-8081-exec-7] DEBUG org.mybatis.spring.SqlSessionUtils - Closing non transactional SqlSession [org.apache.ibatis.session.defaults.DefaultSqlSession@578506e4]
2026-05-29 23:32:46.297 [http-nio-8081-exec-7] INFO  c.u.b.i.c.ApiRequestLoggingFilter - [API] GET /api/v1/client/user-profile/menu?uid=USzrFBKQxd5Iq -> 200 (21 ms) ip=127.0.0.1 location=局域网
2026-05-29 23:32:50.011 [http-nio-8081-exec-5] DEBUG c.u.b.i.config.IpLocationInterceptor - IP属地解析: ip=127.0.0.1, location=局域网, uri=/api/v1/client/user-profile/menu
2026-05-29 23:32:50.013 [http-nio-8081-exec-3] DEBUG c.u.b.i.config.IpLocationInterceptor - IP属地解析: ip=127.0.0.1, location=局域网, uri=/api/v1/client/projects/PRWp8BKpAdVXC
2026-05-29 23:32:50.013 [http-nio-8081-exec-8] DEBUG c.u.b.i.config.IpLocationInterceptor - IP属地解析: ip=127.0.0.1, location=局域网, uri=/api/v1/client/projects/PRWp8BKpAdVXC
2026-05-29 23:32:50.013 [http-nio-8081-exec-8] INFO  c.u.b.i.c.ApiRequestLoggingFilter - [API] OPTIONS /api/v1/client/projects/PRWp8BKpAdVXC -> 200 (2 ms) ip=127.0.0.1 location=局域网
2026-05-29 23:32:50.013 [http-nio-8081-exec-3] INFO  c.u.b.i.c.ApiRequestLoggingFilter - [API] OPTIONS /api/v1/client/projects/PRWp8BKpAdVXC -> 200 (3 ms) ip=127.0.0.1 location=局域网
2026-05-29 23:32:50.016 [http-nio-8081-exec-5] DEBUG org.mybatis.spring.SqlSessionUtils - Creating a new SqlSession
2026-05-29 23:32:50.016 [http-nio-8081-exec-5] DEBUG org.mybatis.spring.SqlSessionUtils - SqlSession [org.apache.ibatis.session.defaults.DefaultSqlSession@696a24b8] was not registered for synchronization because synchronization is not active
2026-05-29 23:32:50.017 [http-nio-8081-exec-1] DEBUG c.u.b.i.config.IpLocationInterceptor - IP属地解析: ip=127.0.0.1, location=局域网, uri=/api/v1/client/projects/PRWp8BKpAdVXC
2026-05-29 23:32:50.017 [http-nio-8081-exec-5] DEBUG o.m.s.t.SpringManagedTransaction - JDBC Connection [HikariProxyConnection@1202507045 wrapping com.mysql.cj.jdbc.ConnectionImpl@70a6143d] will not be managed by Spring
2026-05-29 23:32:50.017 [http-nio-8081-exec-5] DEBUG c.u.b.i.p.m.C.selectList - ==>  Preparing: SELECT id,user_uid,phone,email,password_hash,account_status,account_status_changed_at,account_status_remark,last_login_at,created_at,updated_at FROM user WHERE (user_uid = ?) LIMIT 1
2026-05-29 23:32:50.017 [http-nio-8081-exec-5] DEBUG c.u.b.i.p.m.C.selectList - ==> Parameters: USzrFBKQxd5Iq(String)
2026-05-29 23:32:50.020 [http-nio-8081-exec-5] DEBUG c.u.b.i.p.m.C.selectList - <==      Total: 1
2026-05-29 23:32:50.020 [http-nio-8081-exec-5] DEBUG org.mybatis.spring.SqlSessionUtils - Closing non transactional SqlSession [org.apache.ibatis.session.defaults.DefaultSqlSession@696a24b8]
2026-05-29 23:32:50.021 [http-nio-8081-exec-5] DEBUG org.mybatis.spring.SqlSessionUtils - Creating a new SqlSession
2026-05-29 23:32:50.021 [http-nio-8081-exec-5] DEBUG org.mybatis.spring.SqlSessionUtils - SqlSession [org.apache.ibatis.session.defaults.DefaultSqlSession@5ee33129] was not registered for synchronization because synchronization is not active
2026-05-29 23:32:50.021 [http-nio-8081-exec-5] DEBUG o.m.s.t.SpringManagedTransaction - JDBC Connection [HikariProxyConnection@1712624041 wrapping com.mysql.cj.jdbc.ConnectionImpl@70a6143d] will not be managed by Spring
2026-05-29 23:32:50.021 [http-nio-8081-exec-5] DEBUG c.u.b.i.p.m.C.selectList - ==>  Preparing: SELECT id,user_uid,nick_name,real_name,avatar_url,current_entity_name,level,bio_data,career_data,intro,announcement,created_at,updated_at FROM user_profile WHERE (user_uid = ?) LIMIT 1
2026-05-29 23:32:50.021 [http-nio-8081-exec-5] DEBUG c.u.b.i.p.m.C.selectList - ==> Parameters: USzrFBKQxd5Iq(String)
2026-05-29 23:32:50.023 [http-nio-8081-exec-5] DEBUG c.u.b.i.p.m.C.selectList - <==      Total: 1
2026-05-29 23:32:50.023 [http-nio-8081-exec-5] DEBUG org.mybatis.spring.SqlSessionUtils - Closing non transactional SqlSession [org.apache.ibatis.session.defaults.DefaultSqlSession@5ee33129]
2026-05-29 23:32:50.023 [http-nio-8081-exec-5] INFO  c.u.b.i.c.ApiRequestLoggingFilter - [API] GET /api/v1/client/user-profile/menu?uid=USzrFBKQxd5Iq -> 200 (13 ms) ip=127.0.0.1 location=局域网
2026-05-29 23:32:50.027 [http-nio-8081-exec-2] DEBUG c.u.b.i.config.IpLocationInterceptor - IP属地解析: ip=127.0.0.1, location=局域网, uri=/api/v1/client/user-profile/menu
2026-05-29 23:32:50.031 [http-nio-8081-exec-2] DEBUG org.mybatis.spring.SqlSessionUtils - Creating a new SqlSession
2026-05-29 23:32:50.031 [http-nio-8081-exec-2] DEBUG org.mybatis.spring.SqlSessionUtils - SqlSession [org.apache.ibatis.session.defaults.DefaultSqlSession@489006a4] was not registered for synchronization because synchronization is not active
2026-05-29 23:32:50.031 [http-nio-8081-exec-2] DEBUG o.m.s.t.SpringManagedTransaction - JDBC Connection [HikariProxyConnection@258940145 wrapping com.mysql.cj.jdbc.ConnectionImpl@70a6143d] will not be managed by Spring
2026-05-29 23:32:50.031 [http-nio-8081-exec-2] DEBUG c.u.b.i.p.m.C.selectList - ==>  Preparing: SELECT id,user_uid,phone,email,password_hash,account_status,account_status_changed_at,account_status_remark,last_login_at,created_at,updated_at FROM user WHERE (user_uid = ?) LIMIT 1
2026-05-29 23:32:50.033 [http-nio-8081-exec-2] DEBUG c.u.b.i.p.m.C.selectList - ==> Parameters: USzrFBKQxd5Iq(String)
2026-05-29 23:32:50.034 [http-nio-8081-exec-2] DEBUG c.u.b.i.p.m.C.selectList - <==      Total: 1
2026-05-29 23:32:50.034 [http-nio-8081-exec-2] DEBUG org.mybatis.spring.SqlSessionUtils - Closing non transactional SqlSession [org.apache.ibatis.session.defaults.DefaultSqlSession@489006a4]
2026-05-29 23:32:50.035 [http-nio-8081-exec-2] DEBUG org.mybatis.spring.SqlSessionUtils - Creating a new SqlSession
2026-05-29 23:32:50.035 [http-nio-8081-exec-2] DEBUG org.mybatis.spring.SqlSessionUtils - SqlSession [org.apache.ibatis.session.defaults.DefaultSqlSession@50e51424] was not registered for synchronization because synchronization is not active
2026-05-29 23:32:50.035 [http-nio-8081-exec-2] DEBUG o.m.s.t.SpringManagedTransaction - JDBC Connection [HikariProxyConnection@403217850 wrapping com.mysql.cj.jdbc.ConnectionImpl@70a6143d] will not be managed by Spring
2026-05-29 23:32:50.035 [http-nio-8081-exec-2] DEBUG c.u.b.i.p.m.C.selectList - ==>  Preparing: SELECT id,user_uid,nick_name,real_name,avatar_url,current_entity_name,level,bio_data,career_data,intro,announcement,created_at,updated_at FROM user_profile WHERE (user_uid = ?) LIMIT 1
2026-05-29 23:32:50.036 [http-nio-8081-exec-2] DEBUG c.u.b.i.p.m.C.selectList - ==> Parameters: USzrFBKQxd5Iq(String)
2026-05-29 23:32:50.037 [http-nio-8081-exec-1] DEBUG org.mybatis.spring.SqlSessionUtils - Creating a new SqlSession
2026-05-29 23:32:50.037 [http-nio-8081-exec-2] DEBUG c.u.b.i.p.m.C.selectList - <==      Total: 1
2026-05-29 23:32:50.037 [http-nio-8081-exec-1] DEBUG org.mybatis.spring.SqlSessionUtils - SqlSession [org.apache.ibatis.session.defaults.DefaultSqlSession@9f081d0] was not registered for synchronization because synchronization is not active
2026-05-29 23:32:50.037 [http-nio-8081-exec-2] DEBUG org.mybatis.spring.SqlSessionUtils - Closing non transactional SqlSession [org.apache.ibatis.session.defaults.DefaultSqlSession@50e51424]
2026-05-29 23:32:50.037 [http-nio-8081-exec-1] DEBUG o.m.s.t.SpringManagedTransaction - JDBC Connection [HikariProxyConnection@677951001 wrapping com.mysql.cj.jdbc.ConnectionImpl@70a6143d] will not be managed by Spring
2026-05-29 23:32:50.039 [http-nio-8081-exec-1] DEBUG c.u.b.i.p.m.C.selectList - ==>  Preparing: SELECT id,project_uid,extended_uid,category,recruitment_type,owner_uid,team_uid,title,preview,editor_type,description,tags,duration,team_size,deadline,level,status,published_at,created_at,updated_at FROM project WHERE (project_uid = ?) LIMIT 1
2026-05-29 23:32:50.039 [http-nio-8081-exec-1] DEBUG c.u.b.i.p.m.C.selectList - ==> Parameters: PRWp8BKpAdVXC(String)
2026-05-29 23:32:50.039 [http-nio-8081-exec-2] INFO  c.u.b.i.c.ApiRequestLoggingFilter - [API] GET /api/v1/client/user-profile/menu?uid=USzrFBKQxd5Iq -> 200 (13 ms) ip=127.0.0.1 location=局域网
2026-05-29 23:32:50.041 [http-nio-8081-exec-1] DEBUG c.u.b.i.p.m.C.selectList - <==      Total: 1
2026-05-29 23:32:50.041 [http-nio-8081-exec-1] DEBUG org.mybatis.spring.SqlSessionUtils - Closing non transactional SqlSession [org.apache.ibatis.session.defaults.DefaultSqlSession@9f081d0]
2026-05-29 23:32:50.047 [http-nio-8081-exec-1] DEBUG org.mybatis.spring.SqlSessionUtils - Creating a new SqlSession
2026-05-29 23:32:50.047 [http-nio-8081-exec-1] DEBUG org.mybatis.spring.SqlSessionUtils - SqlSession [org.apache.ibatis.session.defaults.DefaultSqlSession@2ca16c46] was not registered for synchronization because synchronization is not active
2026-05-29 23:32:50.048 [http-nio-8081-exec-1] DEBUG o.m.s.t.SpringManagedTransaction - JDBC Connection [HikariProxyConnection@1646740960 wrapping com.mysql.cj.jdbc.ConnectionImpl@70a6143d] will not be managed by Spring
2026-05-29 23:32:50.048 [http-nio-8081-exec-1] DEBUG c.u.b.i.p.m.C.selectById - ==>  Preparing: SELECT project_uid,total_budget,commercial_status,created_at,updated_at FROM project_commercial_secret WHERE project_uid=?
2026-05-29 23:32:50.048 [http-nio-8081-exec-1] DEBUG c.u.b.i.p.m.C.selectById - ==> Parameters: PRWp8BKpAdVXC(String)
2026-05-29 23:32:50.052 [http-nio-8081-exec-1] DEBUG c.u.b.i.p.m.C.selectById - <==      Total: 0
2026-05-29 23:32:50.052 [http-nio-8081-exec-1] DEBUG org.mybatis.spring.SqlSessionUtils - Closing non transactional SqlSession [org.apache.ibatis.session.defaults.DefaultSqlSession@2ca16c46]
2026-05-29 23:32:50.081 [http-nio-8081-exec-1] INFO  c.u.b.i.c.ApiRequestLoggingFilter - [API] GET /api/v1/client/projects/PRWp8BKpAdVXC -> 200 (66 ms) ip=127.0.0.1 location=局域网
2026-05-29 23:32:50.082 [http-nio-8081-exec-10] DEBUG c.u.b.i.config.IpLocationInterceptor - IP属地解析: ip=127.0.0.1, location=局域网, uri=/api/v1/client/projects/PRWp8BKpAdVXC
2026-05-29 23:32:50.084 [http-nio-8081-exec-10] DEBUG org.mybatis.spring.SqlSessionUtils - Creating a new SqlSession
2026-05-29 23:32:50.084 [http-nio-8081-exec-10] DEBUG org.mybatis.spring.SqlSessionUtils - SqlSession [org.apache.ibatis.session.defaults.DefaultSqlSession@24971bbf] was not registered for synchronization because synchronization is not active
2026-05-29 23:32:50.086 [http-nio-8081-exec-10] DEBUG o.m.s.t.SpringManagedTransaction - JDBC Connection [HikariProxyConnection@1063861481 wrapping com.mysql.cj.jdbc.ConnectionImpl@70a6143d] will not be managed by Spring
2026-05-29 23:32:50.086 [http-nio-8081-exec-10] DEBUG c.u.b.i.p.m.C.selectList - ==>  Preparing: SELECT id,project_uid,extended_uid,category,recruitment_type,owner_uid,team_uid,title,preview,editor_type,description,tags,duration,team_size,deadline,level,status,published_at,created_at,updated_at FROM project WHERE (project_uid = ?) LIMIT 1
2026-05-29 23:32:50.086 [http-nio-8081-exec-10] DEBUG c.u.b.i.p.m.C.selectList - ==> Parameters: PRWp8BKpAdVXC(String)
2026-05-29 23:32:50.088 [http-nio-8081-exec-10] DEBUG c.u.b.i.p.m.C.selectList - <==      Total: 1
2026-05-29 23:32:50.088 [http-nio-8081-exec-10] DEBUG org.mybatis.spring.SqlSessionUtils - Closing non transactional SqlSession [org.apache.ibatis.session.defaults.DefaultSqlSession@24971bbf]
2026-05-29 23:32:50.093 [http-nio-8081-exec-10] DEBUG org.mybatis.spring.SqlSessionUtils - Creating a new SqlSession
2026-05-29 23:32:50.093 [http-nio-8081-exec-10] DEBUG org.mybatis.spring.SqlSessionUtils - SqlSession [org.apache.ibatis.session.defaults.DefaultSqlSession@1031b8ec] was not registered for synchronization because synchronization is not active
2026-05-29 23:32:50.093 [http-nio-8081-exec-10] DEBUG o.m.s.t.SpringManagedTransaction - JDBC Connection [HikariProxyConnection@266485225 wrapping com.mysql.cj.jdbc.ConnectionImpl@70a6143d] will not be managed by Spring
2026-05-29 23:32:50.093 [http-nio-8081-exec-10] DEBUG c.u.b.i.p.m.C.selectById - ==>  Preparing: SELECT project_uid,total_budget,commercial_status,created_at,updated_at FROM project_commercial_secret WHERE project_uid=?
2026-05-29 23:32:50.095 [http-nio-8081-exec-10] DEBUG c.u.b.i.p.m.C.selectById - ==> Parameters: PRWp8BKpAdVXC(String)
2026-05-29 23:32:50.095 [http-nio-8081-exec-10] DEBUG c.u.b.i.p.m.C.selectById - <==      Total: 0
2026-05-29 23:32:50.096 [http-nio-8081-exec-10] DEBUG org.mybatis.spring.SqlSessionUtils - Closing non transactional SqlSession [org.apache.ibatis.session.defaults.DefaultSqlSession@1031b8ec]
2026-05-29 23:32:50.097 [http-nio-8081-exec-10] INFO  c.u.b.i.c.ApiRequestLoggingFilter - [API] GET /api/v1/client/projects/PRWp8BKpAdVXC -> 200 (15 ms) ip=127.0.0.1 location=局域网
2026-05-29 23:32:50.364 [http-nio-8081-exec-9] DEBUG c.u.b.i.config.IpLocationInterceptor - IP属地解析: ip=127.0.0.1, location=局域网, uri=/api/v1/client/feed/events
2026-05-29 23:32:50.365 [http-nio-8081-exec-9] INFO  c.u.b.i.c.ApiRequestLoggingFilter - [API] OPTIONS /api/v1/client/feed/events -> 200 (1 ms) ip=127.0.0.1 location=局域网
2026-05-29 23:32:50.370 [http-nio-8081-exec-4] DEBUG c.u.b.i.config.IpLocationInterceptor - IP属地解析: ip=127.0.0.1, location=局域网, uri=/api/v1/client/feed/events
2026-05-29 23:32:50.401 [http-nio-8081-exec-4] DEBUG org.mybatis.spring.SqlSessionUtils - Creating a new SqlSession
2026-05-29 23:32:50.402 [http-nio-8081-exec-4] DEBUG org.mybatis.spring.SqlSessionUtils - Registering transaction synchronization for SqlSession [org.apache.ibatis.session.defaults.DefaultSqlSession@29c0857d]
2026-05-29 23:32:50.404 [http-nio-8081-exec-4] DEBUG o.m.s.t.SpringManagedTransaction - JDBC Connection [HikariProxyConnection@157859483 wrapping com.mysql.cj.jdbc.ConnectionImpl@70a6143d] will be managed by Spring
2026-05-29 23:32:50.404 [http-nio-8081-exec-4] DEBUG c.u.b.i.p.m.U.update - ==>  Preparing: UPDATE user_tag_interests SET weight = weight + 0.5 WHERE (user_uid = ? AND tag = ?)
2026-05-29 23:32:50.406 [http-nio-8081-exec-4] DEBUG c.u.b.i.p.m.U.update - ==> Parameters: USzrFBKQxd5Iq(String), UI设计(String)
2026-05-29 23:32:50.413 [http-nio-8081-exec-4] DEBUG c.u.b.i.p.m.U.update - <==    Updates: 0
2026-05-29 23:32:50.413 [http-nio-8081-exec-4] DEBUG org.mybatis.spring.SqlSessionUtils - Releasing transactional SqlSession [org.apache.ibatis.session.defaults.DefaultSqlSession@29c0857d]
2026-05-29 23:32:50.413 [http-nio-8081-exec-4] DEBUG org.mybatis.spring.SqlSessionUtils - Fetched SqlSession [org.apache.ibatis.session.defaults.DefaultSqlSession@29c0857d] from current transaction
2026-05-29 23:32:50.419 [http-nio-8081-exec-4] DEBUG c.u.b.i.p.m.U.insert - ==>  Preparing: INSERT INTO user_tag_interests ( user_uid, tag, weight ) VALUES ( ?, ?, ? )
2026-05-29 23:32:50.429 [http-nio-8081-exec-4] DEBUG c.u.b.i.p.m.U.insert - ==> Parameters: USzrFBKQxd5Iq(String), UI设计(String), 0.5(BigDecimal)
2026-05-29 23:32:50.433 [http-nio-8081-exec-4] DEBUG c.u.b.i.p.m.U.insert - <==    Updates: 1
2026-05-29 23:32:50.435 [http-nio-8081-exec-4] DEBUG org.mybatis.spring.SqlSessionUtils - Releasing transactional SqlSession [org.apache.ibatis.session.defaults.DefaultSqlSession@29c0857d]
2026-05-29 23:32:50.435 [http-nio-8081-exec-4] DEBUG org.mybatis.spring.SqlSessionUtils - Fetched SqlSession [org.apache.ibatis.session.defaults.DefaultSqlSession@29c0857d] from current transaction
2026-05-29 23:32:50.435 [http-nio-8081-exec-4] DEBUG c.u.b.i.p.m.U.update - ==>  Preparing: UPDATE user_tag_interests SET weight = weight + 0.5 WHERE (user_uid = ? AND tag = ?)
2026-05-29 23:32:50.438 [http-nio-8081-exec-4] DEBUG c.u.b.i.p.m.U.update - ==> Parameters: USzrFBKQxd5Iq(String), Python(String)
2026-05-29 23:32:50.440 [http-nio-8081-exec-4] DEBUG c.u.b.i.p.m.U.update - <==    Updates: 0
2026-05-29 23:32:50.441 [http-nio-8081-exec-4] DEBUG org.mybatis.spring.SqlSessionUtils - Releasing transactional SqlSession [org.apache.ibatis.session.defaults.DefaultSqlSession@29c0857d]
2026-05-29 23:32:50.441 [http-nio-8081-exec-4] DEBUG org.mybatis.spring.SqlSessionUtils - Fetched SqlSession [org.apache.ibatis.session.defaults.DefaultSqlSession@29c0857d] from current transaction
2026-05-29 23:32:50.441 [http-nio-8081-exec-4] DEBUG c.u.b.i.p.m.U.insert - ==>  Preparing: INSERT INTO user_tag_interests ( user_uid, tag, weight ) VALUES ( ?, ?, ? )
2026-05-29 23:32:50.441 [http-nio-8081-exec-4] DEBUG c.u.b.i.p.m.U.insert - ==> Parameters: USzrFBKQxd5Iq(String), Python(String), 0.5(BigDecimal)
2026-05-29 23:32:50.442 [http-nio-8081-exec-4] DEBUG c.u.b.i.p.m.U.insert - <==    Updates: 1
2026-05-29 23:32:50.442 [http-nio-8081-exec-4] DEBUG org.mybatis.spring.SqlSessionUtils - Releasing transactional SqlSession [org.apache.ibatis.session.defaults.DefaultSqlSession@29c0857d]
2026-05-29 23:32:50.444 [http-nio-8081-exec-4] DEBUG org.mybatis.spring.SqlSessionUtils - Fetched SqlSession [org.apache.ibatis.session.defaults.DefaultSqlSession@29c0857d] from current transaction
2026-05-29 23:32:50.445 [http-nio-8081-exec-4] DEBUG c.u.b.i.p.m.U.update - ==>  Preparing: UPDATE user_tag_interests SET weight = weight + 0.5 WHERE (user_uid = ? AND tag = ?)
2026-05-29 23:32:50.445 [http-nio-8081-exec-4] DEBUG c.u.b.i.p.m.U.update - ==> Parameters: USzrFBKQxd5Iq(String), 数据分析(String)
2026-05-29 23:32:50.445 [http-nio-8081-exec-4] DEBUG c.u.b.i.p.m.U.update - <==    Updates: 0
2026-05-29 23:32:50.445 [http-nio-8081-exec-4] DEBUG org.mybatis.spring.SqlSessionUtils - Releasing transactional SqlSession [org.apache.ibatis.session.defaults.DefaultSqlSession@29c0857d]
2026-05-29 23:32:50.445 [http-nio-8081-exec-4] DEBUG org.mybatis.spring.SqlSessionUtils - Fetched SqlSession [org.apache.ibatis.session.defaults.DefaultSqlSession@29c0857d] from current transaction
2026-05-29 23:32:50.446 [http-nio-8081-exec-4] DEBUG c.u.b.i.p.m.U.insert - ==>  Preparing: INSERT INTO user_tag_interests ( user_uid, tag, weight ) VALUES ( ?, ?, ? )
2026-05-29 23:32:50.446 [http-nio-8081-exec-4] DEBUG c.u.b.i.p.m.U.insert - ==> Parameters: USzrFBKQxd5Iq(String), 数据分析(String), 0.5(BigDecimal)
2026-05-29 23:32:50.447 [http-nio-8081-exec-4] DEBUG c.u.b.i.p.m.U.insert - <==    Updates: 1
2026-05-29 23:32:50.447 [http-nio-8081-exec-4] DEBUG org.mybatis.spring.SqlSessionUtils - Releasing transactional SqlSession [org.apache.ibatis.session.defaults.DefaultSqlSession@29c0857d]
2026-05-29 23:32:50.447 [http-nio-8081-exec-4] DEBUG c.u.b.d.feed.FeedBehaviorService - Feed behavior tracked: userUid=USzrFBKQxd5Iq, event=VIEW_DETAIL, target=PROJECT/PRWp8BKpAdVXC, tags=[UI设计, Python, 数据分析]
2026-05-29 23:32:50.447 [http-nio-8081-exec-4] DEBUG org.mybatis.spring.SqlSessionUtils - Transaction synchronization committing SqlSession [org.apache.ibatis.session.defaults.DefaultSqlSession@29c0857d]
2026-05-29 23:32:50.447 [http-nio-8081-exec-4] DEBUG org.mybatis.spring.SqlSessionUtils - Transaction synchronization deregistering SqlSession [org.apache.ibatis.session.defaults.DefaultSqlSession@29c0857d]
2026-05-29 23:32:50.447 [http-nio-8081-exec-4] DEBUG org.mybatis.spring.SqlSessionUtils - Transaction synchronization closing SqlSession [org.apache.ibatis.session.defaults.DefaultSqlSession@29c0857d]
2026-05-29 23:32:50.456 [http-nio-8081-exec-4] INFO  c.u.b.i.c.ApiRequestLoggingFilter - [API] POST /api/v1/client/feed/events -> 200 (87 ms) ip=127.0.0.1 location=局域网
2026-05-29 23:33:06.704 [http-nio-8081-exec-6] DEBUG c.u.b.i.config.IpLocationInterceptor - IP属地解析: ip=127.0.0.1, location=局域网, uri=/api/v1/client/feed/home
2026-05-29 23:33:06.714 [http-nio-8081-exec-6] INFO  c.u.b.i.c.ApiRequestLoggingFilter - [API] GET /api/v1/client/feed/home -> 200 (10 ms) ip=127.0.0.1 location=局域网
2026-05-29 23:33:06.717 [http-nio-8081-exec-7] DEBUG c.u.b.i.config.IpLocationInterceptor - IP属地解析: ip=127.0.0.1, location=局域网, uri=/api/v1/client/feed/home
2026-05-29 23:33:06.724 [http-nio-8081-exec-7] INFO  c.u.b.i.c.ApiRequestLoggingFilter - [API] GET /api/v1/client/feed/home -> 200 (8 ms) ip=127.0.0.1 location=局域网
2026-05-29 23:33:33.660 [http-nio-8081-exec-8] DEBUG c.u.b.i.config.IpLocationInterceptor - IP属地解析: ip=127.0.0.1, location=局域网, uri=/api/v1/client/user-profile/space
2026-05-29 23:33:33.661 [http-nio-8081-exec-5] DEBUG c.u.b.i.config.IpLocationInterceptor - IP属地解析: ip=127.0.0.1, location=局域网, uri=/api/v1/client/user-profile/menu
2026-05-29 23:33:33.661 [http-nio-8081-exec-3] DEBUG c.u.b.i.config.IpLocationInterceptor - IP属地解析: ip=127.0.0.1, location=局域网, uri=/api/v1/client/user-profile/space
2026-05-29 23:33:33.661 [http-nio-8081-exec-8] INFO  c.u.b.i.c.ApiRequestLoggingFilter - [API] OPTIONS /api/v1/client/user-profile/space?uid=USzrFBKQxd5Iq -> 200 (1 ms) ip=127.0.0.1 location=局域网
2026-05-29 23:33:33.661 [http-nio-8081-exec-3] INFO  c.u.b.i.c.ApiRequestLoggingFilter - [API] OPTIONS /api/v1/client/user-profile/space?uid=USzrFBKQxd5Iq -> 200 (1 ms) ip=127.0.0.1 location=局域网
2026-05-29 23:33:33.664 [http-nio-8081-exec-2] DEBUG c.u.b.i.config.IpLocationInterceptor - IP属地解析: ip=127.0.0.1, location=局域网, uri=/api/v1/client/user-profile/space
2026-05-29 23:33:33.667 [http-nio-8081-exec-5] DEBUG org.mybatis.spring.SqlSessionUtils - Creating a new SqlSession
2026-05-29 23:33:33.667 [http-nio-8081-exec-5] DEBUG org.mybatis.spring.SqlSessionUtils - SqlSession [org.apache.ibatis.session.defaults.DefaultSqlSession@4e30bc96] was not registered for synchronization because synchronization is not active
2026-05-29 23:33:33.668 [http-nio-8081-exec-5] DEBUG o.m.s.t.SpringManagedTransaction - JDBC Connection [HikariProxyConnection@1593888318 wrapping com.mysql.cj.jdbc.ConnectionImpl@70a6143d] will not be managed by Spring
2026-05-29 23:33:33.668 [http-nio-8081-exec-5] DEBUG c.u.b.i.p.m.C.selectList - ==>  Preparing: SELECT id,user_uid,phone,email,password_hash,account_status,account_status_changed_at,account_status_remark,last_login_at,created_at,updated_at FROM user WHERE (user_uid = ?) LIMIT 1
2026-05-29 23:33:33.668 [http-nio-8081-exec-5] DEBUG c.u.b.i.p.m.C.selectList - ==> Parameters: USzrFBKQxd5Iq(String)
2026-05-29 23:33:33.670 [http-nio-8081-exec-5] DEBUG c.u.b.i.p.m.C.selectList - <==      Total: 1
2026-05-29 23:33:33.670 [http-nio-8081-exec-5] DEBUG org.mybatis.spring.SqlSessionUtils - Closing non transactional SqlSession [org.apache.ibatis.session.defaults.DefaultSqlSession@4e30bc96]
2026-05-29 23:33:33.671 [http-nio-8081-exec-2] DEBUG org.mybatis.spring.SqlSessionUtils - Creating a new SqlSession
2026-05-29 23:33:33.671 [http-nio-8081-exec-2] DEBUG org.mybatis.spring.SqlSessionUtils - SqlSession [org.apache.ibatis.session.defaults.DefaultSqlSession@a778142] was not registered for synchronization because synchronization is not active
2026-05-29 23:33:33.671 [http-nio-8081-exec-5] DEBUG org.mybatis.spring.SqlSessionUtils - Creating a new SqlSession
2026-05-29 23:33:33.671 [http-nio-8081-exec-5] DEBUG org.mybatis.spring.SqlSessionUtils - SqlSession [org.apache.ibatis.session.defaults.DefaultSqlSession@26da28d9] was not registered for synchronization because synchronization is not active
2026-05-29 23:33:33.671 [http-nio-8081-exec-5] DEBUG o.m.s.t.SpringManagedTransaction - JDBC Connection [HikariProxyConnection@1841689752 wrapping com.mysql.cj.jdbc.ConnectionImpl@70a6143d] will not be managed by Spring
2026-05-29 23:33:33.672 [http-nio-8081-exec-5] DEBUG c.u.b.i.p.m.C.selectList - ==>  Preparing: SELECT id,user_uid,nick_name,real_name,avatar_url,current_entity_name,level,bio_data,career_data,intro,announcement,created_at,updated_at FROM user_profile WHERE (user_uid = ?) LIMIT 1
2026-05-29 23:33:33.672 [http-nio-8081-exec-5] DEBUG c.u.b.i.p.m.C.selectList - ==> Parameters: USzrFBKQxd5Iq(String)
2026-05-29 23:33:33.672 [http-nio-8081-exec-2] DEBUG o.m.s.t.SpringManagedTransaction - JDBC Connection [HikariProxyConnection@2104802344 wrapping com.mysql.cj.jdbc.ConnectionImpl@34a74f45] will not be managed by Spring
2026-05-29 23:33:33.672 [http-nio-8081-exec-2] DEBUG c.u.b.i.p.m.C.selectList - ==>  Preparing: SELECT id,user_uid,phone,email,password_hash,account_status,account_status_changed_at,account_status_remark,last_login_at,created_at,updated_at FROM user WHERE (user_uid = ?) LIMIT 1
2026-05-29 23:33:33.672 [http-nio-8081-exec-2] DEBUG c.u.b.i.p.m.C.selectList - ==> Parameters: USzrFBKQxd5Iq(String)
2026-05-29 23:33:33.674 [http-nio-8081-exec-5] DEBUG c.u.b.i.p.m.C.selectList - <==      Total: 1
2026-05-29 23:33:33.674 [http-nio-8081-exec-5] DEBUG org.mybatis.spring.SqlSessionUtils - Closing non transactional SqlSession [org.apache.ibatis.session.defaults.DefaultSqlSession@26da28d9]
2026-05-29 23:33:33.675 [http-nio-8081-exec-5] INFO  c.u.b.i.c.ApiRequestLoggingFilter - [API] GET /api/v1/client/user-profile/menu?uid=USzrFBKQxd5Iq -> 200 (15 ms) ip=127.0.0.1 location=局域网
2026-05-29 23:33:33.677 [http-nio-8081-exec-2] DEBUG c.u.b.i.p.m.C.selectList - <==      Total: 1
2026-05-29 23:33:33.677 [http-nio-8081-exec-2] DEBUG org.mybatis.spring.SqlSessionUtils - Closing non transactional SqlSession [org.apache.ibatis.session.defaults.DefaultSqlSession@a778142]
2026-05-29 23:33:33.678 [http-nio-8081-exec-1] DEBUG c.u.b.i.config.IpLocationInterceptor - IP属地解析: ip=127.0.0.1, location=局域网, uri=/api/v1/client/user-profile/menu
2026-05-29 23:33:33.678 [http-nio-8081-exec-2] DEBUG org.mybatis.spring.SqlSessionUtils - Creating a new SqlSession
2026-05-29 23:33:33.678 [http-nio-8081-exec-2] DEBUG org.mybatis.spring.SqlSessionUtils - SqlSession [org.apache.ibatis.session.defaults.DefaultSqlSession@20e8d451] was not registered for synchronization because synchronization is not active
2026-05-29 23:33:33.678 [http-nio-8081-exec-2] DEBUG o.m.s.t.SpringManagedTransaction - JDBC Connection [HikariProxyConnection@2015734168 wrapping com.mysql.cj.jdbc.ConnectionImpl@34a74f45] will not be managed by Spring
2026-05-29 23:33:33.678 [http-nio-8081-exec-2] DEBUG c.u.b.i.p.m.C.selectList - ==>  Preparing: SELECT id,user_uid,nick_name,real_name,avatar_url,current_entity_name,level,bio_data,career_data,intro,announcement,created_at,updated_at FROM user_profile WHERE (user_uid = ?) LIMIT 1
2026-05-29 23:33:33.679 [http-nio-8081-exec-2] DEBUG c.u.b.i.p.m.C.selectList - ==> Parameters: USzrFBKQxd5Iq(String)
2026-05-29 23:33:33.682 [http-nio-8081-exec-2] DEBUG c.u.b.i.p.m.C.selectList - <==      Total: 1
2026-05-29 23:33:33.682 [http-nio-8081-exec-2] DEBUG org.mybatis.spring.SqlSessionUtils - Closing non transactional SqlSession [org.apache.ibatis.session.defaults.DefaultSqlSession@20e8d451]
2026-05-29 23:33:33.682 [http-nio-8081-exec-1] DEBUG org.mybatis.spring.SqlSessionUtils - Creating a new SqlSession
2026-05-29 23:33:33.682 [http-nio-8081-exec-1] DEBUG org.mybatis.spring.SqlSessionUtils - SqlSession [org.apache.ibatis.session.defaults.DefaultSqlSession@1fd50733] was not registered for synchronization because synchronization is not active
2026-05-29 23:33:33.682 [http-nio-8081-exec-2] DEBUG org.mybatis.spring.SqlSessionUtils - Creating a new SqlSession
2026-05-29 23:33:33.683 [http-nio-8081-exec-2] DEBUG org.mybatis.spring.SqlSessionUtils - SqlSession [org.apache.ibatis.session.defaults.DefaultSqlSession@790869bc] was not registered for synchronization because synchronization is not active
2026-05-29 23:33:33.683 [http-nio-8081-exec-1] DEBUG o.m.s.t.SpringManagedTransaction - JDBC Connection [HikariProxyConnection@603981361 wrapping com.mysql.cj.jdbc.ConnectionImpl@70a6143d] will not be managed by Spring
2026-05-29 23:33:33.683 [http-nio-8081-exec-1] DEBUG c.u.b.i.p.m.C.selectList - ==>  Preparing: SELECT id,user_uid,phone,email,password_hash,account_status,account_status_changed_at,account_status_remark,last_login_at,created_at,updated_at FROM user WHERE (user_uid = ?) LIMIT 1
2026-05-29 23:33:33.684 [http-nio-8081-exec-2] DEBUG o.m.s.t.SpringManagedTransaction - JDBC Connection [HikariProxyConnection@530866320 wrapping com.mysql.cj.jdbc.ConnectionImpl@34a74f45] will not be managed by Spring
2026-05-29 23:33:33.684 [http-nio-8081-exec-2] DEBUG c.u.b.i.p.m.U.selectList - ==>  Preparing: SELECT id,user_uid,entity_code,role,auth_serial_no,proof_artifact_url,audit_status,is_active,remark,created_at,updated_at FROM user_auth_link WHERE (user_uid = ? AND is_active = ?) ORDER BY updated_at DESC LIMIT 1
2026-05-29 23:33:33.684 [http-nio-8081-exec-1] DEBUG c.u.b.i.p.m.C.selectList - ==> Parameters: USzrFBKQxd5Iq(String)
2026-05-29 23:33:33.684 [http-nio-8081-exec-2] DEBUG c.u.b.i.p.m.U.selectList - ==> Parameters: USzrFBKQxd5Iq(String), 1(Integer)
2026-05-29 23:33:33.685 [http-nio-8081-exec-1] DEBUG c.u.b.i.p.m.C.selectList - <==      Total: 1
2026-05-29 23:33:33.685 [http-nio-8081-exec-1] DEBUG org.mybatis.spring.SqlSessionUtils - Closing non transactional SqlSession [org.apache.ibatis.session.defaults.DefaultSqlSession@1fd50733]
2026-05-29 23:33:33.687 [http-nio-8081-exec-1] DEBUG org.mybatis.spring.SqlSessionUtils - Creating a new SqlSession
2026-05-29 23:33:33.687 [http-nio-8081-exec-1] DEBUG org.mybatis.spring.SqlSessionUtils - SqlSession [org.apache.ibatis.session.defaults.DefaultSqlSession@52a3612a] was not registered for synchronization because synchronization is not active
2026-05-29 23:33:33.687 [http-nio-8081-exec-1] DEBUG o.m.s.t.SpringManagedTransaction - JDBC Connection [HikariProxyConnection@1702365394 wrapping com.mysql.cj.jdbc.ConnectionImpl@70a6143d] will not be managed by Spring
2026-05-29 23:33:33.687 [http-nio-8081-exec-1] DEBUG c.u.b.i.p.m.C.selectList - ==>  Preparing: SELECT id,user_uid,nick_name,real_name,avatar_url,current_entity_name,level,bio_data,career_data,intro,announcement,created_at,updated_at FROM user_profile WHERE (user_uid = ?) LIMIT 1
2026-05-29 23:33:33.688 [http-nio-8081-exec-1] DEBUG c.u.b.i.p.m.C.selectList - ==> Parameters: USzrFBKQxd5Iq(String)
2026-05-29 23:33:33.688 [http-nio-8081-exec-2] DEBUG c.u.b.i.p.m.U.selectList - <==      Total: 0
2026-05-29 23:33:33.688 [http-nio-8081-exec-2] DEBUG org.mybatis.spring.SqlSessionUtils - Closing non transactional SqlSession [org.apache.ibatis.session.defaults.DefaultSqlSession@790869bc]
2026-05-29 23:33:33.688 [http-nio-8081-exec-1] DEBUG c.u.b.i.p.m.C.selectList - <==      Total: 1
2026-05-29 23:33:33.688 [http-nio-8081-exec-1] DEBUG org.mybatis.spring.SqlSessionUtils - Closing non transactional SqlSession [org.apache.ibatis.session.defaults.DefaultSqlSession@52a3612a]
2026-05-29 23:33:33.688 [http-nio-8081-exec-2] DEBUG org.mybatis.spring.SqlSessionUtils - Creating a new SqlSession
2026-05-29 23:33:33.688 [http-nio-8081-exec-2] DEBUG org.mybatis.spring.SqlSessionUtils - SqlSession [org.apache.ibatis.session.defaults.DefaultSqlSession@ccd9594] was not registered for synchronization because synchronization is not active
2026-05-29 23:33:33.689 [http-nio-8081-exec-2] DEBUG o.m.s.t.SpringManagedTransaction - JDBC Connection [HikariProxyConnection@909269048 wrapping com.mysql.cj.jdbc.ConnectionImpl@34a74f45] will not be managed by Spring
2026-05-29 23:33:33.689 [http-nio-8081-exec-2] DEBUG c.u.b.i.p.m.C.selectList - ==>  Preparing: SELECT id,team_uid,user_uid,role,lab_user_uid,career,is_admin,invited_by_uid,joined_at FROM team_member WHERE (user_uid = ?)
2026-05-29 23:33:33.689 [http-nio-8081-exec-2] DEBUG c.u.b.i.p.m.C.selectList - ==> Parameters: USzrFBKQxd5Iq(String)
2026-05-29 23:33:33.689 [http-nio-8081-exec-1] INFO  c.u.b.i.c.ApiRequestLoggingFilter - [API] GET /api/v1/client/user-profile/menu?uid=USzrFBKQxd5Iq -> 200 (12 ms) ip=127.0.0.1 location=局域网
2026-05-29 23:33:33.691 [http-nio-8081-exec-2] DEBUG c.u.b.i.p.m.C.selectList - <==      Total: 0
2026-05-29 23:33:33.691 [http-nio-8081-exec-2] DEBUG org.mybatis.spring.SqlSessionUtils - Closing non transactional SqlSession [org.apache.ibatis.session.defaults.DefaultSqlSession@ccd9594]
2026-05-29 23:33:33.691 [http-nio-8081-exec-2] DEBUG org.mybatis.spring.SqlSessionUtils - Creating a new SqlSession
2026-05-29 23:33:33.691 [http-nio-8081-exec-2] DEBUG org.mybatis.spring.SqlSessionUtils - SqlSession [org.apache.ibatis.session.defaults.DefaultSqlSession@3a3d085] was not registered for synchronization because synchronization is not active
2026-05-29 23:33:33.692 [http-nio-8081-exec-2] DEBUG o.m.s.t.SpringManagedTransaction - JDBC Connection [HikariProxyConnection@1671599184 wrapping com.mysql.cj.jdbc.ConnectionImpl@34a74f45] will not be managed by Spring
2026-05-29 23:33:33.692 [http-nio-8081-exec-2] DEBUG c.u.b.i.p.m.C.selectList - ==>  Preparing: SELECT id,team_uid,type,team_logo,owner_uid,owner_name,entity_code,team_name,tag,intro,announcement,contact_email,audit_status,audited_at,audit_remark,account_status,account_status_changed_at,account_status_remark,created_at,updated_at FROM team WHERE (owner_uid = ?)
2026-05-29 23:33:33.693 [http-nio-8081-exec-2] DEBUG c.u.b.i.p.m.C.selectList - ==> Parameters: USzrFBKQxd5Iq(String)
2026-05-29 23:33:33.695 [http-nio-8081-exec-2] DEBUG c.u.b.i.p.m.C.selectList - <==      Total: 0
2026-05-29 23:33:33.696 [http-nio-8081-exec-2] DEBUG org.mybatis.spring.SqlSessionUtils - Closing non transactional SqlSession [org.apache.ibatis.session.defaults.DefaultSqlSession@3a3d085]
2026-05-29 23:33:33.697 [http-nio-8081-exec-2] INFO  c.u.b.i.c.ApiRequestLoggingFilter - [API] GET /api/v1/client/user-profile/space?uid=USzrFBKQxd5Iq -> 200 (33 ms) ip=127.0.0.1 location=局域网
2026-05-29 23:33:33.699 [http-nio-8081-exec-10] DEBUG c.u.b.i.config.IpLocationInterceptor - IP属地解析: ip=127.0.0.1, location=局域网, uri=/api/v1/client/user-profile/space
2026-05-29 23:33:33.704 [http-nio-8081-exec-10] DEBUG org.mybatis.spring.SqlSessionUtils - Creating a new SqlSession
2026-05-29 23:33:33.704 [http-nio-8081-exec-10] DEBUG org.mybatis.spring.SqlSessionUtils - SqlSession [org.apache.ibatis.session.defaults.DefaultSqlSession@3f7e7db] was not registered for synchronization because synchronization is not active
2026-05-29 23:33:33.706 [http-nio-8081-exec-10] DEBUG o.m.s.t.SpringManagedTransaction - JDBC Connection [HikariProxyConnection@1998557660 wrapping com.mysql.cj.jdbc.ConnectionImpl@70a6143d] will not be managed by Spring
2026-05-29 23:33:33.706 [http-nio-8081-exec-10] DEBUG c.u.b.i.p.m.C.selectList - ==>  Preparing: SELECT id,user_uid,phone,email,password_hash,account_status,account_status_changed_at,account_status_remark,last_login_at,created_at,updated_at FROM user WHERE (user_uid = ?) LIMIT 1
2026-05-29 23:33:33.706 [http-nio-8081-exec-10] DEBUG c.u.b.i.p.m.C.selectList - ==> Parameters: USzrFBKQxd5Iq(String)
2026-05-29 23:33:33.707 [http-nio-8081-exec-10] DEBUG c.u.b.i.p.m.C.selectList - <==      Total: 1
2026-05-29 23:33:33.707 [http-nio-8081-exec-10] DEBUG org.mybatis.spring.SqlSessionUtils - Closing non transactional SqlSession [org.apache.ibatis.session.defaults.DefaultSqlSession@3f7e7db]
2026-05-29 23:33:33.707 [http-nio-8081-exec-10] DEBUG org.mybatis.spring.SqlSessionUtils - Creating a new SqlSession
2026-05-29 23:33:33.707 [http-nio-8081-exec-10] DEBUG org.mybatis.spring.SqlSessionUtils - SqlSession [org.apache.ibatis.session.defaults.DefaultSqlSession@6500b1a3] was not registered for synchronization because synchronization is not active
2026-05-29 23:33:33.708 [http-nio-8081-exec-10] DEBUG o.m.s.t.SpringManagedTransaction - JDBC Connection [HikariProxyConnection@1509252071 wrapping com.mysql.cj.jdbc.ConnectionImpl@70a6143d] will not be managed by Spring
2026-05-29 23:33:33.708 [http-nio-8081-exec-10] DEBUG c.u.b.i.p.m.C.selectList - ==>  Preparing: SELECT id,user_uid,nick_name,real_name,avatar_url,current_entity_name,level,bio_data,career_data,intro,announcement,created_at,updated_at FROM user_profile WHERE (user_uid = ?) LIMIT 1
2026-05-29 23:33:33.708 [http-nio-8081-exec-10] DEBUG c.u.b.i.p.m.C.selectList - ==> Parameters: USzrFBKQxd5Iq(String)
2026-05-29 23:33:33.709 [http-nio-8081-exec-10] DEBUG c.u.b.i.p.m.C.selectList - <==      Total: 1
2026-05-29 23:33:33.710 [http-nio-8081-exec-10] DEBUG org.mybatis.spring.SqlSessionUtils - Closing non transactional SqlSession [org.apache.ibatis.session.defaults.DefaultSqlSession@6500b1a3]
2026-05-29 23:33:33.710 [http-nio-8081-exec-10] DEBUG org.mybatis.spring.SqlSessionUtils - Creating a new SqlSession
2026-05-29 23:33:33.710 [http-nio-8081-exec-10] DEBUG org.mybatis.spring.SqlSessionUtils - SqlSession [org.apache.ibatis.session.defaults.DefaultSqlSession@379ca1d2] was not registered for synchronization because synchronization is not active
2026-05-29 23:33:33.710 [http-nio-8081-exec-10] DEBUG o.m.s.t.SpringManagedTransaction - JDBC Connection [HikariProxyConnection@1475449643 wrapping com.mysql.cj.jdbc.ConnectionImpl@70a6143d] will not be managed by Spring
2026-05-29 23:33:33.712 [http-nio-8081-exec-10] DEBUG c.u.b.i.p.m.U.selectList - ==>  Preparing: SELECT id,user_uid,entity_code,role,auth_serial_no,proof_artifact_url,audit_status,is_active,remark,created_at,updated_at FROM user_auth_link WHERE (user_uid = ? AND is_active = ?) ORDER BY updated_at DESC LIMIT 1
2026-05-29 23:33:33.712 [http-nio-8081-exec-10] DEBUG c.u.b.i.p.m.U.selectList - ==> Parameters: USzrFBKQxd5Iq(String), 1(Integer)
2026-05-29 23:33:33.713 [http-nio-8081-exec-10] DEBUG c.u.b.i.p.m.U.selectList - <==      Total: 0
2026-05-29 23:33:33.713 [http-nio-8081-exec-10] DEBUG org.mybatis.spring.SqlSessionUtils - Closing non transactional SqlSession [org.apache.ibatis.session.defaults.DefaultSqlSession@379ca1d2]
2026-05-29 23:33:33.713 [http-nio-8081-exec-10] DEBUG org.mybatis.spring.SqlSessionUtils - Creating a new SqlSession
2026-05-29 23:33:33.713 [http-nio-8081-exec-10] DEBUG org.mybatis.spring.SqlSessionUtils - SqlSession [org.apache.ibatis.session.defaults.DefaultSqlSession@b6bb8b0] was not registered for synchronization because synchronization is not active
2026-05-29 23:33:33.713 [http-nio-8081-exec-10] DEBUG o.m.s.t.SpringManagedTransaction - JDBC Connection [HikariProxyConnection@1504381502 wrapping com.mysql.cj.jdbc.ConnectionImpl@70a6143d] will not be managed by Spring
2026-05-29 23:33:33.713 [http-nio-8081-exec-10] DEBUG c.u.b.i.p.m.C.selectList - ==>  Preparing: SELECT id,team_uid,user_uid,role,lab_user_uid,career,is_admin,invited_by_uid,joined_at FROM team_member WHERE (user_uid = ?)
2026-05-29 23:33:33.714 [http-nio-8081-exec-10] DEBUG c.u.b.i.p.m.C.selectList - ==> Parameters: USzrFBKQxd5Iq(String)
2026-05-29 23:33:33.715 [http-nio-8081-exec-10] DEBUG c.u.b.i.p.m.C.selectList - <==      Total: 0
2026-05-29 23:33:33.715 [http-nio-8081-exec-10] DEBUG org.mybatis.spring.SqlSessionUtils - Closing non transactional SqlSession [org.apache.ibatis.session.defaults.DefaultSqlSession@b6bb8b0]
2026-05-29 23:33:33.715 [http-nio-8081-exec-10] DEBUG org.mybatis.spring.SqlSessionUtils - Creating a new SqlSession
2026-05-29 23:33:33.715 [http-nio-8081-exec-10] DEBUG org.mybatis.spring.SqlSessionUtils - SqlSession [org.apache.ibatis.session.defaults.DefaultSqlSession@6050c0a1] was not registered for synchronization because synchronization is not active
2026-05-29 23:33:33.716 [http-nio-8081-exec-10] DEBUG o.m.s.t.SpringManagedTransaction - JDBC Connection [HikariProxyConnection@908614179 wrapping com.mysql.cj.jdbc.ConnectionImpl@70a6143d] will not be managed by Spring
2026-05-29 23:33:33.716 [http-nio-8081-exec-10] DEBUG c.u.b.i.p.m.C.selectList - ==>  Preparing: SELECT id,team_uid,type,team_logo,owner_uid,owner_name,entity_code,team_name,tag,intro,announcement,contact_email,audit_status,audited_at,audit_remark,account_status,account_status_changed_at,account_status_remark,created_at,updated_at FROM team WHERE (owner_uid = ?)
2026-05-29 23:33:33.717 [http-nio-8081-exec-10] DEBUG c.u.b.i.p.m.C.selectList - ==> Parameters: USzrFBKQxd5Iq(String)
2026-05-29 23:33:33.719 [http-nio-8081-exec-10] DEBUG c.u.b.i.p.m.C.selectList - <==      Total: 0
2026-05-29 23:33:33.720 [http-nio-8081-exec-10] DEBUG org.mybatis.spring.SqlSessionUtils - Closing non transactional SqlSession [org.apache.ibatis.session.defaults.DefaultSqlSession@6050c0a1]
2026-05-29 23:33:33.721 [http-nio-8081-exec-10] INFO  c.u.b.i.c.ApiRequestLoggingFilter - [API] GET /api/v1/client/user-profile/space?uid=USzrFBKQxd5Iq -> 200 (22 ms) ip=127.0.0.1 location=局域网
2026-05-29 23:33:33.745 [http-nio-8081-exec-9] DEBUG c.u.b.i.config.IpLocationInterceptor - IP属地解析: ip=127.0.0.1, location=局域网, uri=/api/v1/client/user-profile/home
2026-05-29 23:33:33.745 [http-nio-8081-exec-9] INFO  c.u.b.i.c.ApiRequestLoggingFilter - [API] OPTIONS /api/v1/client/user-profile/home?uid=USzrFBKQxd5Iq&projectLimit=3&noteLimit=4 -> 200 (1 ms) ip=127.0.0.1 location=局域网
2026-05-29 23:33:33.748 [http-nio-8081-exec-4] DEBUG c.u.b.i.config.IpLocationInterceptor - IP属地解析: ip=127.0.0.1, location=局域网, uri=/api/v1/client/user-profile/home
2026-05-29 23:33:33.755 [http-nio-8081-exec-4] DEBUG org.mybatis.spring.SqlSessionUtils - Creating a new SqlSession
2026-05-29 23:33:33.755 [http-nio-8081-exec-4] DEBUG org.mybatis.spring.SqlSessionUtils - SqlSession [org.apache.ibatis.session.defaults.DefaultSqlSession@74c6d033] was not registered for synchronization because synchronization is not active
2026-05-29 23:33:33.755 [http-nio-8081-exec-4] DEBUG o.m.s.t.SpringManagedTransaction - JDBC Connection [HikariProxyConnection@1495032532 wrapping com.mysql.cj.jdbc.ConnectionImpl@70a6143d] will not be managed by Spring
2026-05-29 23:33:33.755 [http-nio-8081-exec-4] DEBUG c.u.b.i.p.m.C.selectList - ==>  Preparing: SELECT id,user_uid,phone,email,password_hash,account_status,account_status_changed_at,account_status_remark,last_login_at,created_at,updated_at FROM user WHERE (user_uid = ?) LIMIT 1
2026-05-29 23:33:33.755 [http-nio-8081-exec-4] DEBUG c.u.b.i.p.m.C.selectList - ==> Parameters: USzrFBKQxd5Iq(String)
2026-05-29 23:33:33.756 [http-nio-8081-exec-4] DEBUG c.u.b.i.p.m.C.selectList - <==      Total: 1
2026-05-29 23:33:33.757 [http-nio-8081-exec-4] DEBUG org.mybatis.spring.SqlSessionUtils - Closing non transactional SqlSession [org.apache.ibatis.session.defaults.DefaultSqlSession@74c6d033]
2026-05-29 23:33:33.757 [http-nio-8081-exec-4] DEBUG org.mybatis.spring.SqlSessionUtils - Creating a new SqlSession
2026-05-29 23:33:33.757 [http-nio-8081-exec-4] DEBUG org.mybatis.spring.SqlSessionUtils - SqlSession [org.apache.ibatis.session.defaults.DefaultSqlSession@6c2362a3] was not registered for synchronization because synchronization is not active
2026-05-29 23:33:33.759 [http-nio-8081-exec-4] DEBUG o.m.s.t.SpringManagedTransaction - JDBC Connection [HikariProxyConnection@774266972 wrapping com.mysql.cj.jdbc.ConnectionImpl@70a6143d] will not be managed by Spring
2026-05-29 23:33:33.759 [http-nio-8081-exec-4] DEBUG c.u.b.i.p.m.C.selectList - ==>  Preparing: SELECT id,user_uid,nick_name,real_name,avatar_url,current_entity_name,level,bio_data,career_data,intro,announcement,created_at,updated_at FROM user_profile WHERE (user_uid = ?) LIMIT 1
2026-05-29 23:33:33.759 [http-nio-8081-exec-4] DEBUG c.u.b.i.p.m.C.selectList - ==> Parameters: USzrFBKQxd5Iq(String)
2026-05-29 23:33:33.760 [http-nio-8081-exec-4] DEBUG c.u.b.i.p.m.C.selectList - <==      Total: 1
2026-05-29 23:33:33.760 [http-nio-8081-exec-4] DEBUG org.mybatis.spring.SqlSessionUtils - Closing non transactional SqlSession [org.apache.ibatis.session.defaults.DefaultSqlSession@6c2362a3]
2026-05-29 23:33:33.761 [http-nio-8081-exec-4] DEBUG org.mybatis.spring.SqlSessionUtils - Creating a new SqlSession
2026-05-29 23:33:33.761 [http-nio-8081-exec-4] DEBUG org.mybatis.spring.SqlSessionUtils - SqlSession [org.apache.ibatis.session.defaults.DefaultSqlSession@71b31f64] was not registered for synchronization because synchronization is not active
2026-05-29 23:33:33.761 [http-nio-8081-exec-4] DEBUG o.m.s.t.SpringManagedTransaction - JDBC Connection [HikariProxyConnection@116542859 wrapping com.mysql.cj.jdbc.ConnectionImpl@70a6143d] will not be managed by Spring
2026-05-29 23:33:33.761 [http-nio-8081-exec-4] DEBUG c.u.b.i.p.m.C.selectList - ==>  Preparing: SELECT id,project_uid,extended_uid,category,recruitment_type,owner_uid,team_uid,title,preview,editor_type,description,tags,duration,team_size,deadline,level,status,published_at,created_at,updated_at FROM project WHERE (owner_uid = ?) ORDER BY COALESCE(published_at, created_at) DESC, id DESC
2026-05-29 23:33:33.762 [http-nio-8081-exec-4] DEBUG c.u.b.i.p.m.C.selectList - ==> Parameters: USzrFBKQxd5Iq(String)
2026-05-29 23:33:33.762 [http-nio-8081-exec-4] DEBUG c.u.b.i.p.m.C.selectList - <==      Total: 0
2026-05-29 23:33:33.763 [http-nio-8081-exec-4] DEBUG org.mybatis.spring.SqlSessionUtils - Closing non transactional SqlSession [org.apache.ibatis.session.defaults.DefaultSqlSession@71b31f64]
2026-05-29 23:33:33.763 [http-nio-8081-exec-4] DEBUG org.mybatis.spring.SqlSessionUtils - Creating a new SqlSession
2026-05-29 23:33:33.763 [http-nio-8081-exec-4] DEBUG org.mybatis.spring.SqlSessionUtils - SqlSession [org.apache.ibatis.session.defaults.DefaultSqlSession@3a104da3] was not registered for synchronization because synchronization is not active
2026-05-29 23:33:33.763 [http-nio-8081-exec-4] DEBUG o.m.s.t.SpringManagedTransaction - JDBC Connection [HikariProxyConnection@1395735994 wrapping com.mysql.cj.jdbc.ConnectionImpl@70a6143d] will not be managed by Spring
2026-05-29 23:33:33.764 [http-nio-8081-exec-4] DEBUG c.u.b.i.p.m.C.selectList - ==>  Preparing: SELECT id,user_uid,content_type_code,extended_uid,title,summary,editor_type,content,cover_url,video_url,video_duration,tags,view_count,like_count,collect_count,comment_count,status,published_at,created_at,updated_at FROM note WHERE (user_uid = ? AND status = ?) ORDER BY COALESCE(published_at, created_at) DESC, id DESC
2026-05-29 23:33:33.764 [http-nio-8081-exec-4] DEBUG c.u.b.i.p.m.C.selectList - ==> Parameters: USzrFBKQxd5Iq(String), PUBLISHED(String)
2026-05-29 23:33:33.767 [http-nio-8081-exec-4] DEBUG c.u.b.i.p.m.C.selectList - <==      Total: 0
2026-05-29 23:33:33.768 [http-nio-8081-exec-4] DEBUG org.mybatis.spring.SqlSessionUtils - Closing non transactional SqlSession [org.apache.ibatis.session.defaults.DefaultSqlSession@3a104da3]
2026-05-29 23:33:33.768 [http-nio-8081-exec-4] DEBUG org.mybatis.spring.SqlSessionUtils - Creating a new SqlSession
2026-05-29 23:33:33.768 [http-nio-8081-exec-4] DEBUG org.mybatis.spring.SqlSessionUtils - SqlSession [org.apache.ibatis.session.defaults.DefaultSqlSession@378028d] was not registered for synchronization because synchronization is not active
2026-05-29 23:33:33.768 [http-nio-8081-exec-4] DEBUG o.m.s.t.SpringManagedTransaction - JDBC Connection [HikariProxyConnection@1002256916 wrapping com.mysql.cj.jdbc.ConnectionImpl@70a6143d] will not be managed by Spring
2026-05-29 23:33:33.768 [http-nio-8081-exec-4] DEBUG c.u.b.i.p.m.C.selectCount - ==>  Preparing: SELECT COUNT( * ) AS total FROM project WHERE (owner_uid = ?) ORDER BY COALESCE(published_at, created_at) DESC, id DESC
2026-05-29 23:33:33.768 [http-nio-8081-exec-4] DEBUG c.u.b.i.p.m.C.selectCount - ==> Parameters: USzrFBKQxd5Iq(String)
2026-05-29 23:33:33.770 [http-nio-8081-exec-4] DEBUG c.u.b.i.p.m.C.selectCount - <==      Total: 1
2026-05-29 23:33:33.770 [http-nio-8081-exec-4] DEBUG org.mybatis.spring.SqlSessionUtils - Closing non transactional SqlSession [org.apache.ibatis.session.defaults.DefaultSqlSession@378028d]
2026-05-29 23:33:33.770 [http-nio-8081-exec-4] DEBUG org.mybatis.spring.SqlSessionUtils - Creating a new SqlSession
2026-05-29 23:33:33.770 [http-nio-8081-exec-4] DEBUG org.mybatis.spring.SqlSessionUtils - SqlSession [org.apache.ibatis.session.defaults.DefaultSqlSession@7b78e5ed] was not registered for synchronization because synchronization is not active
2026-05-29 23:33:33.771 [http-nio-8081-exec-4] DEBUG o.m.s.t.SpringManagedTransaction - JDBC Connection [HikariProxyConnection@945286245 wrapping com.mysql.cj.jdbc.ConnectionImpl@70a6143d] will not be managed by Spring
2026-05-29 23:33:33.771 [http-nio-8081-exec-4] DEBUG c.u.b.i.p.m.C.selectCount - ==>  Preparing: SELECT COUNT( * ) AS total FROM note WHERE (user_uid = ? AND status = ?) ORDER BY COALESCE(published_at, created_at) DESC, id DESC
2026-05-29 23:33:33.772 [http-nio-8081-exec-4] DEBUG c.u.b.i.p.m.C.selectCount - ==> Parameters: USzrFBKQxd5Iq(String), PUBLISHED(String)
2026-05-29 23:33:33.773 [http-nio-8081-exec-4] DEBUG c.u.b.i.p.m.C.selectCount - <==      Total: 1
2026-05-29 23:33:33.773 [http-nio-8081-exec-4] DEBUG org.mybatis.spring.SqlSessionUtils - Closing non transactional SqlSession [org.apache.ibatis.session.defaults.DefaultSqlSession@7b78e5ed]
2026-05-29 23:33:33.774 [http-nio-8081-exec-4] INFO  c.u.b.i.c.ApiRequestLoggingFilter - [API] GET /api/v1/client/user-profile/home?uid=USzrFBKQxd5Iq&projectLimit=3&noteLimit=4 -> 200 (27 ms) ip=127.0.0.1 location=局域网
2026-05-29 23:33:37.986 [http-nio-8081-exec-6] DEBUG c.u.b.i.config.IpLocationInterceptor - IP属地解析: ip=127.0.0.1, location=局域网, uri=/api/v1/client/user-profile/space
2026-05-29 23:33:37.986 [http-nio-8081-exec-7] DEBUG c.u.b.i.config.IpLocationInterceptor - IP属地解析: ip=127.0.0.1, location=局域网, uri=/api/v1/client/user-profile/menu
2026-05-29 23:33:37.991 [http-nio-8081-exec-6] DEBUG org.mybatis.spring.SqlSessionUtils - Creating a new SqlSession
2026-05-29 23:33:37.991 [http-nio-8081-exec-7] DEBUG org.mybatis.spring.SqlSessionUtils - Creating a new SqlSession
2026-05-29 23:33:37.992 [http-nio-8081-exec-6] DEBUG org.mybatis.spring.SqlSessionUtils - SqlSession [org.apache.ibatis.session.defaults.DefaultSqlSession@9f02150] was not registered for synchronization because synchronization is not active
2026-05-29 23:33:37.992 [http-nio-8081-exec-7] DEBUG org.mybatis.spring.SqlSessionUtils - SqlSession [org.apache.ibatis.session.defaults.DefaultSqlSession@59d2d581] was not registered for synchronization because synchronization is not active
2026-05-29 23:33:37.992 [http-nio-8081-exec-6] DEBUG o.m.s.t.SpringManagedTransaction - JDBC Connection [HikariProxyConnection@815561271 wrapping com.mysql.cj.jdbc.ConnectionImpl@70a6143d] will not be managed by Spring
2026-05-29 23:33:37.992 [http-nio-8081-exec-7] DEBUG o.m.s.t.SpringManagedTransaction - JDBC Connection [HikariProxyConnection@1547539525 wrapping com.mysql.cj.jdbc.ConnectionImpl@34a74f45] will not be managed by Spring
2026-05-29 23:33:37.992 [http-nio-8081-exec-6] DEBUG c.u.b.i.p.m.C.selectList - ==>  Preparing: SELECT id,user_uid,phone,email,password_hash,account_status,account_status_changed_at,account_status_remark,last_login_at,created_at,updated_at FROM user WHERE (user_uid = ?) LIMIT 1
2026-05-29 23:33:37.992 [http-nio-8081-exec-7] DEBUG c.u.b.i.p.m.C.selectList - ==>  Preparing: SELECT id,user_uid,phone,email,password_hash,account_status,account_status_changed_at,account_status_remark,last_login_at,created_at,updated_at FROM user WHERE (user_uid = ?) LIMIT 1
2026-05-29 23:33:37.993 [http-nio-8081-exec-7] DEBUG c.u.b.i.p.m.C.selectList - ==> Parameters: USzrFBKQxd5Iq(String)
2026-05-29 23:33:37.993 [http-nio-8081-exec-6] DEBUG c.u.b.i.p.m.C.selectList - ==> Parameters: USzrFBKQxd5Iq(String)
2026-05-29 23:33:37.995 [http-nio-8081-exec-6] DEBUG c.u.b.i.p.m.C.selectList - <==      Total: 1
2026-05-29 23:33:37.995 [http-nio-8081-exec-7] DEBUG c.u.b.i.p.m.C.selectList - <==      Total: 1
2026-05-29 23:33:37.995 [http-nio-8081-exec-6] DEBUG org.mybatis.spring.SqlSessionUtils - Closing non transactional SqlSession [org.apache.ibatis.session.defaults.DefaultSqlSession@9f02150]
2026-05-29 23:33:37.995 [http-nio-8081-exec-7] DEBUG org.mybatis.spring.SqlSessionUtils - Closing non transactional SqlSession [org.apache.ibatis.session.defaults.DefaultSqlSession@59d2d581]
2026-05-29 23:33:37.995 [http-nio-8081-exec-7] DEBUG org.mybatis.spring.SqlSessionUtils - Creating a new SqlSession
2026-05-29 23:33:37.995 [http-nio-8081-exec-6] DEBUG org.mybatis.spring.SqlSessionUtils - Creating a new SqlSession
2026-05-29 23:33:37.995 [http-nio-8081-exec-7] DEBUG org.mybatis.spring.SqlSessionUtils - SqlSession [org.apache.ibatis.session.defaults.DefaultSqlSession@57bbd25d] was not registered for synchronization because synchronization is not active
2026-05-29 23:33:37.995 [http-nio-8081-exec-6] DEBUG org.mybatis.spring.SqlSessionUtils - SqlSession [org.apache.ibatis.session.defaults.DefaultSqlSession@52895e24] was not registered for synchronization because synchronization is not active
2026-05-29 23:33:37.996 [http-nio-8081-exec-7] DEBUG o.m.s.t.SpringManagedTransaction - JDBC Connection [HikariProxyConnection@403336182 wrapping com.mysql.cj.jdbc.ConnectionImpl@34a74f45] will not be managed by Spring
2026-05-29 23:33:37.996 [http-nio-8081-exec-6] DEBUG o.m.s.t.SpringManagedTransaction - JDBC Connection [HikariProxyConnection@1526407044 wrapping com.mysql.cj.jdbc.ConnectionImpl@70a6143d] will not be managed by Spring
2026-05-29 23:33:37.996 [http-nio-8081-exec-7] DEBUG c.u.b.i.p.m.C.selectList - ==>  Preparing: SELECT id,user_uid,nick_name,real_name,avatar_url,current_entity_name,level,bio_data,career_data,intro,announcement,created_at,updated_at FROM user_profile WHERE (user_uid = ?) LIMIT 1
2026-05-29 23:33:37.996 [http-nio-8081-exec-6] DEBUG c.u.b.i.p.m.C.selectList - ==>  Preparing: SELECT id,user_uid,nick_name,real_name,avatar_url,current_entity_name,level,bio_data,career_data,intro,announcement,created_at,updated_at FROM user_profile WHERE (user_uid = ?) LIMIT 1
2026-05-29 23:33:37.996 [http-nio-8081-exec-6] DEBUG c.u.b.i.p.m.C.selectList - ==> Parameters: USzrFBKQxd5Iq(String)
2026-05-29 23:33:37.996 [http-nio-8081-exec-7] DEBUG c.u.b.i.p.m.C.selectList - ==> Parameters: USzrFBKQxd5Iq(String)
2026-05-29 23:33:37.998 [http-nio-8081-exec-7] DEBUG c.u.b.i.p.m.C.selectList - <==      Total: 1
2026-05-29 23:33:37.998 [http-nio-8081-exec-6] DEBUG c.u.b.i.p.m.C.selectList - <==      Total: 1
2026-05-29 23:33:37.998 [http-nio-8081-exec-6] DEBUG org.mybatis.spring.SqlSessionUtils - Closing non transactional SqlSession [org.apache.ibatis.session.defaults.DefaultSqlSession@52895e24]
2026-05-29 23:33:37.998 [http-nio-8081-exec-7] DEBUG org.mybatis.spring.SqlSessionUtils - Closing non transactional SqlSession [org.apache.ibatis.session.defaults.DefaultSqlSession@57bbd25d]
2026-05-29 23:33:37.999 [http-nio-8081-exec-6] DEBUG org.mybatis.spring.SqlSessionUtils - Creating a new SqlSession
2026-05-29 23:33:37.999 [http-nio-8081-exec-6] DEBUG org.mybatis.spring.SqlSessionUtils - SqlSession [org.apache.ibatis.session.defaults.DefaultSqlSession@493cff15] was not registered for synchronization because synchronization is not active
2026-05-29 23:33:37.999 [http-nio-8081-exec-6] DEBUG o.m.s.t.SpringManagedTransaction - JDBC Connection [HikariProxyConnection@1373433960 wrapping com.mysql.cj.jdbc.ConnectionImpl@70a6143d] will not be managed by Spring
2026-05-29 23:33:37.999 [http-nio-8081-exec-6] DEBUG c.u.b.i.p.m.U.selectList - ==>  Preparing: SELECT id,user_uid,entity_code,role,auth_serial_no,proof_artifact_url,audit_status,is_active,remark,created_at,updated_at FROM user_auth_link WHERE (user_uid = ? AND is_active = ?) ORDER BY updated_at DESC LIMIT 1
2026-05-29 23:33:37.999 [http-nio-8081-exec-7] INFO  c.u.b.i.c.ApiRequestLoggingFilter - [API] GET /api/v1/client/user-profile/menu?uid=USzrFBKQxd5Iq -> 200 (14 ms) ip=127.0.0.1 location=局域网
2026-05-29 23:33:38.000 [http-nio-8081-exec-6] DEBUG c.u.b.i.p.m.U.selectList - ==> Parameters: USzrFBKQxd5Iq(String), 1(Integer)
2026-05-29 23:33:38.001 [http-nio-8081-exec-6] DEBUG c.u.b.i.p.m.U.selectList - <==      Total: 0
2026-05-29 23:33:38.001 [http-nio-8081-exec-8] DEBUG c.u.b.i.config.IpLocationInterceptor - IP属地解析: ip=127.0.0.1, location=局域网, uri=/api/v1/client/user-profile/menu
2026-05-29 23:33:38.002 [http-nio-8081-exec-6] DEBUG org.mybatis.spring.SqlSessionUtils - Closing non transactional SqlSession [org.apache.ibatis.session.defaults.DefaultSqlSession@493cff15]
2026-05-29 23:33:38.002 [http-nio-8081-exec-6] DEBUG org.mybatis.spring.SqlSessionUtils - Creating a new SqlSession
2026-05-29 23:33:38.002 [http-nio-8081-exec-6] DEBUG org.mybatis.spring.SqlSessionUtils - SqlSession [org.apache.ibatis.session.defaults.DefaultSqlSession@76408f46] was not registered for synchronization because synchronization is not active
2026-05-29 23:33:38.002 [http-nio-8081-exec-6] DEBUG o.m.s.t.SpringManagedTransaction - JDBC Connection [HikariProxyConnection@1479148236 wrapping com.mysql.cj.jdbc.ConnectionImpl@70a6143d] will not be managed by Spring
2026-05-29 23:33:38.002 [http-nio-8081-exec-6] DEBUG c.u.b.i.p.m.C.selectList - ==>  Preparing: SELECT id,team_uid,user_uid,role,lab_user_uid,career,is_admin,invited_by_uid,joined_at FROM team_member WHERE (user_uid = ?)
2026-05-29 23:33:38.003 [http-nio-8081-exec-6] DEBUG c.u.b.i.p.m.C.selectList - ==> Parameters: USzrFBKQxd5Iq(String)
2026-05-29 23:33:38.005 [http-nio-8081-exec-6] DEBUG c.u.b.i.p.m.C.selectList - <==      Total: 0
2026-05-29 23:33:38.005 [http-nio-8081-exec-6] DEBUG org.mybatis.spring.SqlSessionUtils - Closing non transactional SqlSession [org.apache.ibatis.session.defaults.DefaultSqlSession@76408f46]
2026-05-29 23:33:38.005 [http-nio-8081-exec-6] DEBUG org.mybatis.spring.SqlSessionUtils - Creating a new SqlSession
2026-05-29 23:33:38.005 [http-nio-8081-exec-6] DEBUG org.mybatis.spring.SqlSessionUtils - SqlSession [org.apache.ibatis.session.defaults.DefaultSqlSession@7310b7a3] was not registered for synchronization because synchronization is not active
2026-05-29 23:33:38.006 [http-nio-8081-exec-6] DEBUG o.m.s.t.SpringManagedTransaction - JDBC Connection [HikariProxyConnection@30944312 wrapping com.mysql.cj.jdbc.ConnectionImpl@70a6143d] will not be managed by Spring
2026-05-29 23:33:38.006 [http-nio-8081-exec-6] DEBUG c.u.b.i.p.m.C.selectList - ==>  Preparing: SELECT id,team_uid,type,team_logo,owner_uid,owner_name,entity_code,team_name,tag,intro,announcement,contact_email,audit_status,audited_at,audit_remark,account_status,account_status_changed_at,account_status_remark,created_at,updated_at FROM team WHERE (owner_uid = ?)
2026-05-29 23:33:38.006 [http-nio-8081-exec-6] DEBUG c.u.b.i.p.m.C.selectList - ==> Parameters: USzrFBKQxd5Iq(String)
2026-05-29 23:33:38.007 [http-nio-8081-exec-6] DEBUG c.u.b.i.p.m.C.selectList - <==      Total: 0
2026-05-29 23:33:38.007 [http-nio-8081-exec-6] DEBUG org.mybatis.spring.SqlSessionUtils - Closing non transactional SqlSession [org.apache.ibatis.session.defaults.DefaultSqlSession@7310b7a3]
2026-05-29 23:33:38.009 [http-nio-8081-exec-6] INFO  c.u.b.i.c.ApiRequestLoggingFilter - [API] GET /api/v1/client/user-profile/space?uid=USzrFBKQxd5Iq -> 200 (24 ms) ip=127.0.0.1 location=局域网
2026-05-29 23:33:38.009 [http-nio-8081-exec-8] DEBUG org.mybatis.spring.SqlSessionUtils - Creating a new SqlSession
2026-05-29 23:33:38.009 [http-nio-8081-exec-8] DEBUG org.mybatis.spring.SqlSessionUtils - SqlSession [org.apache.ibatis.session.defaults.DefaultSqlSession@4db521a5] was not registered for synchronization because synchronization is not active
2026-05-29 23:33:38.010 [http-nio-8081-exec-8] DEBUG o.m.s.t.SpringManagedTransaction - JDBC Connection [HikariProxyConnection@711735787 wrapping com.mysql.cj.jdbc.ConnectionImpl@70a6143d] will not be managed by Spring
2026-05-29 23:33:38.010 [http-nio-8081-exec-8] DEBUG c.u.b.i.p.m.C.selectList - ==>  Preparing: SELECT id,user_uid,phone,email,password_hash,account_status,account_status_changed_at,account_status_remark,last_login_at,created_at,updated_at FROM user WHERE (user_uid = ?) LIMIT 1
2026-05-29 23:33:38.010 [http-nio-8081-exec-8] DEBUG c.u.b.i.p.m.C.selectList - ==> Parameters: USzrFBKQxd5Iq(String)
2026-05-29 23:33:38.010 [http-nio-8081-exec-3] DEBUG c.u.b.i.config.IpLocationInterceptor - IP属地解析: ip=127.0.0.1, location=局域网, uri=/api/v1/client/user-profile/space
2026-05-29 23:33:38.011 [http-nio-8081-exec-8] DEBUG c.u.b.i.p.m.C.selectList - <==      Total: 1
2026-05-29 23:33:38.012 [http-nio-8081-exec-8] DEBUG org.mybatis.spring.SqlSessionUtils - Closing non transactional SqlSession [org.apache.ibatis.session.defaults.DefaultSqlSession@4db521a5]
2026-05-29 23:33:38.013 [http-nio-8081-exec-8] DEBUG org.mybatis.spring.SqlSessionUtils - Creating a new SqlSession
2026-05-29 23:33:38.013 [http-nio-8081-exec-8] DEBUG org.mybatis.spring.SqlSessionUtils - SqlSession [org.apache.ibatis.session.defaults.DefaultSqlSession@43a36b12] was not registered for synchronization because synchronization is not active
2026-05-29 23:33:38.013 [http-nio-8081-exec-8] DEBUG o.m.s.t.SpringManagedTransaction - JDBC Connection [HikariProxyConnection@671077066 wrapping com.mysql.cj.jdbc.ConnectionImpl@70a6143d] will not be managed by Spring
2026-05-29 23:33:38.013 [http-nio-8081-exec-8] DEBUG c.u.b.i.p.m.C.selectList - ==>  Preparing: SELECT id,user_uid,nick_name,real_name,avatar_url,current_entity_name,level,bio_data,career_data,intro,announcement,created_at,updated_at FROM user_profile WHERE (user_uid = ?) LIMIT 1
2026-05-29 23:33:38.014 [http-nio-8081-exec-8] DEBUG c.u.b.i.p.m.C.selectList - ==> Parameters: USzrFBKQxd5Iq(String)
2026-05-29 23:33:38.016 [http-nio-8081-exec-8] DEBUG c.u.b.i.p.m.C.selectList - <==      Total: 1
2026-05-29 23:33:38.016 [http-nio-8081-exec-8] DEBUG org.mybatis.spring.SqlSessionUtils - Closing non transactional SqlSession [org.apache.ibatis.session.defaults.DefaultSqlSession@43a36b12]
2026-05-29 23:33:38.017 [http-nio-8081-exec-3] DEBUG org.mybatis.spring.SqlSessionUtils - Creating a new SqlSession
2026-05-29 23:33:38.017 [http-nio-8081-exec-3] DEBUG org.mybatis.spring.SqlSessionUtils - SqlSession [org.apache.ibatis.session.defaults.DefaultSqlSession@6e24a489] was not registered for synchronization because synchronization is not active
2026-05-29 23:33:38.017 [http-nio-8081-exec-8] INFO  c.u.b.i.c.ApiRequestLoggingFilter - [API] GET /api/v1/client/user-profile/menu?uid=USzrFBKQxd5Iq -> 200 (16 ms) ip=127.0.0.1 location=局域网
2026-05-29 23:33:38.018 [http-nio-8081-exec-3] DEBUG o.m.s.t.SpringManagedTransaction - JDBC Connection [HikariProxyConnection@347201738 wrapping com.mysql.cj.jdbc.ConnectionImpl@70a6143d] will not be managed by Spring
2026-05-29 23:33:38.018 [http-nio-8081-exec-3] DEBUG c.u.b.i.p.m.C.selectList - ==>  Preparing: SELECT id,user_uid,phone,email,password_hash,account_status,account_status_changed_at,account_status_remark,last_login_at,created_at,updated_at FROM user WHERE (user_uid = ?) LIMIT 1
2026-05-29 23:33:38.018 [http-nio-8081-exec-3] DEBUG c.u.b.i.p.m.C.selectList - ==> Parameters: USzrFBKQxd5Iq(String)
2026-05-29 23:33:38.020 [http-nio-8081-exec-3] DEBUG c.u.b.i.p.m.C.selectList - <==      Total: 1
2026-05-29 23:33:38.020 [http-nio-8081-exec-3] DEBUG org.mybatis.spring.SqlSessionUtils - Closing non transactional SqlSession [org.apache.ibatis.session.defaults.DefaultSqlSession@6e24a489]
2026-05-29 23:33:38.020 [http-nio-8081-exec-3] DEBUG org.mybatis.spring.SqlSessionUtils - Creating a new SqlSession
2026-05-29 23:33:38.020 [http-nio-8081-exec-3] DEBUG org.mybatis.spring.SqlSessionUtils - SqlSession [org.apache.ibatis.session.defaults.DefaultSqlSession@604a7583] was not registered for synchronization because synchronization is not active
2026-05-29 23:33:38.021 [http-nio-8081-exec-3] DEBUG o.m.s.t.SpringManagedTransaction - JDBC Connection [HikariProxyConnection@729912815 wrapping com.mysql.cj.jdbc.ConnectionImpl@70a6143d] will not be managed by Spring
2026-05-29 23:33:38.021 [http-nio-8081-exec-3] DEBUG c.u.b.i.p.m.C.selectList - ==>  Preparing: SELECT id,user_uid,nick_name,real_name,avatar_url,current_entity_name,level,bio_data,career_data,intro,announcement,created_at,updated_at FROM user_profile WHERE (user_uid = ?) LIMIT 1
2026-05-29 23:33:38.021 [http-nio-8081-exec-3] DEBUG c.u.b.i.p.m.C.selectList - ==> Parameters: USzrFBKQxd5Iq(String)
2026-05-29 23:33:38.022 [http-nio-8081-exec-3] DEBUG c.u.b.i.p.m.C.selectList - <==      Total: 1
2026-05-29 23:33:38.023 [http-nio-8081-exec-3] DEBUG org.mybatis.spring.SqlSessionUtils - Closing non transactional SqlSession [org.apache.ibatis.session.defaults.DefaultSqlSession@604a7583]
2026-05-29 23:33:38.023 [http-nio-8081-exec-3] DEBUG org.mybatis.spring.SqlSessionUtils - Creating a new SqlSession
2026-05-29 23:33:38.023 [http-nio-8081-exec-3] DEBUG org.mybatis.spring.SqlSessionUtils - SqlSession [org.apache.ibatis.session.defaults.DefaultSqlSession@75773638] was not registered for synchronization because synchronization is not active
2026-05-29 23:33:38.024 [http-nio-8081-exec-3] DEBUG o.m.s.t.SpringManagedTransaction - JDBC Connection [HikariProxyConnection@1185067896 wrapping com.mysql.cj.jdbc.ConnectionImpl@70a6143d] will not be managed by Spring
2026-05-29 23:33:38.024 [http-nio-8081-exec-3] DEBUG c.u.b.i.p.m.U.selectList - ==>  Preparing: SELECT id,user_uid,entity_code,role,auth_serial_no,proof_artifact_url,audit_status,is_active,remark,created_at,updated_at FROM user_auth_link WHERE (user_uid = ? AND is_active = ?) ORDER BY updated_at DESC LIMIT 1
2026-05-29 23:33:38.025 [http-nio-8081-exec-3] DEBUG c.u.b.i.p.m.U.selectList - ==> Parameters: USzrFBKQxd5Iq(String), 1(Integer)
2026-05-29 23:33:38.027 [http-nio-8081-exec-3] DEBUG c.u.b.i.p.m.U.selectList - <==      Total: 0
2026-05-29 23:33:38.027 [http-nio-8081-exec-3] DEBUG org.mybatis.spring.SqlSessionUtils - Closing non transactional SqlSession [org.apache.ibatis.session.defaults.DefaultSqlSession@75773638]
2026-05-29 23:33:38.027 [http-nio-8081-exec-3] DEBUG org.mybatis.spring.SqlSessionUtils - Creating a new SqlSession
2026-05-29 23:33:38.028 [http-nio-8081-exec-3] DEBUG org.mybatis.spring.SqlSessionUtils - SqlSession [org.apache.ibatis.session.defaults.DefaultSqlSession@3de559c1] was not registered for synchronization because synchronization is not active
2026-05-29 23:33:38.028 [http-nio-8081-exec-3] DEBUG o.m.s.t.SpringManagedTransaction - JDBC Connection [HikariProxyConnection@1911520947 wrapping com.mysql.cj.jdbc.ConnectionImpl@70a6143d] will not be managed by Spring
2026-05-29 23:33:38.028 [http-nio-8081-exec-3] DEBUG c.u.b.i.p.m.C.selectList - ==>  Preparing: SELECT id,team_uid,user_uid,role,lab_user_uid,career,is_admin,invited_by_uid,joined_at FROM team_member WHERE (user_uid = ?)
2026-05-29 23:33:38.028 [http-nio-8081-exec-3] DEBUG c.u.b.i.p.m.C.selectList - ==> Parameters: USzrFBKQxd5Iq(String)
2026-05-29 23:33:38.029 [http-nio-8081-exec-3] DEBUG c.u.b.i.p.m.C.selectList - <==      Total: 0
2026-05-29 23:33:38.030 [http-nio-8081-exec-3] DEBUG org.mybatis.spring.SqlSessionUtils - Closing non transactional SqlSession [org.apache.ibatis.session.defaults.DefaultSqlSession@3de559c1]
2026-05-29 23:33:38.030 [http-nio-8081-exec-3] DEBUG org.mybatis.spring.SqlSessionUtils - Creating a new SqlSession
2026-05-29 23:33:38.030 [http-nio-8081-exec-3] DEBUG org.mybatis.spring.SqlSessionUtils - SqlSession [org.apache.ibatis.session.defaults.DefaultSqlSession@18d1d873] was not registered for synchronization because synchronization is not active
2026-05-29 23:33:38.030 [http-nio-8081-exec-3] DEBUG o.m.s.t.SpringManagedTransaction - JDBC Connection [HikariProxyConnection@258847225 wrapping com.mysql.cj.jdbc.ConnectionImpl@70a6143d] will not be managed by Spring
2026-05-29 23:33:38.030 [http-nio-8081-exec-3] DEBUG c.u.b.i.p.m.C.selectList - ==>  Preparing: SELECT id,team_uid,type,team_logo,owner_uid,owner_name,entity_code,team_name,tag,intro,announcement,contact_email,audit_status,audited_at,audit_remark,account_status,account_status_changed_at,account_status_remark,created_at,updated_at FROM team WHERE (owner_uid = ?)
2026-05-29 23:33:38.031 [http-nio-8081-exec-3] DEBUG c.u.b.i.p.m.C.selectList - ==> Parameters: USzrFBKQxd5Iq(String)
2026-05-29 23:33:38.032 [http-nio-8081-exec-3] DEBUG c.u.b.i.p.m.C.selectList - <==      Total: 0
2026-05-29 23:33:38.032 [http-nio-8081-exec-3] DEBUG org.mybatis.spring.SqlSessionUtils - Closing non transactional SqlSession [org.apache.ibatis.session.defaults.DefaultSqlSession@18d1d873]
2026-05-29 23:33:38.033 [http-nio-8081-exec-3] INFO  c.u.b.i.c.ApiRequestLoggingFilter - [API] GET /api/v1/client/user-profile/space?uid=USzrFBKQxd5Iq -> 200 (23 ms) ip=127.0.0.1 location=局域网
2026-05-29 23:33:38.084 [http-nio-8081-exec-5] DEBUG c.u.b.i.config.IpLocationInterceptor - IP属地解析: ip=127.0.0.1, location=局域网, uri=/api/v1/client/user-profile/home
2026-05-29 23:33:38.090 [http-nio-8081-exec-5] DEBUG org.mybatis.spring.SqlSessionUtils - Creating a new SqlSession
2026-05-29 23:33:38.090 [http-nio-8081-exec-5] DEBUG org.mybatis.spring.SqlSessionUtils - SqlSession [org.apache.ibatis.session.defaults.DefaultSqlSession@10f3761f] was not registered for synchronization because synchronization is not active
2026-05-29 23:33:38.090 [http-nio-8081-exec-5] DEBUG o.m.s.t.SpringManagedTransaction - JDBC Connection [HikariProxyConnection@539585195 wrapping com.mysql.cj.jdbc.ConnectionImpl@70a6143d] will not be managed by Spring
2026-05-29 23:33:38.090 [http-nio-8081-exec-5] DEBUG c.u.b.i.p.m.C.selectList - ==>  Preparing: SELECT id,user_uid,phone,email,password_hash,account_status,account_status_changed_at,account_status_remark,last_login_at,created_at,updated_at FROM user WHERE (user_uid = ?) LIMIT 1
2026-05-29 23:33:38.091 [http-nio-8081-exec-5] DEBUG c.u.b.i.p.m.C.selectList - ==> Parameters: USzrFBKQxd5Iq(String)
2026-05-29 23:33:38.092 [http-nio-8081-exec-5] DEBUG c.u.b.i.p.m.C.selectList - <==      Total: 1
2026-05-29 23:33:38.093 [http-nio-8081-exec-5] DEBUG org.mybatis.spring.SqlSessionUtils - Closing non transactional SqlSession [org.apache.ibatis.session.defaults.DefaultSqlSession@10f3761f]
2026-05-29 23:33:38.093 [http-nio-8081-exec-5] DEBUG org.mybatis.spring.SqlSessionUtils - Creating a new SqlSession
2026-05-29 23:33:38.093 [http-nio-8081-exec-5] DEBUG org.mybatis.spring.SqlSessionUtils - SqlSession [org.apache.ibatis.session.defaults.DefaultSqlSession@6aae4bcc] was not registered for synchronization because synchronization is not active
2026-05-29 23:33:38.093 [http-nio-8081-exec-5] DEBUG o.m.s.t.SpringManagedTransaction - JDBC Connection [HikariProxyConnection@1634110216 wrapping com.mysql.cj.jdbc.ConnectionImpl@70a6143d] will not be managed by Spring
2026-05-29 23:33:38.094 [http-nio-8081-exec-5] DEBUG c.u.b.i.p.m.C.selectList - ==>  Preparing: SELECT id,user_uid,nick_name,real_name,avatar_url,current_entity_name,level,bio_data,career_data,intro,announcement,created_at,updated_at FROM user_profile WHERE (user_uid = ?) LIMIT 1
2026-05-29 23:33:38.095 [http-nio-8081-exec-5] DEBUG c.u.b.i.p.m.C.selectList - ==> Parameters: USzrFBKQxd5Iq(String)
2026-05-29 23:33:38.096 [http-nio-8081-exec-5] DEBUG c.u.b.i.p.m.C.selectList - <==      Total: 1
2026-05-29 23:33:38.096 [http-nio-8081-exec-5] DEBUG org.mybatis.spring.SqlSessionUtils - Closing non transactional SqlSession [org.apache.ibatis.session.defaults.DefaultSqlSession@6aae4bcc]
2026-05-29 23:33:38.096 [http-nio-8081-exec-5] DEBUG org.mybatis.spring.SqlSessionUtils - Creating a new SqlSession
2026-05-29 23:33:38.096 [http-nio-8081-exec-5] DEBUG org.mybatis.spring.SqlSessionUtils - SqlSession [org.apache.ibatis.session.defaults.DefaultSqlSession@45423ed0] was not registered for synchronization because synchronization is not active
2026-05-29 23:33:38.097 [http-nio-8081-exec-5] DEBUG o.m.s.t.SpringManagedTransaction - JDBC Connection [HikariProxyConnection@1571487135 wrapping com.mysql.cj.jdbc.ConnectionImpl@70a6143d] will not be managed by Spring
2026-05-29 23:33:38.097 [http-nio-8081-exec-5] DEBUG c.u.b.i.p.m.C.selectList - ==>  Preparing: SELECT id,project_uid,extended_uid,category,recruitment_type,owner_uid,team_uid,title,preview,editor_type,description,tags,duration,team_size,deadline,level,status,published_at,created_at,updated_at FROM project WHERE (owner_uid = ?) ORDER BY COALESCE(published_at, created_at) DESC, id DESC
2026-05-29 23:33:38.098 [http-nio-8081-exec-5] DEBUG c.u.b.i.p.m.C.selectList - ==> Parameters: USzrFBKQxd5Iq(String)
2026-05-29 23:33:38.100 [http-nio-8081-exec-5] DEBUG c.u.b.i.p.m.C.selectList - <==      Total: 0
2026-05-29 23:33:38.100 [http-nio-8081-exec-5] DEBUG org.mybatis.spring.SqlSessionUtils - Closing non transactional SqlSession [org.apache.ibatis.session.defaults.DefaultSqlSession@45423ed0]
2026-05-29 23:33:38.101 [http-nio-8081-exec-5] DEBUG org.mybatis.spring.SqlSessionUtils - Creating a new SqlSession
2026-05-29 23:33:38.101 [http-nio-8081-exec-5] DEBUG org.mybatis.spring.SqlSessionUtils - SqlSession [org.apache.ibatis.session.defaults.DefaultSqlSession@cf99f6d] was not registered for synchronization because synchronization is not active
2026-05-29 23:33:38.102 [http-nio-8081-exec-5] DEBUG o.m.s.t.SpringManagedTransaction - JDBC Connection [HikariProxyConnection@1486460060 wrapping com.mysql.cj.jdbc.ConnectionImpl@70a6143d] will not be managed by Spring
2026-05-29 23:33:38.103 [http-nio-8081-exec-5] DEBUG c.u.b.i.p.m.C.selectList - ==>  Preparing: SELECT id,user_uid,content_type_code,extended_uid,title,summary,editor_type,content,cover_url,video_url,video_duration,tags,view_count,like_count,collect_count,comment_count,status,published_at,created_at,updated_at FROM note WHERE (user_uid = ? AND status = ?) ORDER BY COALESCE(published_at, created_at) DESC, id DESC
2026-05-29 23:33:38.103 [http-nio-8081-exec-5] DEBUG c.u.b.i.p.m.C.selectList - ==> Parameters: USzrFBKQxd5Iq(String), PUBLISHED(String)
2026-05-29 23:33:38.105 [http-nio-8081-exec-5] DEBUG c.u.b.i.p.m.C.selectList - <==      Total: 0
2026-05-29 23:33:38.105 [http-nio-8081-exec-5] DEBUG org.mybatis.spring.SqlSessionUtils - Closing non transactional SqlSession [org.apache.ibatis.session.defaults.DefaultSqlSession@cf99f6d]
2026-05-29 23:33:38.105 [http-nio-8081-exec-5] DEBUG org.mybatis.spring.SqlSessionUtils - Creating a new SqlSession
2026-05-29 23:33:38.106 [http-nio-8081-exec-5] DEBUG org.mybatis.spring.SqlSessionUtils - SqlSession [org.apache.ibatis.session.defaults.DefaultSqlSession@528b43ed] was not registered for synchronization because synchronization is not active
2026-05-29 23:33:38.106 [http-nio-8081-exec-5] DEBUG o.m.s.t.SpringManagedTransaction - JDBC Connection [HikariProxyConnection@306822182 wrapping com.mysql.cj.jdbc.ConnectionImpl@70a6143d] will not be managed by Spring
2026-05-29 23:33:38.106 [http-nio-8081-exec-5] DEBUG c.u.b.i.p.m.C.selectCount - ==>  Preparing: SELECT COUNT( * ) AS total FROM project WHERE (owner_uid = ?) ORDER BY COALESCE(published_at, created_at) DESC, id DESC
2026-05-29 23:33:38.107 [http-nio-8081-exec-5] DEBUG c.u.b.i.p.m.C.selectCount - ==> Parameters: USzrFBKQxd5Iq(String)
2026-05-29 23:33:38.108 [http-nio-8081-exec-5] DEBUG c.u.b.i.p.m.C.selectCount - <==      Total: 1
2026-05-29 23:33:38.108 [http-nio-8081-exec-5] DEBUG org.mybatis.spring.SqlSessionUtils - Closing non transactional SqlSession [org.apache.ibatis.session.defaults.DefaultSqlSession@528b43ed]
2026-05-29 23:33:38.109 [http-nio-8081-exec-5] DEBUG org.mybatis.spring.SqlSessionUtils - Creating a new SqlSession
2026-05-29 23:33:38.109 [http-nio-8081-exec-5] DEBUG org.mybatis.spring.SqlSessionUtils - SqlSession [org.apache.ibatis.session.defaults.DefaultSqlSession@7aa9a63a] was not registered for synchronization because synchronization is not active
2026-05-29 23:33:38.109 [http-nio-8081-exec-5] DEBUG o.m.s.t.SpringManagedTransaction - JDBC Connection [HikariProxyConnection@1916081833 wrapping com.mysql.cj.jdbc.ConnectionImpl@70a6143d] will not be managed by Spring
2026-05-29 23:33:38.109 [http-nio-8081-exec-5] DEBUG c.u.b.i.p.m.C.selectCount - ==>  Preparing: SELECT COUNT( * ) AS total FROM note WHERE (user_uid = ? AND status = ?) ORDER BY COALESCE(published_at, created_at) DESC, id DESC
2026-05-29 23:33:38.110 [http-nio-8081-exec-5] DEBUG c.u.b.i.p.m.C.selectCount - ==> Parameters: USzrFBKQxd5Iq(String), PUBLISHED(String)
2026-05-29 23:33:38.111 [http-nio-8081-exec-5] DEBUG c.u.b.i.p.m.C.selectCount - <==      Total: 1
2026-05-29 23:33:38.111 [http-nio-8081-exec-5] DEBUG org.mybatis.spring.SqlSessionUtils - Closing non transactional SqlSession [org.apache.ibatis.session.defaults.DefaultSqlSession@7aa9a63a]
2026-05-29 23:33:38.112 [http-nio-8081-exec-5] INFO  c.u.b.i.c.ApiRequestLoggingFilter - [API] GET /api/v1/client/user-profile/home?uid=USzrFBKQxd5Iq&projectLimit=3&noteLimit=4 -> 200 (28 ms) ip=127.0.0.1 location=局域网
2026-05-29 23:33:51.007 [http-nio-8081-exec-2] DEBUG c.u.b.i.config.IpLocationInterceptor - IP属地解析: ip=127.0.0.1, location=局域网, uri=/api/v1/client/user-profile/space
2026-05-29 23:33:51.009 [http-nio-8081-exec-1] DEBUG c.u.b.i.config.IpLocationInterceptor - IP属地解析: ip=127.0.0.1, location=局域网, uri=/api/v1/client/user-profile/space
2026-05-29 23:33:51.009 [http-nio-8081-exec-2] INFO  c.u.b.i.c.ApiRequestLoggingFilter - [API] OPTIONS /api/v1/client/user-profile/space?uid=US00000000002 -> 200 (3 ms) ip=127.0.0.1 location=局域网
2026-05-29 23:33:51.009 [http-nio-8081-exec-1] INFO  c.u.b.i.c.ApiRequestLoggingFilter - [API] OPTIONS /api/v1/client/user-profile/space?uid=US00000000002 -> 200 (2 ms) ip=127.0.0.1 location=局域网
2026-05-29 23:33:51.020 [http-nio-8081-exec-9] DEBUG c.u.b.i.config.IpLocationInterceptor - IP属地解析: ip=127.0.0.1, location=局域网, uri=/api/v1/client/user-profile/space
2026-05-29 23:33:51.020 [http-nio-8081-exec-10] DEBUG c.u.b.i.config.IpLocationInterceptor - IP属地解析: ip=127.0.0.1, location=局域网, uri=/api/v1/client/user-profile/menu
2026-05-29 23:33:51.028 [http-nio-8081-exec-10] DEBUG org.mybatis.spring.SqlSessionUtils - Creating a new SqlSession
2026-05-29 23:33:51.028 [http-nio-8081-exec-9] DEBUG org.mybatis.spring.SqlSessionUtils - Creating a new SqlSession
2026-05-29 23:33:51.028 [http-nio-8081-exec-10] DEBUG org.mybatis.spring.SqlSessionUtils - SqlSession [org.apache.ibatis.session.defaults.DefaultSqlSession@803eb40] was not registered for synchronization because synchronization is not active
2026-05-29 23:33:51.028 [http-nio-8081-exec-9] DEBUG org.mybatis.spring.SqlSessionUtils - SqlSession [org.apache.ibatis.session.defaults.DefaultSqlSession@4db01ae8] was not registered for synchronization because synchronization is not active
2026-05-29 23:33:51.029 [http-nio-8081-exec-9] DEBUG o.m.s.t.SpringManagedTransaction - JDBC Connection [HikariProxyConnection@666622315 wrapping com.mysql.cj.jdbc.ConnectionImpl@34a74f45] will not be managed by Spring
2026-05-29 23:33:51.029 [http-nio-8081-exec-10] DEBUG o.m.s.t.SpringManagedTransaction - JDBC Connection [HikariProxyConnection@1035718231 wrapping com.mysql.cj.jdbc.ConnectionImpl@70a6143d] will not be managed by Spring
2026-05-29 23:33:51.029 [http-nio-8081-exec-9] DEBUG c.u.b.i.p.m.C.selectList - ==>  Preparing: SELECT id,user_uid,phone,email,password_hash,account_status,account_status_changed_at,account_status_remark,last_login_at,created_at,updated_at FROM user WHERE (user_uid = ?) LIMIT 1
2026-05-29 23:33:51.029 [http-nio-8081-exec-10] DEBUG c.u.b.i.p.m.C.selectList - ==>  Preparing: SELECT id,user_uid,phone,email,password_hash,account_status,account_status_changed_at,account_status_remark,last_login_at,created_at,updated_at FROM user WHERE (user_uid = ?) LIMIT 1
2026-05-29 23:33:51.029 [http-nio-8081-exec-10] DEBUG c.u.b.i.p.m.C.selectList - ==> Parameters: USzrFBKQxd5Iq(String)
2026-05-29 23:33:51.029 [http-nio-8081-exec-9] DEBUG c.u.b.i.p.m.C.selectList - ==> Parameters: US00000000002(String)
2026-05-29 23:33:51.032 [http-nio-8081-exec-10] DEBUG c.u.b.i.p.m.C.selectList - <==      Total: 1
2026-05-29 23:33:51.032 [http-nio-8081-exec-9] DEBUG c.u.b.i.p.m.C.selectList - <==      Total: 1
2026-05-29 23:33:51.032 [http-nio-8081-exec-10] DEBUG org.mybatis.spring.SqlSessionUtils - Closing non transactional SqlSession [org.apache.ibatis.session.defaults.DefaultSqlSession@803eb40]
2026-05-29 23:33:51.032 [http-nio-8081-exec-9] DEBUG org.mybatis.spring.SqlSessionUtils - Closing non transactional SqlSession [org.apache.ibatis.session.defaults.DefaultSqlSession@4db01ae8]
2026-05-29 23:33:51.033 [http-nio-8081-exec-9] DEBUG org.mybatis.spring.SqlSessionUtils - Creating a new SqlSession
2026-05-29 23:33:51.033 [http-nio-8081-exec-10] DEBUG org.mybatis.spring.SqlSessionUtils - Creating a new SqlSession
2026-05-29 23:33:51.033 [http-nio-8081-exec-10] DEBUG org.mybatis.spring.SqlSessionUtils - SqlSession [org.apache.ibatis.session.defaults.DefaultSqlSession@16464fe6] was not registered for synchronization because synchronization is not active
2026-05-29 23:33:51.033 [http-nio-8081-exec-9] DEBUG org.mybatis.spring.SqlSessionUtils - SqlSession [org.apache.ibatis.session.defaults.DefaultSqlSession@302ac5e2] was not registered for synchronization because synchronization is not active
2026-05-29 23:33:51.033 [http-nio-8081-exec-10] DEBUG o.m.s.t.SpringManagedTransaction - JDBC Connection [HikariProxyConnection@25755525 wrapping com.mysql.cj.jdbc.ConnectionImpl@70a6143d] will not be managed by Spring
2026-05-29 23:33:51.033 [http-nio-8081-exec-9] DEBUG o.m.s.t.SpringManagedTransaction - JDBC Connection [HikariProxyConnection@2105605717 wrapping com.mysql.cj.jdbc.ConnectionImpl@34a74f45] will not be managed by Spring
2026-05-29 23:33:51.033 [http-nio-8081-exec-9] DEBUG c.u.b.i.p.m.C.selectList - ==>  Preparing: SELECT id,user_uid,nick_name,real_name,avatar_url,current_entity_name,level,bio_data,career_data,intro,announcement,created_at,updated_at FROM user_profile WHERE (user_uid = ?) LIMIT 1
2026-05-29 23:33:51.033 [http-nio-8081-exec-10] DEBUG c.u.b.i.p.m.C.selectList - ==>  Preparing: SELECT id,user_uid,nick_name,real_name,avatar_url,current_entity_name,level,bio_data,career_data,intro,announcement,created_at,updated_at FROM user_profile WHERE (user_uid = ?) LIMIT 1
2026-05-29 23:33:51.034 [http-nio-8081-exec-10] DEBUG c.u.b.i.p.m.C.selectList - ==> Parameters: USzrFBKQxd5Iq(String)
2026-05-29 23:33:51.034 [http-nio-8081-exec-9] DEBUG c.u.b.i.p.m.C.selectList - ==> Parameters: US00000000002(String)
2026-05-29 23:33:51.034 [http-nio-8081-exec-10] DEBUG c.u.b.i.p.m.C.selectList - <==      Total: 1
2026-05-29 23:33:51.034 [http-nio-8081-exec-10] DEBUG org.mybatis.spring.SqlSessionUtils - Closing non transactional SqlSession [org.apache.ibatis.session.defaults.DefaultSqlSession@16464fe6]
2026-05-29 23:33:51.036 [http-nio-8081-exec-9] DEBUG c.u.b.i.p.m.C.selectList - <==      Total: 1
2026-05-29 23:33:51.036 [http-nio-8081-exec-9] DEBUG org.mybatis.spring.SqlSessionUtils - Closing non transactional SqlSession [org.apache.ibatis.session.defaults.DefaultSqlSession@302ac5e2]
2026-05-29 23:33:51.036 [http-nio-8081-exec-9] DEBUG org.mybatis.spring.SqlSessionUtils - Creating a new SqlSession
2026-05-29 23:33:51.036 [http-nio-8081-exec-9] DEBUG org.mybatis.spring.SqlSessionUtils - SqlSession [org.apache.ibatis.session.defaults.DefaultSqlSession@7d053409] was not registered for synchronization because synchronization is not active
2026-05-29 23:33:51.037 [http-nio-8081-exec-9] DEBUG o.m.s.t.SpringManagedTransaction - JDBC Connection [HikariProxyConnection@459729822 wrapping com.mysql.cj.jdbc.ConnectionImpl@34a74f45] will not be managed by Spring
2026-05-29 23:33:51.037 [http-nio-8081-exec-9] DEBUG c.u.b.i.p.m.U.selectList - ==>  Preparing: SELECT id,user_uid,entity_code,role,auth_serial_no,proof_artifact_url,audit_status,is_active,remark,created_at,updated_at FROM user_auth_link WHERE (user_uid = ? AND is_active = ?) ORDER BY updated_at DESC LIMIT 1
2026-05-29 23:33:51.037 [http-nio-8081-exec-9] DEBUG c.u.b.i.p.m.U.selectList - ==> Parameters: US00000000002(String), 1(Integer)
2026-05-29 23:33:51.036 [http-nio-8081-exec-10] INFO  c.u.b.i.c.ApiRequestLoggingFilter - [API] GET /api/v1/client/user-profile/menu?uid=USzrFBKQxd5Iq -> 200 (16 ms) ip=127.0.0.1 location=局域网
2026-05-29 23:33:51.039 [http-nio-8081-exec-4] DEBUG c.u.b.i.config.IpLocationInterceptor - IP属地解析: ip=127.0.0.1, location=局域网, uri=/api/v1/client/user-profile/menu
2026-05-29 23:33:51.040 [http-nio-8081-exec-9] DEBUG c.u.b.i.p.m.U.selectList - <==      Total: 1
2026-05-29 23:33:51.041 [http-nio-8081-exec-9] DEBUG org.mybatis.spring.SqlSessionUtils - Closing non transactional SqlSession [org.apache.ibatis.session.defaults.DefaultSqlSession@7d053409]
2026-05-29 23:33:51.045 [http-nio-8081-exec-9] DEBUG org.mybatis.spring.SqlSessionUtils - Creating a new SqlSession
2026-05-29 23:33:51.046 [http-nio-8081-exec-9] DEBUG org.mybatis.spring.SqlSessionUtils - SqlSession [org.apache.ibatis.session.defaults.DefaultSqlSession@79dafd7b] was not registered for synchronization because synchronization is not active
2026-05-29 23:33:51.048 [http-nio-8081-exec-9] DEBUG o.m.s.t.SpringManagedTransaction - JDBC Connection [HikariProxyConnection@1439482821 wrapping com.mysql.cj.jdbc.ConnectionImpl@34a74f45] will not be managed by Spring
2026-05-29 23:33:51.048 [http-nio-8081-exec-9] DEBUG c.u.b.i.p.m.C.selectList - ==>  Preparing: SELECT id,entity_code,name,location,type,logo_url,banner_url,intro,announcement,created_at,updated_at FROM entity_profile WHERE (entity_code = ?) LIMIT 1
2026-05-29 23:33:51.048 [http-nio-8081-exec-9] DEBUG c.u.b.i.p.m.C.selectList - ==> Parameters: 10598(String)
2026-05-29 23:33:51.054 [http-nio-8081-exec-4] DEBUG org.mybatis.spring.SqlSessionUtils - Creating a new SqlSession
2026-05-29 23:33:51.054 [http-nio-8081-exec-4] DEBUG org.mybatis.spring.SqlSessionUtils - SqlSession [org.apache.ibatis.session.defaults.DefaultSqlSession@6ee06e6a] was not registered for synchronization because synchronization is not active
2026-05-29 23:33:51.055 [http-nio-8081-exec-4] DEBUG o.m.s.t.SpringManagedTransaction - JDBC Connection [HikariProxyConnection@279043451 wrapping com.mysql.cj.jdbc.ConnectionImpl@70a6143d] will not be managed by Spring
2026-05-29 23:33:51.055 [http-nio-8081-exec-4] DEBUG c.u.b.i.p.m.C.selectList - ==>  Preparing: SELECT id,user_uid,phone,email,password_hash,account_status,account_status_changed_at,account_status_remark,last_login_at,created_at,updated_at FROM user WHERE (user_uid = ?) LIMIT 1
2026-05-29 23:33:51.055 [http-nio-8081-exec-4] DEBUG c.u.b.i.p.m.C.selectList - ==> Parameters: USzrFBKQxd5Iq(String)
2026-05-29 23:33:51.058 [http-nio-8081-exec-4] DEBUG c.u.b.i.p.m.C.selectList - <==      Total: 1
2026-05-29 23:33:51.058 [http-nio-8081-exec-4] DEBUG org.mybatis.spring.SqlSessionUtils - Closing non transactional SqlSession [org.apache.ibatis.session.defaults.DefaultSqlSession@6ee06e6a]
2026-05-29 23:33:51.058 [http-nio-8081-exec-4] DEBUG org.mybatis.spring.SqlSessionUtils - Creating a new SqlSession
2026-05-29 23:33:51.059 [http-nio-8081-exec-4] DEBUG org.mybatis.spring.SqlSessionUtils - SqlSession [org.apache.ibatis.session.defaults.DefaultSqlSession@53165fe8] was not registered for synchronization because synchronization is not active
2026-05-29 23:33:51.059 [http-nio-8081-exec-9] DEBUG c.u.b.i.p.m.C.selectList - <==      Total: 1
2026-05-29 23:33:51.059 [http-nio-8081-exec-9] DEBUG org.mybatis.spring.SqlSessionUtils - Closing non transactional SqlSession [org.apache.ibatis.session.defaults.DefaultSqlSession@79dafd7b]
2026-05-29 23:33:51.061 [http-nio-8081-exec-4] DEBUG o.m.s.t.SpringManagedTransaction - JDBC Connection [HikariProxyConnection@1047066846 wrapping com.mysql.cj.jdbc.ConnectionImpl@70a6143d] will not be managed by Spring
2026-05-29 23:33:51.061 [http-nio-8081-exec-4] DEBUG c.u.b.i.p.m.C.selectList - ==>  Preparing: SELECT id,user_uid,nick_name,real_name,avatar_url,current_entity_name,level,bio_data,career_data,intro,announcement,created_at,updated_at FROM user_profile WHERE (user_uid = ?) LIMIT 1
2026-05-29 23:33:51.061 [http-nio-8081-exec-4] DEBUG c.u.b.i.p.m.C.selectList - ==> Parameters: USzrFBKQxd5Iq(String)
2026-05-29 23:33:51.063 [http-nio-8081-exec-4] DEBUG c.u.b.i.p.m.C.selectList - <==      Total: 1
2026-05-29 23:33:51.064 [http-nio-8081-exec-4] DEBUG org.mybatis.spring.SqlSessionUtils - Closing non transactional SqlSession [org.apache.ibatis.session.defaults.DefaultSqlSession@53165fe8]
2026-05-29 23:33:51.065 [http-nio-8081-exec-4] INFO  c.u.b.i.c.ApiRequestLoggingFilter - [API] GET /api/v1/client/user-profile/menu?uid=USzrFBKQxd5Iq -> 200 (26 ms) ip=127.0.0.1 location=局域网
2026-05-29 23:33:51.207 [http-nio-8081-exec-9] DEBUG org.mybatis.spring.SqlSessionUtils - Creating a new SqlSession
2026-05-29 23:33:51.208 [http-nio-8081-exec-9] DEBUG org.mybatis.spring.SqlSessionUtils - SqlSession [org.apache.ibatis.session.defaults.DefaultSqlSession@34e5435d] was not registered for synchronization because synchronization is not active
2026-05-29 23:33:51.208 [http-nio-8081-exec-9] DEBUG o.m.s.t.SpringManagedTransaction - JDBC Connection [HikariProxyConnection@1288071153 wrapping com.mysql.cj.jdbc.ConnectionImpl@34a74f45] will not be managed by Spring
2026-05-29 23:33:51.208 [http-nio-8081-exec-9] DEBUG c.u.b.i.p.m.C.selectList - ==>  Preparing: SELECT id,team_uid,user_uid,role,lab_user_uid,career,is_admin,invited_by_uid,joined_at FROM team_member WHERE (user_uid = ?)
2026-05-29 23:33:51.208 [http-nio-8081-exec-9] DEBUG c.u.b.i.p.m.C.selectList - ==> Parameters: US00000000002(String)
2026-05-29 23:33:51.217 [http-nio-8081-exec-9] DEBUG c.u.b.i.p.m.C.selectList - <==      Total: 2
2026-05-29 23:33:51.217 [http-nio-8081-exec-9] DEBUG org.mybatis.spring.SqlSessionUtils - Closing non transactional SqlSession [org.apache.ibatis.session.defaults.DefaultSqlSession@34e5435d]
2026-05-29 23:33:51.220 [http-nio-8081-exec-9] DEBUG org.mybatis.spring.SqlSessionUtils - Creating a new SqlSession
2026-05-29 23:33:51.221 [http-nio-8081-exec-9] DEBUG org.mybatis.spring.SqlSessionUtils - SqlSession [org.apache.ibatis.session.defaults.DefaultSqlSession@6933adf4] was not registered for synchronization because synchronization is not active
2026-05-29 23:33:51.222 [http-nio-8081-exec-9] DEBUG o.m.s.t.SpringManagedTransaction - JDBC Connection [HikariProxyConnection@870085683 wrapping com.mysql.cj.jdbc.ConnectionImpl@34a74f45] will not be managed by Spring
2026-05-29 23:33:51.222 [http-nio-8081-exec-9] DEBUG c.u.b.i.p.m.C.selectList - ==>  Preparing: SELECT id,team_uid,type,team_logo,owner_uid,owner_name,entity_code,team_name,tag,intro,announcement,contact_email,audit_status,audited_at,audit_remark,account_status,account_status_changed_at,account_status_remark,created_at,updated_at FROM team WHERE (team_uid = ?) LIMIT 1
2026-05-29 23:33:51.223 [http-nio-8081-exec-9] DEBUG c.u.b.i.p.m.C.selectList - ==> Parameters: LB00000000001(String)
2026-05-29 23:33:51.230 [http-nio-8081-exec-9] DEBUG c.u.b.i.p.m.C.selectList - <==      Total: 1
2026-05-29 23:33:51.233 [http-nio-8081-exec-9] DEBUG org.mybatis.spring.SqlSessionUtils - Closing non transactional SqlSession [org.apache.ibatis.session.defaults.DefaultSqlSession@6933adf4]
2026-05-29 23:33:51.235 [http-nio-8081-exec-9] DEBUG org.mybatis.spring.SqlSessionUtils - Creating a new SqlSession
2026-05-29 23:33:51.235 [http-nio-8081-exec-9] DEBUG org.mybatis.spring.SqlSessionUtils - SqlSession [org.apache.ibatis.session.defaults.DefaultSqlSession@27061a89] was not registered for synchronization because synchronization is not active
2026-05-29 23:33:51.235 [http-nio-8081-exec-9] DEBUG o.m.s.t.SpringManagedTransaction - JDBC Connection [HikariProxyConnection@1395543952 wrapping com.mysql.cj.jdbc.ConnectionImpl@34a74f45] will not be managed by Spring
2026-05-29 23:33:51.235 [http-nio-8081-exec-9] DEBUG c.u.b.i.p.m.C.selectList - ==>  Preparing: SELECT id,team_uid,type,team_logo,owner_uid,owner_name,entity_code,team_name,tag,intro,announcement,contact_email,audit_status,audited_at,audit_remark,account_status,account_status_changed_at,account_status_remark,created_at,updated_at FROM team WHERE (team_uid = ?) LIMIT 1
2026-05-29 23:33:51.236 [http-nio-8081-exec-9] DEBUG c.u.b.i.p.m.C.selectList - ==> Parameters: LB00000000002(String)
2026-05-29 23:33:51.237 [http-nio-8081-exec-9] DEBUG c.u.b.i.p.m.C.selectList - <==      Total: 1
2026-05-29 23:33:51.238 [http-nio-8081-exec-9] DEBUG org.mybatis.spring.SqlSessionUtils - Closing non transactional SqlSession [org.apache.ibatis.session.defaults.DefaultSqlSession@27061a89]
2026-05-29 23:33:51.238 [http-nio-8081-exec-9] DEBUG org.mybatis.spring.SqlSessionUtils - Creating a new SqlSession
2026-05-29 23:33:51.238 [http-nio-8081-exec-9] DEBUG org.mybatis.spring.SqlSessionUtils - SqlSession [org.apache.ibatis.session.defaults.DefaultSqlSession@1230eab2] was not registered for synchronization because synchronization is not active
2026-05-29 23:33:51.238 [http-nio-8081-exec-9] DEBUG o.m.s.t.SpringManagedTransaction - JDBC Connection [HikariProxyConnection@99973167 wrapping com.mysql.cj.jdbc.ConnectionImpl@34a74f45] will not be managed by Spring
2026-05-29 23:33:51.239 [http-nio-8081-exec-9] DEBUG c.u.b.i.p.m.C.selectList - ==>  Preparing: SELECT id,team_uid,type,team_logo,owner_uid,owner_name,entity_code,team_name,tag,intro,announcement,contact_email,audit_status,audited_at,audit_remark,account_status,account_status_changed_at,account_status_remark,created_at,updated_at FROM team WHERE (owner_uid = ?)
2026-05-29 23:33:51.239 [http-nio-8081-exec-9] DEBUG c.u.b.i.p.m.C.selectList - ==> Parameters: US00000000002(String)
2026-05-29 23:33:51.243 [http-nio-8081-exec-9] DEBUG c.u.b.i.p.m.C.selectList - <==      Total: 2
2026-05-29 23:33:51.243 [http-nio-8081-exec-9] DEBUG org.mybatis.spring.SqlSessionUtils - Closing non transactional SqlSession [org.apache.ibatis.session.defaults.DefaultSqlSession@1230eab2]
2026-05-29 23:33:51.260 [http-nio-8081-exec-9] INFO  c.u.b.i.c.ApiRequestLoggingFilter - [API] GET /api/v1/client/user-profile/space?uid=US00000000002 -> 200 (244 ms) ip=127.0.0.1 location=局域网
2026-05-29 23:33:51.264 [http-nio-8081-exec-7] DEBUG c.u.b.i.config.IpLocationInterceptor - IP属地解析: ip=127.0.0.1, location=局域网, uri=/api/v1/client/user-profile/space
2026-05-29 23:33:51.270 [http-nio-8081-exec-7] DEBUG org.mybatis.spring.SqlSessionUtils - Creating a new SqlSession
2026-05-29 23:33:51.270 [http-nio-8081-exec-7] DEBUG org.mybatis.spring.SqlSessionUtils - SqlSession [org.apache.ibatis.session.defaults.DefaultSqlSession@53627cc6] was not registered for synchronization because synchronization is not active
2026-05-29 23:33:51.270 [http-nio-8081-exec-7] DEBUG o.m.s.t.SpringManagedTransaction - JDBC Connection [HikariProxyConnection@1733817614 wrapping com.mysql.cj.jdbc.ConnectionImpl@34a74f45] will not be managed by Spring
2026-05-29 23:33:51.270 [http-nio-8081-exec-7] DEBUG c.u.b.i.p.m.C.selectList - ==>  Preparing: SELECT id,user_uid,phone,email,password_hash,account_status,account_status_changed_at,account_status_remark,last_login_at,created_at,updated_at FROM user WHERE (user_uid = ?) LIMIT 1
2026-05-29 23:33:51.270 [http-nio-8081-exec-7] DEBUG c.u.b.i.p.m.C.selectList - ==> Parameters: US00000000002(String)
2026-05-29 23:33:51.272 [http-nio-8081-exec-7] DEBUG c.u.b.i.p.m.C.selectList - <==      Total: 1
2026-05-29 23:33:51.272 [http-nio-8081-exec-7] DEBUG org.mybatis.spring.SqlSessionUtils - Closing non transactional SqlSession [org.apache.ibatis.session.defaults.DefaultSqlSession@53627cc6]
2026-05-29 23:33:51.273 [http-nio-8081-exec-7] DEBUG org.mybatis.spring.SqlSessionUtils - Creating a new SqlSession
2026-05-29 23:33:51.273 [http-nio-8081-exec-7] DEBUG org.mybatis.spring.SqlSessionUtils - SqlSession [org.apache.ibatis.session.defaults.DefaultSqlSession@19afc3af] was not registered for synchronization because synchronization is not active
2026-05-29 23:33:51.273 [http-nio-8081-exec-7] DEBUG o.m.s.t.SpringManagedTransaction - JDBC Connection [HikariProxyConnection@1500186640 wrapping com.mysql.cj.jdbc.ConnectionImpl@34a74f45] will not be managed by Spring
2026-05-29 23:33:51.273 [http-nio-8081-exec-7] DEBUG c.u.b.i.p.m.C.selectList - ==>  Preparing: SELECT id,user_uid,nick_name,real_name,avatar_url,current_entity_name,level,bio_data,career_data,intro,announcement,created_at,updated_at FROM user_profile WHERE (user_uid = ?) LIMIT 1
2026-05-29 23:33:51.273 [http-nio-8081-exec-7] DEBUG c.u.b.i.p.m.C.selectList - ==> Parameters: US00000000002(String)
2026-05-29 23:33:51.273 [http-nio-8081-exec-7] DEBUG c.u.b.i.p.m.C.selectList - <==      Total: 1
2026-05-29 23:33:51.273 [http-nio-8081-exec-7] DEBUG org.mybatis.spring.SqlSessionUtils - Closing non transactional SqlSession [org.apache.ibatis.session.defaults.DefaultSqlSession@19afc3af]
2026-05-29 23:33:51.274 [http-nio-8081-exec-7] DEBUG org.mybatis.spring.SqlSessionUtils - Creating a new SqlSession
2026-05-29 23:33:51.274 [http-nio-8081-exec-7] DEBUG org.mybatis.spring.SqlSessionUtils - SqlSession [org.apache.ibatis.session.defaults.DefaultSqlSession@6c780b5e] was not registered for synchronization because synchronization is not active
2026-05-29 23:33:51.274 [http-nio-8081-exec-7] DEBUG o.m.s.t.SpringManagedTransaction - JDBC Connection [HikariProxyConnection@195895237 wrapping com.mysql.cj.jdbc.ConnectionImpl@34a74f45] will not be managed by Spring
2026-05-29 23:33:51.274 [http-nio-8081-exec-7] DEBUG c.u.b.i.p.m.U.selectList - ==>  Preparing: SELECT id,user_uid,entity_code,role,auth_serial_no,proof_artifact_url,audit_status,is_active,remark,created_at,updated_at FROM user_auth_link WHERE (user_uid = ? AND is_active = ?) ORDER BY updated_at DESC LIMIT 1
2026-05-29 23:33:51.274 [http-nio-8081-exec-7] DEBUG c.u.b.i.p.m.U.selectList - ==> Parameters: US00000000002(String), 1(Integer)
2026-05-29 23:33:51.277 [http-nio-8081-exec-7] DEBUG c.u.b.i.p.m.U.selectList - <==      Total: 1
2026-05-29 23:33:51.277 [http-nio-8081-exec-7] DEBUG org.mybatis.spring.SqlSessionUtils - Closing non transactional SqlSession [org.apache.ibatis.session.defaults.DefaultSqlSession@6c780b5e]
2026-05-29 23:33:51.277 [http-nio-8081-exec-7] DEBUG org.mybatis.spring.SqlSessionUtils - Creating a new SqlSession
2026-05-29 23:33:51.277 [http-nio-8081-exec-7] DEBUG org.mybatis.spring.SqlSessionUtils - SqlSession [org.apache.ibatis.session.defaults.DefaultSqlSession@68e47407] was not registered for synchronization because synchronization is not active
2026-05-29 23:33:51.277 [http-nio-8081-exec-7] DEBUG o.m.s.t.SpringManagedTransaction - JDBC Connection [HikariProxyConnection@1156231358 wrapping com.mysql.cj.jdbc.ConnectionImpl@34a74f45] will not be managed by Spring
2026-05-29 23:33:51.277 [http-nio-8081-exec-7] DEBUG c.u.b.i.p.m.C.selectList - ==>  Preparing: SELECT id,entity_code,name,location,type,logo_url,banner_url,intro,announcement,created_at,updated_at FROM entity_profile WHERE (entity_code = ?) LIMIT 1
2026-05-29 23:33:51.277 [http-nio-8081-exec-7] DEBUG c.u.b.i.p.m.C.selectList - ==> Parameters: 10598(String)
2026-05-29 23:33:51.279 [http-nio-8081-exec-7] DEBUG c.u.b.i.p.m.C.selectList - <==      Total: 1
2026-05-29 23:33:51.279 [http-nio-8081-exec-7] DEBUG org.mybatis.spring.SqlSessionUtils - Closing non transactional SqlSession [org.apache.ibatis.session.defaults.DefaultSqlSession@68e47407]
2026-05-29 23:33:51.279 [http-nio-8081-exec-7] DEBUG org.mybatis.spring.SqlSessionUtils - Creating a new SqlSession
2026-05-29 23:33:51.279 [http-nio-8081-exec-7] DEBUG org.mybatis.spring.SqlSessionUtils - SqlSession [org.apache.ibatis.session.defaults.DefaultSqlSession@1003cbff] was not registered for synchronization because synchronization is not active
2026-05-29 23:33:51.279 [http-nio-8081-exec-7] DEBUG o.m.s.t.SpringManagedTransaction - JDBC Connection [HikariProxyConnection@1535955380 wrapping com.mysql.cj.jdbc.ConnectionImpl@34a74f45] will not be managed by Spring
2026-05-29 23:33:51.279 [http-nio-8081-exec-7] DEBUG c.u.b.i.p.m.C.selectList - ==>  Preparing: SELECT id,team_uid,user_uid,role,lab_user_uid,career,is_admin,invited_by_uid,joined_at FROM team_member WHERE (user_uid = ?)
2026-05-29 23:33:51.279 [http-nio-8081-exec-7] DEBUG c.u.b.i.p.m.C.selectList - ==> Parameters: US00000000002(String)
2026-05-29 23:33:51.281 [http-nio-8081-exec-7] DEBUG c.u.b.i.p.m.C.selectList - <==      Total: 2
2026-05-29 23:33:51.281 [http-nio-8081-exec-7] DEBUG org.mybatis.spring.SqlSessionUtils - Closing non transactional SqlSession [org.apache.ibatis.session.defaults.DefaultSqlSession@1003cbff]
2026-05-29 23:33:51.281 [http-nio-8081-exec-7] DEBUG org.mybatis.spring.SqlSessionUtils - Creating a new SqlSession
2026-05-29 23:33:51.281 [http-nio-8081-exec-7] DEBUG org.mybatis.spring.SqlSessionUtils - SqlSession [org.apache.ibatis.session.defaults.DefaultSqlSession@3bbf94e0] was not registered for synchronization because synchronization is not active
2026-05-29 23:33:51.282 [http-nio-8081-exec-7] DEBUG o.m.s.t.SpringManagedTransaction - JDBC Connection [HikariProxyConnection@896400475 wrapping com.mysql.cj.jdbc.ConnectionImpl@34a74f45] will not be managed by Spring
2026-05-29 23:33:51.282 [http-nio-8081-exec-7] DEBUG c.u.b.i.p.m.C.selectList - ==>  Preparing: SELECT id,team_uid,type,team_logo,owner_uid,owner_name,entity_code,team_name,tag,intro,announcement,contact_email,audit_status,audited_at,audit_remark,account_status,account_status_changed_at,account_status_remark,created_at,updated_at FROM team WHERE (team_uid = ?) LIMIT 1
2026-05-29 23:33:51.282 [http-nio-8081-exec-7] DEBUG c.u.b.i.p.m.C.selectList - ==> Parameters: LB00000000001(String)
2026-05-29 23:33:51.284 [http-nio-8081-exec-7] DEBUG c.u.b.i.p.m.C.selectList - <==      Total: 1
2026-05-29 23:33:51.284 [http-nio-8081-exec-7] DEBUG org.mybatis.spring.SqlSessionUtils - Closing non transactional SqlSession [org.apache.ibatis.session.defaults.DefaultSqlSession@3bbf94e0]
2026-05-29 23:33:51.284 [http-nio-8081-exec-7] DEBUG org.mybatis.spring.SqlSessionUtils - Creating a new SqlSession
2026-05-29 23:33:51.284 [http-nio-8081-exec-7] DEBUG org.mybatis.spring.SqlSessionUtils - SqlSession [org.apache.ibatis.session.defaults.DefaultSqlSession@55d77d2f] was not registered for synchronization because synchronization is not active
2026-05-29 23:33:51.284 [http-nio-8081-exec-7] DEBUG o.m.s.t.SpringManagedTransaction - JDBC Connection [HikariProxyConnection@302574561 wrapping com.mysql.cj.jdbc.ConnectionImpl@34a74f45] will not be managed by Spring
2026-05-29 23:33:51.284 [http-nio-8081-exec-7] DEBUG c.u.b.i.p.m.C.selectList - ==>  Preparing: SELECT id,team_uid,type,team_logo,owner_uid,owner_name,entity_code,team_name,tag,intro,announcement,contact_email,audit_status,audited_at,audit_remark,account_status,account_status_changed_at,account_status_remark,created_at,updated_at FROM team WHERE (team_uid = ?) LIMIT 1
2026-05-29 23:33:51.284 [http-nio-8081-exec-7] DEBUG c.u.b.i.p.m.C.selectList - ==> Parameters: LB00000000002(String)
2026-05-29 23:33:51.288 [http-nio-8081-exec-7] DEBUG c.u.b.i.p.m.C.selectList - <==      Total: 1
2026-05-29 23:33:51.288 [http-nio-8081-exec-7] DEBUG org.mybatis.spring.SqlSessionUtils - Closing non transactional SqlSession [org.apache.ibatis.session.defaults.DefaultSqlSession@55d77d2f]
2026-05-29 23:33:51.288 [http-nio-8081-exec-7] DEBUG org.mybatis.spring.SqlSessionUtils - Creating a new SqlSession
2026-05-29 23:33:51.288 [http-nio-8081-exec-7] DEBUG org.mybatis.spring.SqlSessionUtils - SqlSession [org.apache.ibatis.session.defaults.DefaultSqlSession@4cd9d9e5] was not registered for synchronization because synchronization is not active
2026-05-29 23:33:51.288 [http-nio-8081-exec-7] DEBUG o.m.s.t.SpringManagedTransaction - JDBC Connection [HikariProxyConnection@579468116 wrapping com.mysql.cj.jdbc.ConnectionImpl@34a74f45] will not be managed by Spring
2026-05-29 23:33:51.288 [http-nio-8081-exec-7] DEBUG c.u.b.i.p.m.C.selectList - ==>  Preparing: SELECT id,team_uid,type,team_logo,owner_uid,owner_name,entity_code,team_name,tag,intro,announcement,contact_email,audit_status,audited_at,audit_remark,account_status,account_status_changed_at,account_status_remark,created_at,updated_at FROM team WHERE (owner_uid = ?)
2026-05-29 23:33:51.288 [http-nio-8081-exec-7] DEBUG c.u.b.i.p.m.C.selectList - ==> Parameters: US00000000002(String)
2026-05-29 23:33:51.291 [http-nio-8081-exec-7] DEBUG c.u.b.i.p.m.C.selectList - <==      Total: 2
2026-05-29 23:33:51.291 [http-nio-8081-exec-7] DEBUG org.mybatis.spring.SqlSessionUtils - Closing non transactional SqlSession [org.apache.ibatis.session.defaults.DefaultSqlSession@4cd9d9e5]
2026-05-29 23:33:51.292 [http-nio-8081-exec-7] INFO  c.u.b.i.c.ApiRequestLoggingFilter - [API] GET /api/v1/client/user-profile/space?uid=US00000000002 -> 200 (28 ms) ip=127.0.0.1 location=局域网
2026-05-29 23:33:51.349 [http-nio-8081-exec-6] DEBUG c.u.b.i.config.IpLocationInterceptor - IP属地解析: ip=127.0.0.1, location=局域网, uri=/api/v1/client/user-profile/home
2026-05-29 23:33:51.349 [http-nio-8081-exec-6] INFO  c.u.b.i.c.ApiRequestLoggingFilter - [API] OPTIONS /api/v1/client/user-profile/home?uid=US00000000002&projectLimit=3&noteLimit=4 -> 200 (1 ms) ip=127.0.0.1 location=局域网
2026-05-29 23:33:51.375 [http-nio-8081-exec-8] DEBUG c.u.b.i.config.IpLocationInterceptor - IP属地解析: ip=127.0.0.1, location=局域网, uri=/api/v1/client/user-profile/home
2026-05-29 23:33:51.385 [http-nio-8081-exec-8] DEBUG org.mybatis.spring.SqlSessionUtils - Creating a new SqlSession
2026-05-29 23:33:51.385 [http-nio-8081-exec-8] DEBUG org.mybatis.spring.SqlSessionUtils - SqlSession [org.apache.ibatis.session.defaults.DefaultSqlSession@1e50854c] was not registered for synchronization because synchronization is not active
2026-05-29 23:33:51.386 [http-nio-8081-exec-8] DEBUG o.m.s.t.SpringManagedTransaction - JDBC Connection [HikariProxyConnection@262425445 wrapping com.mysql.cj.jdbc.ConnectionImpl@70a6143d] will not be managed by Spring
2026-05-29 23:33:51.386 [http-nio-8081-exec-8] DEBUG c.u.b.i.p.m.C.selectList - ==>  Preparing: SELECT id,user_uid,phone,email,password_hash,account_status,account_status_changed_at,account_status_remark,last_login_at,created_at,updated_at FROM user WHERE (user_uid = ?) LIMIT 1
2026-05-29 23:33:51.388 [http-nio-8081-exec-8] DEBUG c.u.b.i.p.m.C.selectList - ==> Parameters: US00000000002(String)
2026-05-29 23:33:51.389 [http-nio-8081-exec-8] DEBUG c.u.b.i.p.m.C.selectList - <==      Total: 1
2026-05-29 23:33:51.389 [http-nio-8081-exec-8] DEBUG org.mybatis.spring.SqlSessionUtils - Closing non transactional SqlSession [org.apache.ibatis.session.defaults.DefaultSqlSession@1e50854c]
2026-05-29 23:33:51.393 [http-nio-8081-exec-8] DEBUG org.mybatis.spring.SqlSessionUtils - Creating a new SqlSession
2026-05-29 23:33:51.393 [http-nio-8081-exec-8] DEBUG org.mybatis.spring.SqlSessionUtils - SqlSession [org.apache.ibatis.session.defaults.DefaultSqlSession@1790998c] was not registered for synchronization because synchronization is not active
2026-05-29 23:33:51.393 [http-nio-8081-exec-8] DEBUG o.m.s.t.SpringManagedTransaction - JDBC Connection [HikariProxyConnection@233833687 wrapping com.mysql.cj.jdbc.ConnectionImpl@70a6143d] will not be managed by Spring
2026-05-29 23:33:51.393 [http-nio-8081-exec-8] DEBUG c.u.b.i.p.m.C.selectList - ==>  Preparing: SELECT id,user_uid,nick_name,real_name,avatar_url,current_entity_name,level,bio_data,career_data,intro,announcement,created_at,updated_at FROM user_profile WHERE (user_uid = ?) LIMIT 1
2026-05-29 23:33:51.394 [http-nio-8081-exec-8] DEBUG c.u.b.i.p.m.C.selectList - ==> Parameters: US00000000002(String)
2026-05-29 23:33:51.395 [http-nio-8081-exec-8] DEBUG c.u.b.i.p.m.C.selectList - <==      Total: 1
2026-05-29 23:33:51.396 [http-nio-8081-exec-8] DEBUG org.mybatis.spring.SqlSessionUtils - Closing non transactional SqlSession [org.apache.ibatis.session.defaults.DefaultSqlSession@1790998c]
2026-05-29 23:33:51.396 [http-nio-8081-exec-8] DEBUG org.mybatis.spring.SqlSessionUtils - Creating a new SqlSession
2026-05-29 23:33:51.396 [http-nio-8081-exec-8] DEBUG org.mybatis.spring.SqlSessionUtils - SqlSession [org.apache.ibatis.session.defaults.DefaultSqlSession@7d0d4f3a] was not registered for synchronization because synchronization is not active
2026-05-29 23:33:51.397 [http-nio-8081-exec-8] DEBUG o.m.s.t.SpringManagedTransaction - JDBC Connection [HikariProxyConnection@1858266606 wrapping com.mysql.cj.jdbc.ConnectionImpl@70a6143d] will not be managed by Spring
2026-05-29 23:33:51.397 [http-nio-8081-exec-8] DEBUG c.u.b.i.p.m.C.selectList - ==>  Preparing: SELECT id,project_uid,extended_uid,category,recruitment_type,owner_uid,team_uid,title,preview,editor_type,description,tags,duration,team_size,deadline,level,status,published_at,created_at,updated_at FROM project WHERE (owner_uid = ?) ORDER BY COALESCE(published_at, created_at) DESC, id DESC
2026-05-29 23:33:51.397 [http-nio-8081-exec-8] DEBUG c.u.b.i.p.m.C.selectList - ==> Parameters: US00000000002(String)
2026-05-29 23:33:51.399 [http-nio-8081-exec-8] DEBUG c.u.b.i.p.m.C.selectList - <==      Total: 1
2026-05-29 23:33:51.399 [http-nio-8081-exec-8] DEBUG org.mybatis.spring.SqlSessionUtils - Closing non transactional SqlSession [org.apache.ibatis.session.defaults.DefaultSqlSession@7d0d4f3a]
2026-05-29 23:33:51.400 [http-nio-8081-exec-8] DEBUG org.mybatis.spring.SqlSessionUtils - Creating a new SqlSession
2026-05-29 23:33:51.400 [http-nio-8081-exec-8] DEBUG org.mybatis.spring.SqlSessionUtils - SqlSession [org.apache.ibatis.session.defaults.DefaultSqlSession@574416a0] was not registered for synchronization because synchronization is not active
2026-05-29 23:33:51.400 [http-nio-8081-exec-8] DEBUG o.m.s.t.SpringManagedTransaction - JDBC Connection [HikariProxyConnection@1076357101 wrapping com.mysql.cj.jdbc.ConnectionImpl@70a6143d] will not be managed by Spring
2026-05-29 23:33:51.400 [http-nio-8081-exec-8] DEBUG c.u.b.i.p.m.C.selectList - ==>  Preparing: SELECT id,user_uid,content_type_code,extended_uid,title,summary,editor_type,content,cover_url,video_url,video_duration,tags,view_count,like_count,collect_count,comment_count,status,published_at,created_at,updated_at FROM note WHERE (user_uid = ? AND status = ?) ORDER BY COALESCE(published_at, created_at) DESC, id DESC
2026-05-29 23:33:51.400 [http-nio-8081-exec-8] DEBUG c.u.b.i.p.m.C.selectList - ==> Parameters: US00000000002(String), PUBLISHED(String)
2026-05-29 23:33:51.407 [http-nio-8081-exec-8] DEBUG c.u.b.i.p.m.C.selectList - <==      Total: 3
2026-05-29 23:33:51.409 [http-nio-8081-exec-8] DEBUG org.mybatis.spring.SqlSessionUtils - Closing non transactional SqlSession [org.apache.ibatis.session.defaults.DefaultSqlSession@574416a0]
2026-05-29 23:33:51.409 [http-nio-8081-exec-8] DEBUG org.mybatis.spring.SqlSessionUtils - Creating a new SqlSession
2026-05-29 23:33:51.409 [http-nio-8081-exec-8] DEBUG org.mybatis.spring.SqlSessionUtils - SqlSession [org.apache.ibatis.session.defaults.DefaultSqlSession@1697f193] was not registered for synchronization because synchronization is not active
2026-05-29 23:33:51.409 [http-nio-8081-exec-8] DEBUG o.m.s.t.SpringManagedTransaction - JDBC Connection [HikariProxyConnection@1636893943 wrapping com.mysql.cj.jdbc.ConnectionImpl@70a6143d] will not be managed by Spring
2026-05-29 23:33:51.409 [http-nio-8081-exec-8] DEBUG c.u.b.i.p.m.U.selectList - ==>  Preparing: SELECT id,user_uid,entity_code,role,auth_serial_no,proof_artifact_url,audit_status,is_active,remark,created_at,updated_at FROM user_auth_link WHERE (user_uid = ? AND is_active = ?) ORDER BY updated_at DESC LIMIT 1
2026-05-29 23:33:51.411 [http-nio-8081-exec-8] DEBUG c.u.b.i.p.m.U.selectList - ==> Parameters: US00000000002(String), 1(Integer)
2026-05-29 23:33:51.411 [http-nio-8081-exec-8] DEBUG c.u.b.i.p.m.U.selectList - <==      Total: 1
2026-05-29 23:33:51.412 [http-nio-8081-exec-8] DEBUG org.mybatis.spring.SqlSessionUtils - Closing non transactional SqlSession [org.apache.ibatis.session.defaults.DefaultSqlSession@1697f193]
2026-05-29 23:33:51.412 [http-nio-8081-exec-8] DEBUG org.mybatis.spring.SqlSessionUtils - Creating a new SqlSession
2026-05-29 23:33:51.412 [http-nio-8081-exec-8] DEBUG org.mybatis.spring.SqlSessionUtils - SqlSession [org.apache.ibatis.session.defaults.DefaultSqlSession@3bdc94ec] was not registered for synchronization because synchronization is not active
2026-05-29 23:33:51.412 [http-nio-8081-exec-8] DEBUG o.m.s.t.SpringManagedTransaction - JDBC Connection [HikariProxyConnection@317645165 wrapping com.mysql.cj.jdbc.ConnectionImpl@70a6143d] will not be managed by Spring
2026-05-29 23:33:51.412 [http-nio-8081-exec-8] DEBUG c.u.b.i.p.m.C.selectList - ==>  Preparing: SELECT id,entity_code,name,location,type,logo_url,banner_url,intro,announcement,created_at,updated_at FROM entity_profile WHERE (entity_code = ?) LIMIT 1
2026-05-29 23:33:51.412 [http-nio-8081-exec-8] DEBUG c.u.b.i.p.m.C.selectList - ==> Parameters: 10598(String)
2026-05-29 23:33:51.415 [http-nio-8081-exec-8] DEBUG c.u.b.i.p.m.C.selectList - <==      Total: 1
2026-05-29 23:33:51.415 [http-nio-8081-exec-8] DEBUG org.mybatis.spring.SqlSessionUtils - Closing non transactional SqlSession [org.apache.ibatis.session.defaults.DefaultSqlSession@3bdc94ec]
2026-05-29 23:33:51.433 [http-nio-8081-exec-8] DEBUG org.mybatis.spring.SqlSessionUtils - Creating a new SqlSession
2026-05-29 23:33:51.434 [http-nio-8081-exec-8] DEBUG org.mybatis.spring.SqlSessionUtils - SqlSession [org.apache.ibatis.session.defaults.DefaultSqlSession@1fbae429] was not registered for synchronization because synchronization is not active
2026-05-29 23:33:51.435 [http-nio-8081-exec-8] DEBUG o.m.s.t.SpringManagedTransaction - JDBC Connection [HikariProxyConnection@1210946913 wrapping com.mysql.cj.jdbc.ConnectionImpl@70a6143d] will not be managed by Spring
2026-05-29 23:33:51.435 [http-nio-8081-exec-8] DEBUG c.u.b.i.p.m.C.selectList - ==>  Preparing: SELECT id,user_uid,nick_name,real_name,avatar_url,current_entity_name,level,bio_data,career_data,intro,announcement,created_at,updated_at FROM user_profile WHERE (user_uid = ?) LIMIT 1
2026-05-29 23:33:51.436 [http-nio-8081-exec-8] DEBUG c.u.b.i.p.m.C.selectList - ==> Parameters: US00000000002(String)
2026-05-29 23:33:51.438 [http-nio-8081-exec-8] DEBUG c.u.b.i.p.m.C.selectList - <==      Total: 1
2026-05-29 23:33:51.438 [http-nio-8081-exec-8] DEBUG org.mybatis.spring.SqlSessionUtils - Closing non transactional SqlSession [org.apache.ibatis.session.defaults.DefaultSqlSession@1fbae429]
2026-05-29 23:33:51.439 [http-nio-8081-exec-8] DEBUG org.mybatis.spring.SqlSessionUtils - Creating a new SqlSession
2026-05-29 23:33:51.439 [http-nio-8081-exec-8] DEBUG org.mybatis.spring.SqlSessionUtils - SqlSession [org.apache.ibatis.session.defaults.DefaultSqlSession@2ea29422] was not registered for synchronization because synchronization is not active
2026-05-29 23:33:51.439 [http-nio-8081-exec-8] DEBUG o.m.s.t.SpringManagedTransaction - JDBC Connection [HikariProxyConnection@1727112819 wrapping com.mysql.cj.jdbc.ConnectionImpl@70a6143d] will not be managed by Spring
2026-05-29 23:33:51.440 [http-nio-8081-exec-8] DEBUG c.u.b.i.p.m.U.selectList - ==>  Preparing: SELECT id,user_uid,entity_code,role,auth_serial_no,proof_artifact_url,audit_status,is_active,remark,created_at,updated_at FROM user_auth_link WHERE (user_uid = ? AND is_active = ?) ORDER BY updated_at DESC LIMIT 1
2026-05-29 23:33:51.440 [http-nio-8081-exec-8] DEBUG c.u.b.i.p.m.U.selectList - ==> Parameters: US00000000002(String), 1(Integer)
2026-05-29 23:33:51.441 [http-nio-8081-exec-8] DEBUG c.u.b.i.p.m.U.selectList - <==      Total: 1
2026-05-29 23:33:51.443 [http-nio-8081-exec-8] DEBUG org.mybatis.spring.SqlSessionUtils - Closing non transactional SqlSession [org.apache.ibatis.session.defaults.DefaultSqlSession@2ea29422]
2026-05-29 23:33:51.443 [http-nio-8081-exec-8] DEBUG org.mybatis.spring.SqlSessionUtils - Creating a new SqlSession
2026-05-29 23:33:51.443 [http-nio-8081-exec-8] DEBUG org.mybatis.spring.SqlSessionUtils - SqlSession [org.apache.ibatis.session.defaults.DefaultSqlSession@43ab4639] was not registered for synchronization because synchronization is not active
2026-05-29 23:33:51.443 [http-nio-8081-exec-8] DEBUG o.m.s.t.SpringManagedTransaction - JDBC Connection [HikariProxyConnection@2039663082 wrapping com.mysql.cj.jdbc.ConnectionImpl@70a6143d] will not be managed by Spring
2026-05-29 23:33:51.443 [http-nio-8081-exec-8] DEBUG c.u.b.i.p.m.C.selectList - ==>  Preparing: SELECT id,entity_code,name,location,type,logo_url,banner_url,intro,announcement,created_at,updated_at FROM entity_profile WHERE (entity_code = ?) LIMIT 1
2026-05-29 23:33:51.443 [http-nio-8081-exec-8] DEBUG c.u.b.i.p.m.C.selectList - ==> Parameters: 10598(String)
2026-05-29 23:33:51.445 [http-nio-8081-exec-8] DEBUG c.u.b.i.p.m.C.selectList - <==      Total: 1
2026-05-29 23:33:51.446 [http-nio-8081-exec-8] DEBUG org.mybatis.spring.SqlSessionUtils - Closing non transactional SqlSession [org.apache.ibatis.session.defaults.DefaultSqlSession@43ab4639]
2026-05-29 23:33:51.455 [http-nio-8081-exec-8] DEBUG org.mybatis.spring.SqlSessionUtils - Creating a new SqlSession
2026-05-29 23:33:51.456 [http-nio-8081-exec-8] DEBUG org.mybatis.spring.SqlSessionUtils - SqlSession [org.apache.ibatis.session.defaults.DefaultSqlSession@54be55ba] was not registered for synchronization because synchronization is not active
2026-05-29 23:33:51.456 [http-nio-8081-exec-8] DEBUG o.m.s.t.SpringManagedTransaction - JDBC Connection [HikariProxyConnection@999037790 wrapping com.mysql.cj.jdbc.ConnectionImpl@70a6143d] will not be managed by Spring
2026-05-29 23:33:51.456 [http-nio-8081-exec-8] DEBUG c.u.b.i.p.m.C.selectList - ==>  Preparing: SELECT id,user_uid,nick_name,real_name,avatar_url,current_entity_name,level,bio_data,career_data,intro,announcement,created_at,updated_at FROM user_profile WHERE (user_uid = ?) LIMIT 1
2026-05-29 23:33:51.456 [http-nio-8081-exec-8] DEBUG c.u.b.i.p.m.C.selectList - ==> Parameters: US00000000002(String)
2026-05-29 23:33:51.458 [http-nio-8081-exec-8] DEBUG c.u.b.i.p.m.C.selectList - <==      Total: 1
2026-05-29 23:33:51.458 [http-nio-8081-exec-8] DEBUG org.mybatis.spring.SqlSessionUtils - Closing non transactional SqlSession [org.apache.ibatis.session.defaults.DefaultSqlSession@54be55ba]
2026-05-29 23:33:51.458 [http-nio-8081-exec-8] DEBUG org.mybatis.spring.SqlSessionUtils - Creating a new SqlSession
2026-05-29 23:33:51.458 [http-nio-8081-exec-8] DEBUG org.mybatis.spring.SqlSessionUtils - SqlSession [org.apache.ibatis.session.defaults.DefaultSqlSession@57771f8f] was not registered for synchronization because synchronization is not active
2026-05-29 23:33:51.459 [http-nio-8081-exec-8] DEBUG o.m.s.t.SpringManagedTransaction - JDBC Connection [HikariProxyConnection@1908577118 wrapping com.mysql.cj.jdbc.ConnectionImpl@70a6143d] will not be managed by Spring
2026-05-29 23:33:51.459 [http-nio-8081-exec-8] DEBUG c.u.b.i.p.m.U.selectList - ==>  Preparing: SELECT id,user_uid,entity_code,role,auth_serial_no,proof_artifact_url,audit_status,is_active,remark,created_at,updated_at FROM user_auth_link WHERE (user_uid = ? AND is_active = ?) ORDER BY updated_at DESC LIMIT 1
2026-05-29 23:33:51.459 [http-nio-8081-exec-8] DEBUG c.u.b.i.p.m.U.selectList - ==> Parameters: US00000000002(String), 1(Integer)
2026-05-29 23:33:51.465 [http-nio-8081-exec-8] DEBUG c.u.b.i.p.m.U.selectList - <==      Total: 1
2026-05-29 23:33:51.465 [http-nio-8081-exec-8] DEBUG org.mybatis.spring.SqlSessionUtils - Closing non transactional SqlSession [org.apache.ibatis.session.defaults.DefaultSqlSession@57771f8f]
2026-05-29 23:33:51.465 [http-nio-8081-exec-8] DEBUG org.mybatis.spring.SqlSessionUtils - Creating a new SqlSession
2026-05-29 23:33:51.465 [http-nio-8081-exec-8] DEBUG org.mybatis.spring.SqlSessionUtils - SqlSession [org.apache.ibatis.session.defaults.DefaultSqlSession@195d2583] was not registered for synchronization because synchronization is not active
2026-05-29 23:33:51.465 [http-nio-8081-exec-8] DEBUG o.m.s.t.SpringManagedTransaction - JDBC Connection [HikariProxyConnection@1991891520 wrapping com.mysql.cj.jdbc.ConnectionImpl@70a6143d] will not be managed by Spring
2026-05-29 23:33:51.465 [http-nio-8081-exec-8] DEBUG c.u.b.i.p.m.C.selectList - ==>  Preparing: SELECT id,entity_code,name,location,type,logo_url,banner_url,intro,announcement,created_at,updated_at FROM entity_profile WHERE (entity_code = ?) LIMIT 1
2026-05-29 23:33:51.466 [http-nio-8081-exec-8] DEBUG c.u.b.i.p.m.C.selectList - ==> Parameters: 10598(String)
2026-05-29 23:33:51.467 [http-nio-8081-exec-8] DEBUG c.u.b.i.p.m.C.selectList - <==      Total: 1
2026-05-29 23:33:51.467 [http-nio-8081-exec-8] DEBUG org.mybatis.spring.SqlSessionUtils - Closing non transactional SqlSession [org.apache.ibatis.session.defaults.DefaultSqlSession@195d2583]
2026-05-29 23:33:51.469 [http-nio-8081-exec-8] DEBUG org.mybatis.spring.SqlSessionUtils - Creating a new SqlSession
2026-05-29 23:33:51.469 [http-nio-8081-exec-8] DEBUG org.mybatis.spring.SqlSessionUtils - SqlSession [org.apache.ibatis.session.defaults.DefaultSqlSession@401e1cb1] was not registered for synchronization because synchronization is not active
2026-05-29 23:33:51.469 [http-nio-8081-exec-8] DEBUG o.m.s.t.SpringManagedTransaction - JDBC Connection [HikariProxyConnection@807360524 wrapping com.mysql.cj.jdbc.ConnectionImpl@70a6143d] will not be managed by Spring
2026-05-29 23:33:51.470 [http-nio-8081-exec-8] DEBUG c.u.b.i.p.m.C.selectList - ==>  Preparing: SELECT id,user_uid,nick_name,real_name,avatar_url,current_entity_name,level,bio_data,career_data,intro,announcement,created_at,updated_at FROM user_profile WHERE (user_uid = ?) LIMIT 1
2026-05-29 23:33:51.470 [http-nio-8081-exec-8] DEBUG c.u.b.i.p.m.C.selectList - ==> Parameters: US00000000002(String)
2026-05-29 23:33:51.471 [http-nio-8081-exec-8] DEBUG c.u.b.i.p.m.C.selectList - <==      Total: 1
2026-05-29 23:33:51.471 [http-nio-8081-exec-8] DEBUG org.mybatis.spring.SqlSessionUtils - Closing non transactional SqlSession [org.apache.ibatis.session.defaults.DefaultSqlSession@401e1cb1]
2026-05-29 23:33:51.472 [http-nio-8081-exec-8] DEBUG org.mybatis.spring.SqlSessionUtils - Creating a new SqlSession
2026-05-29 23:33:51.472 [http-nio-8081-exec-8] DEBUG org.mybatis.spring.SqlSessionUtils - SqlSession [org.apache.ibatis.session.defaults.DefaultSqlSession@3c813899] was not registered for synchronization because synchronization is not active
2026-05-29 23:33:51.473 [http-nio-8081-exec-8] DEBUG o.m.s.t.SpringManagedTransaction - JDBC Connection [HikariProxyConnection@214581292 wrapping com.mysql.cj.jdbc.ConnectionImpl@70a6143d] will not be managed by Spring
2026-05-29 23:33:51.473 [http-nio-8081-exec-8] DEBUG c.u.b.i.p.m.U.selectList - ==>  Preparing: SELECT id,user_uid,entity_code,role,auth_serial_no,proof_artifact_url,audit_status,is_active,remark,created_at,updated_at FROM user_auth_link WHERE (user_uid = ? AND is_active = ?) ORDER BY updated_at DESC LIMIT 1
2026-05-29 23:33:51.473 [http-nio-8081-exec-8] DEBUG c.u.b.i.p.m.U.selectList - ==> Parameters: US00000000002(String), 1(Integer)
2026-05-29 23:33:51.476 [http-nio-8081-exec-8] DEBUG c.u.b.i.p.m.U.selectList - <==      Total: 1
2026-05-29 23:33:51.476 [http-nio-8081-exec-8] DEBUG org.mybatis.spring.SqlSessionUtils - Closing non transactional SqlSession [org.apache.ibatis.session.defaults.DefaultSqlSession@3c813899]
2026-05-29 23:33:51.478 [http-nio-8081-exec-8] DEBUG org.mybatis.spring.SqlSessionUtils - Creating a new SqlSession
2026-05-29 23:33:51.478 [http-nio-8081-exec-8] DEBUG org.mybatis.spring.SqlSessionUtils - SqlSession [org.apache.ibatis.session.defaults.DefaultSqlSession@2980c988] was not registered for synchronization because synchronization is not active
2026-05-29 23:33:51.478 [http-nio-8081-exec-8] DEBUG o.m.s.t.SpringManagedTransaction - JDBC Connection [HikariProxyConnection@477129169 wrapping com.mysql.cj.jdbc.ConnectionImpl@70a6143d] will not be managed by Spring
2026-05-29 23:33:51.478 [http-nio-8081-exec-8] DEBUG c.u.b.i.p.m.C.selectList - ==>  Preparing: SELECT id,entity_code,name,location,type,logo_url,banner_url,intro,announcement,created_at,updated_at FROM entity_profile WHERE (entity_code = ?) LIMIT 1
2026-05-29 23:33:51.478 [http-nio-8081-exec-8] DEBUG c.u.b.i.p.m.C.selectList - ==> Parameters: 10598(String)
2026-05-29 23:33:51.479 [http-nio-8081-exec-8] DEBUG c.u.b.i.p.m.C.selectList - <==      Total: 1
2026-05-29 23:33:51.479 [http-nio-8081-exec-8] DEBUG org.mybatis.spring.SqlSessionUtils - Closing non transactional SqlSession [org.apache.ibatis.session.defaults.DefaultSqlSession@2980c988]
2026-05-29 23:33:51.480 [http-nio-8081-exec-8] DEBUG org.mybatis.spring.SqlSessionUtils - Creating a new SqlSession
2026-05-29 23:33:51.480 [http-nio-8081-exec-8] DEBUG org.mybatis.spring.SqlSessionUtils - SqlSession [org.apache.ibatis.session.defaults.DefaultSqlSession@7935cc20] was not registered for synchronization because synchronization is not active
2026-05-29 23:33:51.480 [http-nio-8081-exec-8] DEBUG o.m.s.t.SpringManagedTransaction - JDBC Connection [HikariProxyConnection@1448510983 wrapping com.mysql.cj.jdbc.ConnectionImpl@70a6143d] will not be managed by Spring
2026-05-29 23:33:51.480 [http-nio-8081-exec-8] DEBUG c.u.b.i.p.m.C.selectCount - ==>  Preparing: SELECT COUNT( * ) AS total FROM project WHERE (owner_uid = ?) ORDER BY COALESCE(published_at, created_at) DESC, id DESC
2026-05-29 23:33:51.480 [http-nio-8081-exec-8] DEBUG c.u.b.i.p.m.C.selectCount - ==> Parameters: US00000000002(String)
2026-05-29 23:33:51.483 [http-nio-8081-exec-8] DEBUG c.u.b.i.p.m.C.selectCount - <==      Total: 1
2026-05-29 23:33:51.483 [http-nio-8081-exec-8] DEBUG org.mybatis.spring.SqlSessionUtils - Closing non transactional SqlSession [org.apache.ibatis.session.defaults.DefaultSqlSession@7935cc20]
2026-05-29 23:33:51.483 [http-nio-8081-exec-8] DEBUG org.mybatis.spring.SqlSessionUtils - Creating a new SqlSession
2026-05-29 23:33:51.483 [http-nio-8081-exec-8] DEBUG org.mybatis.spring.SqlSessionUtils - SqlSession [org.apache.ibatis.session.defaults.DefaultSqlSession@2776bc89] was not registered for synchronization because synchronization is not active
2026-05-29 23:33:51.485 [http-nio-8081-exec-8] DEBUG o.m.s.t.SpringManagedTransaction - JDBC Connection [HikariProxyConnection@1895112843 wrapping com.mysql.cj.jdbc.ConnectionImpl@70a6143d] will not be managed by Spring
2026-05-29 23:33:51.485 [http-nio-8081-exec-8] DEBUG c.u.b.i.p.m.C.selectCount - ==>  Preparing: SELECT COUNT( * ) AS total FROM note WHERE (user_uid = ? AND status = ?) ORDER BY COALESCE(published_at, created_at) DESC, id DESC
2026-05-29 23:33:51.485 [http-nio-8081-exec-8] DEBUG c.u.b.i.p.m.C.selectCount - ==> Parameters: US00000000002(String), PUBLISHED(String)
2026-05-29 23:33:51.486 [http-nio-8081-exec-8] DEBUG c.u.b.i.p.m.C.selectCount - <==      Total: 1
2026-05-29 23:33:51.486 [http-nio-8081-exec-8] DEBUG org.mybatis.spring.SqlSessionUtils - Closing non transactional SqlSession [org.apache.ibatis.session.defaults.DefaultSqlSession@2776bc89]
2026-05-29 23:33:51.496 [http-nio-8081-exec-8] INFO  c.u.b.i.c.ApiRequestLoggingFilter - [API] GET /api/v1/client/user-profile/home?uid=US00000000002&projectLimit=3&noteLimit=4 -> 200 (122 ms) ip=127.0.0.1 location=局域网
2026-05-29 23:34:02.658 [http-nio-8081-exec-1] DEBUG c.u.b.i.config.IpLocationInterceptor - IP属地解析: ip=127.0.0.1, location=局域网, uri=/api/v1/client/user-profile/menu
2026-05-29 23:34:02.659 [http-nio-8081-exec-5] DEBUG c.u.b.i.config.IpLocationInterceptor - IP属地解析: ip=127.0.0.1, location=局域网, uri=/api/v1/client/notes/TXy1z2a3b4c5d
2026-05-29 23:34:02.658 [http-nio-8081-exec-3] DEBUG c.u.b.i.config.IpLocationInterceptor - IP属地解析: ip=127.0.0.1, location=局域网, uri=/api/v1/client/notes/TXy1z2a3b4c5d
2026-05-29 23:34:02.659 [http-nio-8081-exec-5] INFO  c.u.b.i.c.ApiRequestLoggingFilter - [API] OPTIONS /api/v1/client/notes/TXy1z2a3b4c5d -> 200 (1 ms) ip=127.0.0.1 location=局域网
2026-05-29 23:34:02.659 [http-nio-8081-exec-3] INFO  c.u.b.i.c.ApiRequestLoggingFilter - [API] OPTIONS /api/v1/client/notes/TXy1z2a3b4c5d -> 200 (1 ms) ip=127.0.0.1 location=局域网
2026-05-29 23:34:02.664 [http-nio-8081-exec-2] DEBUG c.u.b.i.config.IpLocationInterceptor - IP属地解析: ip=127.0.0.1, location=局域网, uri=/api/v1/client/notes/TXy1z2a3b4c5d
2026-05-29 23:34:02.664 [http-nio-8081-exec-1] DEBUG org.mybatis.spring.SqlSessionUtils - Creating a new SqlSession
2026-05-29 23:34:02.664 [http-nio-8081-exec-1] DEBUG org.mybatis.spring.SqlSessionUtils - SqlSession [org.apache.ibatis.session.defaults.DefaultSqlSession@64cb07f1] was not registered for synchronization because synchronization is not active
2026-05-29 23:34:02.665 [http-nio-8081-exec-1] DEBUG o.m.s.t.SpringManagedTransaction - JDBC Connection [HikariProxyConnection@1325104610 wrapping com.mysql.cj.jdbc.ConnectionImpl@70a6143d] will not be managed by Spring
2026-05-29 23:34:02.665 [http-nio-8081-exec-1] DEBUG c.u.b.i.p.m.C.selectList - ==>  Preparing: SELECT id,user_uid,phone,email,password_hash,account_status,account_status_changed_at,account_status_remark,last_login_at,created_at,updated_at FROM user WHERE (user_uid = ?) LIMIT 1
2026-05-29 23:34:02.665 [http-nio-8081-exec-1] DEBUG c.u.b.i.p.m.C.selectList - ==> Parameters: USzrFBKQxd5Iq(String)
2026-05-29 23:34:02.666 [http-nio-8081-exec-1] DEBUG c.u.b.i.p.m.C.selectList - <==      Total: 1
2026-05-29 23:34:02.666 [http-nio-8081-exec-1] DEBUG org.mybatis.spring.SqlSessionUtils - Closing non transactional SqlSession [org.apache.ibatis.session.defaults.DefaultSqlSession@64cb07f1]
2026-05-29 23:34:02.667 [http-nio-8081-exec-1] DEBUG org.mybatis.spring.SqlSessionUtils - Creating a new SqlSession
2026-05-29 23:34:02.667 [http-nio-8081-exec-1] DEBUG org.mybatis.spring.SqlSessionUtils - SqlSession [org.apache.ibatis.session.defaults.DefaultSqlSession@3f207ba8] was not registered for synchronization because synchronization is not active
2026-05-29 23:34:02.667 [http-nio-8081-exec-1] DEBUG o.m.s.t.SpringManagedTransaction - JDBC Connection [HikariProxyConnection@65541938 wrapping com.mysql.cj.jdbc.ConnectionImpl@70a6143d] will not be managed by Spring
2026-05-29 23:34:02.667 [http-nio-8081-exec-1] DEBUG c.u.b.i.p.m.C.selectList - ==>  Preparing: SELECT id,user_uid,nick_name,real_name,avatar_url,current_entity_name,level,bio_data,career_data,intro,announcement,created_at,updated_at FROM user_profile WHERE (user_uid = ?) LIMIT 1
2026-05-29 23:34:02.668 [http-nio-8081-exec-1] DEBUG c.u.b.i.p.m.C.selectList - ==> Parameters: USzrFBKQxd5Iq(String)
2026-05-29 23:34:02.669 [http-nio-8081-exec-1] DEBUG c.u.b.i.p.m.C.selectList - <==      Total: 1
2026-05-29 23:34:02.669 [http-nio-8081-exec-1] DEBUG org.mybatis.spring.SqlSessionUtils - Closing non transactional SqlSession [org.apache.ibatis.session.defaults.DefaultSqlSession@3f207ba8]
2026-05-29 23:34:02.669 [http-nio-8081-exec-2] DEBUG org.mybatis.spring.SqlSessionUtils - Creating a new SqlSession
2026-05-29 23:34:02.670 [http-nio-8081-exec-2] DEBUG org.mybatis.spring.SqlSessionUtils - Registering transaction synchronization for SqlSession [org.apache.ibatis.session.defaults.DefaultSqlSession@742e29e0]
2026-05-29 23:34:02.670 [http-nio-8081-exec-1] INFO  c.u.b.i.c.ApiRequestLoggingFilter - [API] GET /api/v1/client/user-profile/menu?uid=USzrFBKQxd5Iq -> 200 (12 ms) ip=127.0.0.1 location=局域网
2026-05-29 23:34:02.671 [http-nio-8081-exec-2] DEBUG o.m.s.t.SpringManagedTransaction - JDBC Connection [HikariProxyConnection@290439090 wrapping com.mysql.cj.jdbc.ConnectionImpl@34a74f45] will be managed by Spring
2026-05-29 23:34:02.671 [http-nio-8081-exec-2] DEBUG c.u.b.i.p.m.C.selectList - ==>  Preparing: SELECT id,user_uid,content_type_code,extended_uid,title,summary,editor_type,content,cover_url,video_url,video_duration,tags,view_count,like_count,collect_count,comment_count,status,published_at,created_at,updated_at FROM note WHERE (content_type_code = ?) LIMIT 1
2026-05-29 23:34:02.671 [http-nio-8081-exec-2] DEBUG c.u.b.i.p.m.C.selectList - ==> Parameters: TXy1z2a3b4c5d(String)
2026-05-29 23:34:02.673 [http-nio-8081-exec-10] DEBUG c.u.b.i.config.IpLocationInterceptor - IP属地解析: ip=127.0.0.1, location=局域网, uri=/api/v1/client/user-profile/menu
2026-05-29 23:34:02.674 [http-nio-8081-exec-2] DEBUG c.u.b.i.p.m.C.selectList - <==      Total: 1
2026-05-29 23:34:02.674 [http-nio-8081-exec-2] DEBUG org.mybatis.spring.SqlSessionUtils - Releasing transactional SqlSession [org.apache.ibatis.session.defaults.DefaultSqlSession@742e29e0]
2026-05-29 23:34:02.677 [http-nio-8081-exec-10] DEBUG org.mybatis.spring.SqlSessionUtils - Creating a new SqlSession
2026-05-29 23:34:02.677 [http-nio-8081-exec-10] DEBUG org.mybatis.spring.SqlSessionUtils - SqlSession [org.apache.ibatis.session.defaults.DefaultSqlSession@2d4aa7c] was not registered for synchronization because synchronization is not active
2026-05-29 23:34:02.678 [http-nio-8081-exec-10] DEBUG o.m.s.t.SpringManagedTransaction - JDBC Connection [HikariProxyConnection@795264978 wrapping com.mysql.cj.jdbc.ConnectionImpl@70a6143d] will not be managed by Spring
2026-05-29 23:34:02.678 [http-nio-8081-exec-10] DEBUG c.u.b.i.p.m.C.selectList - ==>  Preparing: SELECT id,user_uid,phone,email,password_hash,account_status,account_status_changed_at,account_status_remark,last_login_at,created_at,updated_at FROM user WHERE (user_uid = ?) LIMIT 1
2026-05-29 23:34:02.678 [http-nio-8081-exec-10] DEBUG c.u.b.i.p.m.C.selectList - ==> Parameters: USzrFBKQxd5Iq(String)
2026-05-29 23:34:02.680 [http-nio-8081-exec-10] DEBUG c.u.b.i.p.m.C.selectList - <==      Total: 1
2026-05-29 23:34:02.680 [http-nio-8081-exec-10] DEBUG org.mybatis.spring.SqlSessionUtils - Closing non transactional SqlSession [org.apache.ibatis.session.defaults.DefaultSqlSession@2d4aa7c]
2026-05-29 23:34:02.680 [http-nio-8081-exec-2] DEBUG org.mybatis.spring.SqlSessionUtils - Fetched SqlSession [org.apache.ibatis.session.defaults.DefaultSqlSession@742e29e0] from current transaction
2026-05-29 23:34:02.680 [http-nio-8081-exec-10] DEBUG org.mybatis.spring.SqlSessionUtils - Creating a new SqlSession
2026-05-29 23:34:02.680 [http-nio-8081-exec-10] DEBUG org.mybatis.spring.SqlSessionUtils - SqlSession [org.apache.ibatis.session.defaults.DefaultSqlSession@444b273d] was not registered for synchronization because synchronization is not active
2026-05-29 23:34:02.681 [http-nio-8081-exec-10] DEBUG o.m.s.t.SpringManagedTransaction - JDBC Connection [HikariProxyConnection@1676407426 wrapping com.mysql.cj.jdbc.ConnectionImpl@70a6143d] will not be managed by Spring
2026-05-29 23:34:02.681 [http-nio-8081-exec-10] DEBUG c.u.b.i.p.m.C.selectList - ==>  Preparing: SELECT id,user_uid,nick_name,real_name,avatar_url,current_entity_name,level,bio_data,career_data,intro,announcement,created_at,updated_at FROM user_profile WHERE (user_uid = ?) LIMIT 1
2026-05-29 23:34:02.681 [http-nio-8081-exec-10] DEBUG c.u.b.i.p.m.C.selectList - ==> Parameters: USzrFBKQxd5Iq(String)
2026-05-29 23:34:02.681 [http-nio-8081-exec-2] DEBUG c.u.b.i.p.m.ClientNoteMapper.update - ==>  Preparing: UPDATE note SET view_count = COALESCE(view_count, 0) + 1 WHERE (id = ?)
2026-05-29 23:34:02.683 [http-nio-8081-exec-10] DEBUG c.u.b.i.p.m.C.selectList - <==      Total: 1
2026-05-29 23:34:02.683 [http-nio-8081-exec-10] DEBUG org.mybatis.spring.SqlSessionUtils - Closing non transactional SqlSession [org.apache.ibatis.session.defaults.DefaultSqlSession@444b273d]
2026-05-29 23:34:02.684 [http-nio-8081-exec-10] INFO  c.u.b.i.c.ApiRequestLoggingFilter - [API] GET /api/v1/client/user-profile/menu?uid=USzrFBKQxd5Iq -> 200 (12 ms) ip=127.0.0.1 location=局域网
2026-05-29 23:34:02.689 [http-nio-8081-exec-2] DEBUG c.u.b.i.p.m.ClientNoteMapper.update - ==> Parameters: 8(Long)
2026-05-29 23:34:02.693 [http-nio-8081-exec-2] DEBUG c.u.b.i.p.m.ClientNoteMapper.update - <==    Updates: 1
2026-05-29 23:34:02.693 [http-nio-8081-exec-2] DEBUG org.mybatis.spring.SqlSessionUtils - Releasing transactional SqlSession [org.apache.ibatis.session.defaults.DefaultSqlSession@742e29e0]
2026-05-29 23:34:02.693 [http-nio-8081-exec-2] DEBUG org.mybatis.spring.SqlSessionUtils - Fetched SqlSession [org.apache.ibatis.session.defaults.DefaultSqlSession@742e29e0] from current transaction
2026-05-29 23:34:02.694 [http-nio-8081-exec-2] DEBUG c.u.b.i.p.m.C.selectById - ==>  Preparing: SELECT id,user_uid,content_type_code,extended_uid,title,summary,editor_type,content,cover_url,video_url,video_duration,tags,view_count,like_count,collect_count,comment_count,status,published_at,created_at,updated_at FROM note WHERE id=?
2026-05-29 23:34:02.694 [http-nio-8081-exec-2] DEBUG c.u.b.i.p.m.C.selectById - ==> Parameters: 8(Long)
2026-05-29 23:34:02.695 [http-nio-8081-exec-2] DEBUG c.u.b.i.p.m.C.selectById - <==      Total: 1
2026-05-29 23:34:02.696 [http-nio-8081-exec-2] DEBUG org.mybatis.spring.SqlSessionUtils - Releasing transactional SqlSession [org.apache.ibatis.session.defaults.DefaultSqlSession@742e29e0]
2026-05-29 23:34:02.697 [http-nio-8081-exec-2] DEBUG org.mybatis.spring.SqlSessionUtils - Fetched SqlSession [org.apache.ibatis.session.defaults.DefaultSqlSession@742e29e0] from current transaction
2026-05-29 23:34:02.697 [http-nio-8081-exec-2] DEBUG c.u.b.i.p.m.C.selectList - ==>  Preparing: SELECT id,user_uid,nick_name,real_name,avatar_url,current_entity_name,level,bio_data,career_data,intro,announcement,created_at,updated_at FROM user_profile WHERE (user_uid = ?) LIMIT 1
2026-05-29 23:34:02.698 [http-nio-8081-exec-2] DEBUG c.u.b.i.p.m.C.selectList - ==> Parameters: US00000000002(String)
2026-05-29 23:34:02.699 [http-nio-8081-exec-2] DEBUG c.u.b.i.p.m.C.selectList - <==      Total: 1
2026-05-29 23:34:02.699 [http-nio-8081-exec-2] DEBUG org.mybatis.spring.SqlSessionUtils - Releasing transactional SqlSession [org.apache.ibatis.session.defaults.DefaultSqlSession@742e29e0]
2026-05-29 23:34:02.710 [http-nio-8081-exec-2] DEBUG org.mybatis.spring.SqlSessionUtils - Transaction synchronization committing SqlSession [org.apache.ibatis.session.defaults.DefaultSqlSession@742e29e0]
2026-05-29 23:34:02.710 [http-nio-8081-exec-2] DEBUG org.mybatis.spring.SqlSessionUtils - Transaction synchronization deregistering SqlSession [org.apache.ibatis.session.defaults.DefaultSqlSession@742e29e0]
2026-05-29 23:34:02.710 [http-nio-8081-exec-2] DEBUG org.mybatis.spring.SqlSessionUtils - Transaction synchronization closing SqlSession [org.apache.ibatis.session.defaults.DefaultSqlSession@742e29e0]
2026-05-29 23:34:02.735 [http-nio-8081-exec-2] INFO  c.u.b.i.c.ApiRequestLoggingFilter - [API] GET /api/v1/client/notes/TXy1z2a3b4c5d -> 200 (73 ms) ip=127.0.0.1 location=局域网
2026-05-29 23:34:02.738 [http-nio-8081-exec-4] DEBUG c.u.b.i.config.IpLocationInterceptor - IP属地解析: ip=127.0.0.1, location=局域网, uri=/api/v1/client/notes/TXy1z2a3b4c5d
2026-05-29 23:34:02.740 [http-nio-8081-exec-4] DEBUG org.mybatis.spring.SqlSessionUtils - Creating a new SqlSession
2026-05-29 23:34:02.740 [http-nio-8081-exec-4] DEBUG org.mybatis.spring.SqlSessionUtils - Registering transaction synchronization for SqlSession [org.apache.ibatis.session.defaults.DefaultSqlSession@526495f7]
2026-05-29 23:34:02.741 [http-nio-8081-exec-4] DEBUG o.m.s.t.SpringManagedTransaction - JDBC Connection [HikariProxyConnection@1245436407 wrapping com.mysql.cj.jdbc.ConnectionImpl@70a6143d] will be managed by Spring
2026-05-29 23:34:02.741 [http-nio-8081-exec-4] DEBUG c.u.b.i.p.m.C.selectList - ==>  Preparing: SELECT id,user_uid,content_type_code,extended_uid,title,summary,editor_type,content,cover_url,video_url,video_duration,tags,view_count,like_count,collect_count,comment_count,status,published_at,created_at,updated_at FROM note WHERE (content_type_code = ?) LIMIT 1
2026-05-29 23:34:02.741 [http-nio-8081-exec-4] DEBUG c.u.b.i.p.m.C.selectList - ==> Parameters: TXy1z2a3b4c5d(String)
2026-05-29 23:34:02.743 [http-nio-8081-exec-4] DEBUG c.u.b.i.p.m.C.selectList - <==      Total: 1
2026-05-29 23:34:02.743 [http-nio-8081-exec-4] DEBUG org.mybatis.spring.SqlSessionUtils - Releasing transactional SqlSession [org.apache.ibatis.session.defaults.DefaultSqlSession@526495f7]
2026-05-29 23:34:02.748 [http-nio-8081-exec-4] DEBUG org.mybatis.spring.SqlSessionUtils - Fetched SqlSession [org.apache.ibatis.session.defaults.DefaultSqlSession@526495f7] from current transaction
2026-05-29 23:34:02.748 [http-nio-8081-exec-4] DEBUG c.u.b.i.p.m.C.selectList - ==>  Preparing: SELECT id,user_uid,nick_name,real_name,avatar_url,current_entity_name,level,bio_data,career_data,intro,announcement,created_at,updated_at FROM user_profile WHERE (user_uid = ?) LIMIT 1
2026-05-29 23:34:02.749 [http-nio-8081-exec-4] DEBUG c.u.b.i.p.m.C.selectList - ==> Parameters: US00000000002(String)
2026-05-29 23:34:02.750 [http-nio-8081-exec-4] DEBUG c.u.b.i.p.m.C.selectList - <==      Total: 1
2026-05-29 23:34:02.750 [http-nio-8081-exec-4] DEBUG org.mybatis.spring.SqlSessionUtils - Releasing transactional SqlSession [org.apache.ibatis.session.defaults.DefaultSqlSession@526495f7]
2026-05-29 23:34:02.751 [http-nio-8081-exec-4] DEBUG org.mybatis.spring.SqlSessionUtils - Transaction synchronization committing SqlSession [org.apache.ibatis.session.defaults.DefaultSqlSession@526495f7]
2026-05-29 23:34:02.751 [http-nio-8081-exec-4] DEBUG org.mybatis.spring.SqlSessionUtils - Transaction synchronization deregistering SqlSession [org.apache.ibatis.session.defaults.DefaultSqlSession@526495f7]
2026-05-29 23:34:02.751 [http-nio-8081-exec-4] DEBUG org.mybatis.spring.SqlSessionUtils - Transaction synchronization closing SqlSession [org.apache.ibatis.session.defaults.DefaultSqlSession@526495f7]
2026-05-29 23:34:02.752 [http-nio-8081-exec-4] INFO  c.u.b.i.c.ApiRequestLoggingFilter - [API] GET /api/v1/client/notes/TXy1z2a3b4c5d -> 200 (15 ms) ip=127.0.0.1 location=局域网
2026-05-29 23:34:02.800 [http-nio-8081-exec-9] DEBUG c.u.b.i.config.IpLocationInterceptor - IP属地解析: ip=127.0.0.1, location=局域网, uri=/api/v1/client/feed/events
2026-05-29 23:34:02.810 [http-nio-8081-exec-9] DEBUG org.mybatis.spring.SqlSessionUtils - Creating a new SqlSession
2026-05-29 23:34:02.810 [http-nio-8081-exec-9] DEBUG org.mybatis.spring.SqlSessionUtils - Registering transaction synchronization for SqlSession [org.apache.ibatis.session.defaults.DefaultSqlSession@8d8f397]
2026-05-29 23:34:02.812 [http-nio-8081-exec-9] DEBUG o.m.s.t.SpringManagedTransaction - JDBC Connection [HikariProxyConnection@1639954173 wrapping com.mysql.cj.jdbc.ConnectionImpl@34a74f45] will be managed by Spring
2026-05-29 23:34:02.812 [http-nio-8081-exec-9] DEBUG c.u.b.i.p.m.U.update - ==>  Preparing: UPDATE user_tag_interests SET weight = weight + 0.5 WHERE (user_uid = ? AND tag = ?)
2026-05-29 23:34:02.812 [http-nio-8081-exec-9] DEBUG c.u.b.i.p.m.U.update - ==> Parameters: USzrFBKQxd5Iq(String), Docker(String)
2026-05-29 23:34:02.843 [http-nio-8081-exec-9] DEBUG c.u.b.i.p.m.U.update - <==    Updates: 0
2026-05-29 23:34:02.843 [http-nio-8081-exec-9] DEBUG org.mybatis.spring.SqlSessionUtils - Releasing transactional SqlSession [org.apache.ibatis.session.defaults.DefaultSqlSession@8d8f397]
2026-05-29 23:34:02.843 [http-nio-8081-exec-9] DEBUG org.mybatis.spring.SqlSessionUtils - Fetched SqlSession [org.apache.ibatis.session.defaults.DefaultSqlSession@8d8f397] from current transaction
2026-05-29 23:34:02.843 [http-nio-8081-exec-9] DEBUG c.u.b.i.p.m.U.insert - ==>  Preparing: INSERT INTO user_tag_interests ( user_uid, tag, weight ) VALUES ( ?, ?, ? )
2026-05-29 23:34:02.847 [http-nio-8081-exec-9] DEBUG c.u.b.i.p.m.U.insert - ==> Parameters: USzrFBKQxd5Iq(String), Docker(String), 0.5(BigDecimal)
2026-05-29 23:34:02.867 [http-nio-8081-exec-9] DEBUG c.u.b.i.p.m.U.insert - <==    Updates: 1
2026-05-29 23:34:02.868 [http-nio-8081-exec-9] DEBUG org.mybatis.spring.SqlSessionUtils - Releasing transactional SqlSession [org.apache.ibatis.session.defaults.DefaultSqlSession@8d8f397]
2026-05-29 23:34:02.868 [http-nio-8081-exec-9] DEBUG org.mybatis.spring.SqlSessionUtils - Fetched SqlSession [org.apache.ibatis.session.defaults.DefaultSqlSession@8d8f397] from current transaction
2026-05-29 23:34:02.868 [http-nio-8081-exec-9] DEBUG c.u.b.i.p.m.U.update - ==>  Preparing: UPDATE user_tag_interests SET weight = weight + 0.5 WHERE (user_uid = ? AND tag = ?)
2026-05-29 23:34:02.869 [http-nio-8081-exec-9] DEBUG c.u.b.i.p.m.U.update - ==> Parameters: USzrFBKQxd5Iq(String), DevOps(String)
2026-05-29 23:34:02.873 [http-nio-8081-exec-9] DEBUG c.u.b.i.p.m.U.update - <==    Updates: 0
2026-05-29 23:34:02.873 [http-nio-8081-exec-9] DEBUG org.mybatis.spring.SqlSessionUtils - Releasing transactional SqlSession [org.apache.ibatis.session.defaults.DefaultSqlSession@8d8f397]
2026-05-29 23:34:02.873 [http-nio-8081-exec-9] DEBUG org.mybatis.spring.SqlSessionUtils - Fetched SqlSession [org.apache.ibatis.session.defaults.DefaultSqlSession@8d8f397] from current transaction
2026-05-29 23:34:02.874 [http-nio-8081-exec-9] DEBUG c.u.b.i.p.m.U.insert - ==>  Preparing: INSERT INTO user_tag_interests ( user_uid, tag, weight ) VALUES ( ?, ?, ? )
2026-05-29 23:34:02.874 [http-nio-8081-exec-9] DEBUG c.u.b.i.p.m.U.insert - ==> Parameters: USzrFBKQxd5Iq(String), DevOps(String), 0.5(BigDecimal)
2026-05-29 23:34:02.879 [http-nio-8081-exec-9] DEBUG c.u.b.i.p.m.U.insert - <==    Updates: 1
2026-05-29 23:34:02.879 [http-nio-8081-exec-9] DEBUG org.mybatis.spring.SqlSessionUtils - Releasing transactional SqlSession [org.apache.ibatis.session.defaults.DefaultSqlSession@8d8f397]
2026-05-29 23:34:02.879 [http-nio-8081-exec-9] DEBUG org.mybatis.spring.SqlSessionUtils - Fetched SqlSession [org.apache.ibatis.session.defaults.DefaultSqlSession@8d8f397] from current transaction
2026-05-29 23:34:02.879 [http-nio-8081-exec-9] DEBUG c.u.b.i.p.m.U.update - ==>  Preparing: UPDATE user_tag_interests SET weight = weight + 0.5 WHERE (user_uid = ? AND tag = ?)
2026-05-29 23:34:02.880 [http-nio-8081-exec-9] DEBUG c.u.b.i.p.m.U.update - ==> Parameters: USzrFBKQxd5Iq(String), 部署(String)
2026-05-29 23:34:02.880 [http-nio-8081-exec-9] DEBUG c.u.b.i.p.m.U.update - <==    Updates: 0
2026-05-29 23:34:02.880 [http-nio-8081-exec-9] DEBUG org.mybatis.spring.SqlSessionUtils - Releasing transactional SqlSession [org.apache.ibatis.session.defaults.DefaultSqlSession@8d8f397]
2026-05-29 23:34:02.880 [http-nio-8081-exec-9] DEBUG org.mybatis.spring.SqlSessionUtils - Fetched SqlSession [org.apache.ibatis.session.defaults.DefaultSqlSession@8d8f397] from current transaction
2026-05-29 23:34:02.884 [http-nio-8081-exec-9] DEBUG c.u.b.i.p.m.U.insert - ==>  Preparing: INSERT INTO user_tag_interests ( user_uid, tag, weight ) VALUES ( ?, ?, ? )
2026-05-29 23:34:02.884 [http-nio-8081-exec-9] DEBUG c.u.b.i.p.m.U.insert - ==> Parameters: USzrFBKQxd5Iq(String), 部署(String), 0.5(BigDecimal)
2026-05-29 23:34:02.885 [http-nio-8081-exec-9] DEBUG c.u.b.i.p.m.U.insert - <==    Updates: 1
2026-05-29 23:34:02.894 [http-nio-8081-exec-9] DEBUG org.mybatis.spring.SqlSessionUtils - Releasing transactional SqlSession [org.apache.ibatis.session.defaults.DefaultSqlSession@8d8f397]
2026-05-29 23:34:02.894 [http-nio-8081-exec-9] DEBUG c.u.b.d.feed.FeedBehaviorService - Feed behavior tracked: userUid=USzrFBKQxd5Iq, event=VIEW_DETAIL, target=NOTE/TXy1z2a3b4c5d, tags=[Docker, DevOps, 部署]
2026-05-29 23:34:02.894 [http-nio-8081-exec-9] DEBUG org.mybatis.spring.SqlSessionUtils - Transaction synchronization committing SqlSession [org.apache.ibatis.session.defaults.DefaultSqlSession@8d8f397]
2026-05-29 23:34:02.894 [http-nio-8081-exec-9] DEBUG org.mybatis.spring.SqlSessionUtils - Transaction synchronization deregistering SqlSession [org.apache.ibatis.session.defaults.DefaultSqlSession@8d8f397]
2026-05-29 23:34:02.894 [http-nio-8081-exec-9] DEBUG org.mybatis.spring.SqlSessionUtils - Transaction synchronization closing SqlSession [org.apache.ibatis.session.defaults.DefaultSqlSession@8d8f397]
2026-05-29 23:34:02.936 [http-nio-8081-exec-9] INFO  c.u.b.i.c.ApiRequestLoggingFilter - [API] POST /api/v1/client/feed/events -> 200 (139 ms) ip=127.0.0.1 location=局域网
2026-05-29 23:34:07.774 [http-nio-8081-exec-8] DEBUG c.u.b.i.config.IpLocationInterceptor - IP属地解析: ip=127.0.0.1, location=局域网, uri=/api/v1/client/user-profile/menu
2026-05-29 23:34:07.774 [http-nio-8081-exec-6] DEBUG c.u.b.i.config.IpLocationInterceptor - IP属地解析: ip=127.0.0.1, location=局域网, uri=/api/v1/client/notes/TXf6g7h8i9j0k
2026-05-29 23:34:07.774 [http-nio-8081-exec-7] DEBUG c.u.b.i.config.IpLocationInterceptor - IP属地解析: ip=127.0.0.1, location=局域网, uri=/api/v1/client/notes/TXf6g7h8i9j0k
2026-05-29 23:34:07.774 [http-nio-8081-exec-6] INFO  c.u.b.i.c.ApiRequestLoggingFilter - [API] OPTIONS /api/v1/client/notes/TXf6g7h8i9j0k -> 200 (0 ms) ip=127.0.0.1 location=局域网
2026-05-29 23:34:07.774 [http-nio-8081-exec-7] INFO  c.u.b.i.c.ApiRequestLoggingFilter - [API] OPTIONS /api/v1/client/notes/TXf6g7h8i9j0k -> 200 (0 ms) ip=127.0.0.1 location=局域网
2026-05-29 23:34:07.779 [http-nio-8081-exec-3] DEBUG c.u.b.i.config.IpLocationInterceptor - IP属地解析: ip=127.0.0.1, location=局域网, uri=/api/v1/client/notes/TXf6g7h8i9j0k
2026-05-29 23:34:07.780 [http-nio-8081-exec-3] DEBUG org.mybatis.spring.SqlSessionUtils - Creating a new SqlSession
2026-05-29 23:34:07.780 [http-nio-8081-exec-8] DEBUG org.mybatis.spring.SqlSessionUtils - Creating a new SqlSession
2026-05-29 23:34:07.780 [http-nio-8081-exec-8] DEBUG org.mybatis.spring.SqlSessionUtils - SqlSession [org.apache.ibatis.session.defaults.DefaultSqlSession@12790fe2] was not registered for synchronization because synchronization is not active
2026-05-29 23:34:07.780 [http-nio-8081-exec-3] DEBUG org.mybatis.spring.SqlSessionUtils - Registering transaction synchronization for SqlSession [org.apache.ibatis.session.defaults.DefaultSqlSession@e270f79]
2026-05-29 23:34:07.781 [http-nio-8081-exec-3] DEBUG o.m.s.t.SpringManagedTransaction - JDBC Connection [HikariProxyConnection@2057552906 wrapping com.mysql.cj.jdbc.ConnectionImpl@70a6143d] will be managed by Spring
2026-05-29 23:34:07.781 [http-nio-8081-exec-3] DEBUG c.u.b.i.p.m.C.selectList - ==>  Preparing: SELECT id,user_uid,content_type_code,extended_uid,title,summary,editor_type,content,cover_url,video_url,video_duration,tags,view_count,like_count,collect_count,comment_count,status,published_at,created_at,updated_at FROM note WHERE (content_type_code = ?) LIMIT 1
2026-05-29 23:34:07.781 [http-nio-8081-exec-8] DEBUG o.m.s.t.SpringManagedTransaction - JDBC Connection [HikariProxyConnection@673013955 wrapping com.mysql.cj.jdbc.ConnectionImpl@34a74f45] will not be managed by Spring
2026-05-29 23:34:07.781 [http-nio-8081-exec-8] DEBUG c.u.b.i.p.m.C.selectList - ==>  Preparing: SELECT id,user_uid,phone,email,password_hash,account_status,account_status_changed_at,account_status_remark,last_login_at,created_at,updated_at FROM user WHERE (user_uid = ?) LIMIT 1
2026-05-29 23:34:07.781 [http-nio-8081-exec-3] DEBUG c.u.b.i.p.m.C.selectList - ==> Parameters: TXf6g7h8i9j0k(String)
2026-05-29 23:34:07.781 [http-nio-8081-exec-8] DEBUG c.u.b.i.p.m.C.selectList - ==> Parameters: USzrFBKQxd5Iq(String)
2026-05-29 23:34:07.782 [http-nio-8081-exec-3] DEBUG c.u.b.i.p.m.C.selectList - <==      Total: 1
2026-05-29 23:34:07.782 [http-nio-8081-exec-8] DEBUG c.u.b.i.p.m.C.selectList - <==      Total: 1
2026-05-29 23:34:07.782 [http-nio-8081-exec-3] DEBUG org.mybatis.spring.SqlSessionUtils - Releasing transactional SqlSession [org.apache.ibatis.session.defaults.DefaultSqlSession@e270f79]
2026-05-29 23:34:07.782 [http-nio-8081-exec-8] DEBUG org.mybatis.spring.SqlSessionUtils - Closing non transactional SqlSession [org.apache.ibatis.session.defaults.DefaultSqlSession@12790fe2]
2026-05-29 23:34:07.784 [http-nio-8081-exec-8] DEBUG org.mybatis.spring.SqlSessionUtils - Creating a new SqlSession
2026-05-29 23:34:07.784 [http-nio-8081-exec-8] DEBUG org.mybatis.spring.SqlSessionUtils - SqlSession [org.apache.ibatis.session.defaults.DefaultSqlSession@34290d0e] was not registered for synchronization because synchronization is not active
2026-05-29 23:34:07.785 [http-nio-8081-exec-8] DEBUG o.m.s.t.SpringManagedTransaction - JDBC Connection [HikariProxyConnection@1853166198 wrapping com.mysql.cj.jdbc.ConnectionImpl@34a74f45] will not be managed by Spring
2026-05-29 23:34:07.785 [http-nio-8081-exec-8] DEBUG c.u.b.i.p.m.C.selectList - ==>  Preparing: SELECT id,user_uid,nick_name,real_name,avatar_url,current_entity_name,level,bio_data,career_data,intro,announcement,created_at,updated_at FROM user_profile WHERE (user_uid = ?) LIMIT 1
2026-05-29 23:34:07.785 [http-nio-8081-exec-8] DEBUG c.u.b.i.p.m.C.selectList - ==> Parameters: USzrFBKQxd5Iq(String)
2026-05-29 23:34:07.787 [http-nio-8081-exec-8] DEBUG c.u.b.i.p.m.C.selectList - <==      Total: 1
2026-05-29 23:34:07.787 [http-nio-8081-exec-8] DEBUG org.mybatis.spring.SqlSessionUtils - Closing non transactional SqlSession [org.apache.ibatis.session.defaults.DefaultSqlSession@34290d0e]
2026-05-29 23:34:07.788 [http-nio-8081-exec-8] INFO  c.u.b.i.c.ApiRequestLoggingFilter - [API] GET /api/v1/client/user-profile/menu?uid=USzrFBKQxd5Iq -> 200 (14 ms) ip=127.0.0.1 location=局域网
2026-05-29 23:34:07.790 [http-nio-8081-exec-5] DEBUG c.u.b.i.config.IpLocationInterceptor - IP属地解析: ip=127.0.0.1, location=局域网, uri=/api/v1/client/user-profile/menu
2026-05-29 23:34:07.794 [http-nio-8081-exec-3] DEBUG org.mybatis.spring.SqlSessionUtils - Fetched SqlSession [org.apache.ibatis.session.defaults.DefaultSqlSession@e270f79] from current transaction
2026-05-29 23:34:07.794 [http-nio-8081-exec-5] DEBUG org.mybatis.spring.SqlSessionUtils - Creating a new SqlSession
2026-05-29 23:34:07.795 [http-nio-8081-exec-5] DEBUG org.mybatis.spring.SqlSessionUtils - SqlSession [org.apache.ibatis.session.defaults.DefaultSqlSession@3bde4195] was not registered for synchronization because synchronization is not active
2026-05-29 23:34:07.795 [http-nio-8081-exec-3] DEBUG c.u.b.i.p.m.ClientNoteMapper.update - ==>  Preparing: UPDATE note SET view_count = COALESCE(view_count, 0) + 1 WHERE (id = ?)
2026-05-29 23:34:07.795 [http-nio-8081-exec-5] DEBUG o.m.s.t.SpringManagedTransaction - JDBC Connection [HikariProxyConnection@917200046 wrapping com.mysql.cj.jdbc.ConnectionImpl@34a74f45] will not be managed by Spring
2026-05-29 23:34:07.795 [http-nio-8081-exec-5] DEBUG c.u.b.i.p.m.C.selectList - ==>  Preparing: SELECT id,user_uid,phone,email,password_hash,account_status,account_status_changed_at,account_status_remark,last_login_at,created_at,updated_at FROM user WHERE (user_uid = ?) LIMIT 1
2026-05-29 23:34:07.795 [http-nio-8081-exec-5] DEBUG c.u.b.i.p.m.C.selectList - ==> Parameters: USzrFBKQxd5Iq(String)
2026-05-29 23:34:07.796 [http-nio-8081-exec-5] DEBUG c.u.b.i.p.m.C.selectList - <==      Total: 1
2026-05-29 23:34:07.796 [http-nio-8081-exec-5] DEBUG org.mybatis.spring.SqlSessionUtils - Closing non transactional SqlSession [org.apache.ibatis.session.defaults.DefaultSqlSession@3bde4195]
2026-05-29 23:34:07.796 [http-nio-8081-exec-5] DEBUG org.mybatis.spring.SqlSessionUtils - Creating a new SqlSession
2026-05-29 23:34:07.797 [http-nio-8081-exec-5] DEBUG org.mybatis.spring.SqlSessionUtils - SqlSession [org.apache.ibatis.session.defaults.DefaultSqlSession@696b2b6e] was not registered for synchronization because synchronization is not active
2026-05-29 23:34:07.797 [http-nio-8081-exec-3] DEBUG c.u.b.i.p.m.ClientNoteMapper.update - ==> Parameters: 5(Long)
2026-05-29 23:34:07.798 [http-nio-8081-exec-5] DEBUG o.m.s.t.SpringManagedTransaction - JDBC Connection [HikariProxyConnection@552602943 wrapping com.mysql.cj.jdbc.ConnectionImpl@34a74f45] will not be managed by Spring
2026-05-29 23:34:07.798 [http-nio-8081-exec-5] DEBUG c.u.b.i.p.m.C.selectList - ==>  Preparing: SELECT id,user_uid,nick_name,real_name,avatar_url,current_entity_name,level,bio_data,career_data,intro,announcement,created_at,updated_at FROM user_profile WHERE (user_uid = ?) LIMIT 1
2026-05-29 23:34:07.798 [http-nio-8081-exec-5] DEBUG c.u.b.i.p.m.C.selectList - ==> Parameters: USzrFBKQxd5Iq(String)
2026-05-29 23:34:07.801 [http-nio-8081-exec-5] DEBUG c.u.b.i.p.m.C.selectList - <==      Total: 1
2026-05-29 23:34:07.801 [http-nio-8081-exec-5] DEBUG org.mybatis.spring.SqlSessionUtils - Closing non transactional SqlSession [org.apache.ibatis.session.defaults.DefaultSqlSession@696b2b6e]
2026-05-29 23:34:07.802 [http-nio-8081-exec-5] INFO  c.u.b.i.c.ApiRequestLoggingFilter - [API] GET /api/v1/client/user-profile/menu?uid=USzrFBKQxd5Iq -> 200 (13 ms) ip=127.0.0.1 location=局域网
2026-05-29 23:34:07.803 [http-nio-8081-exec-3] DEBUG c.u.b.i.p.m.ClientNoteMapper.update - <==    Updates: 1
2026-05-29 23:34:07.803 [http-nio-8081-exec-3] DEBUG org.mybatis.spring.SqlSessionUtils - Releasing transactional SqlSession [org.apache.ibatis.session.defaults.DefaultSqlSession@e270f79]
2026-05-29 23:34:07.803 [http-nio-8081-exec-3] DEBUG org.mybatis.spring.SqlSessionUtils - Fetched SqlSession [org.apache.ibatis.session.defaults.DefaultSqlSession@e270f79] from current transaction
2026-05-29 23:34:07.803 [http-nio-8081-exec-3] DEBUG c.u.b.i.p.m.C.selectById - ==>  Preparing: SELECT id,user_uid,content_type_code,extended_uid,title,summary,editor_type,content,cover_url,video_url,video_duration,tags,view_count,like_count,collect_count,comment_count,status,published_at,created_at,updated_at FROM note WHERE id=?
2026-05-29 23:34:07.804 [http-nio-8081-exec-3] DEBUG c.u.b.i.p.m.C.selectById - ==> Parameters: 5(Long)
2026-05-29 23:34:07.805 [http-nio-8081-exec-3] DEBUG c.u.b.i.p.m.C.selectById - <==      Total: 1
2026-05-29 23:34:07.806 [http-nio-8081-exec-3] DEBUG org.mybatis.spring.SqlSessionUtils - Releasing transactional SqlSession [org.apache.ibatis.session.defaults.DefaultSqlSession@e270f79]
2026-05-29 23:34:07.806 [http-nio-8081-exec-3] DEBUG org.mybatis.spring.SqlSessionUtils - Fetched SqlSession [org.apache.ibatis.session.defaults.DefaultSqlSession@e270f79] from current transaction
2026-05-29 23:34:07.806 [http-nio-8081-exec-3] DEBUG c.u.b.i.p.m.C.selectList - ==>  Preparing: SELECT id,user_uid,nick_name,real_name,avatar_url,current_entity_name,level,bio_data,career_data,intro,announcement,created_at,updated_at FROM user_profile WHERE (user_uid = ?) LIMIT 1
2026-05-29 23:34:07.807 [http-nio-8081-exec-3] DEBUG c.u.b.i.p.m.C.selectList - ==> Parameters: US00000000002(String)
2026-05-29 23:34:07.808 [http-nio-8081-exec-3] DEBUG c.u.b.i.p.m.C.selectList - <==      Total: 1
2026-05-29 23:34:07.808 [http-nio-8081-exec-3] DEBUG org.mybatis.spring.SqlSessionUtils - Releasing transactional SqlSession [org.apache.ibatis.session.defaults.DefaultSqlSession@e270f79]
2026-05-29 23:34:07.810 [http-nio-8081-exec-3] DEBUG org.mybatis.spring.SqlSessionUtils - Transaction synchronization committing SqlSession [org.apache.ibatis.session.defaults.DefaultSqlSession@e270f79]
2026-05-29 23:34:07.810 [http-nio-8081-exec-3] DEBUG org.mybatis.spring.SqlSessionUtils - Transaction synchronization deregistering SqlSession [org.apache.ibatis.session.defaults.DefaultSqlSession@e270f79]
2026-05-29 23:34:07.810 [http-nio-8081-exec-3] DEBUG org.mybatis.spring.SqlSessionUtils - Transaction synchronization closing SqlSession [org.apache.ibatis.session.defaults.DefaultSqlSession@e270f79]
2026-05-29 23:34:07.834 [http-nio-8081-exec-3] INFO  c.u.b.i.c.ApiRequestLoggingFilter - [API] GET /api/v1/client/notes/TXf6g7h8i9j0k -> 200 (56 ms) ip=127.0.0.1 location=局域网
2026-05-29 23:34:07.837 [http-nio-8081-exec-1] DEBUG c.u.b.i.config.IpLocationInterceptor - IP属地解析: ip=127.0.0.1, location=局域网, uri=/api/v1/client/notes/TXf6g7h8i9j0k
2026-05-29 23:34:07.839 [http-nio-8081-exec-1] DEBUG org.mybatis.spring.SqlSessionUtils - Creating a new SqlSession
2026-05-29 23:34:07.839 [http-nio-8081-exec-1] DEBUG org.mybatis.spring.SqlSessionUtils - Registering transaction synchronization for SqlSession [org.apache.ibatis.session.defaults.DefaultSqlSession@3bbec3d4]
2026-05-29 23:34:07.840 [http-nio-8081-exec-1] DEBUG o.m.s.t.SpringManagedTransaction - JDBC Connection [HikariProxyConnection@1148044410 wrapping com.mysql.cj.jdbc.ConnectionImpl@70a6143d] will be managed by Spring
2026-05-29 23:34:07.840 [http-nio-8081-exec-1] DEBUG c.u.b.i.p.m.C.selectList - ==>  Preparing: SELECT id,user_uid,content_type_code,extended_uid,title,summary,editor_type,content,cover_url,video_url,video_duration,tags,view_count,like_count,collect_count,comment_count,status,published_at,created_at,updated_at FROM note WHERE (content_type_code = ?) LIMIT 1
2026-05-29 23:34:07.840 [http-nio-8081-exec-1] DEBUG c.u.b.i.p.m.C.selectList - ==> Parameters: TXf6g7h8i9j0k(String)
2026-05-29 23:34:07.841 [http-nio-8081-exec-1] DEBUG c.u.b.i.p.m.C.selectList - <==      Total: 1
2026-05-29 23:34:07.841 [http-nio-8081-exec-1] DEBUG org.mybatis.spring.SqlSessionUtils - Releasing transactional SqlSession [org.apache.ibatis.session.defaults.DefaultSqlSession@3bbec3d4]
2026-05-29 23:34:07.846 [http-nio-8081-exec-1] DEBUG org.mybatis.spring.SqlSessionUtils - Fetched SqlSession [org.apache.ibatis.session.defaults.DefaultSqlSession@3bbec3d4] from current transaction
2026-05-29 23:34:07.846 [http-nio-8081-exec-1] DEBUG c.u.b.i.p.m.C.selectList - ==>  Preparing: SELECT id,user_uid,nick_name,real_name,avatar_url,current_entity_name,level,bio_data,career_data,intro,announcement,created_at,updated_at FROM user_profile WHERE (user_uid = ?) LIMIT 1
2026-05-29 23:34:07.846 [http-nio-8081-exec-1] DEBUG c.u.b.i.p.m.C.selectList - ==> Parameters: US00000000002(String)
2026-05-29 23:34:07.849 [http-nio-8081-exec-1] DEBUG c.u.b.i.p.m.C.selectList - <==      Total: 1
2026-05-29 23:34:07.849 [http-nio-8081-exec-1] DEBUG org.mybatis.spring.SqlSessionUtils - Releasing transactional SqlSession [org.apache.ibatis.session.defaults.DefaultSqlSession@3bbec3d4]
2026-05-29 23:34:07.849 [http-nio-8081-exec-1] DEBUG org.mybatis.spring.SqlSessionUtils - Transaction synchronization committing SqlSession [org.apache.ibatis.session.defaults.DefaultSqlSession@3bbec3d4]
2026-05-29 23:34:07.849 [http-nio-8081-exec-1] DEBUG org.mybatis.spring.SqlSessionUtils - Transaction synchronization deregistering SqlSession [org.apache.ibatis.session.defaults.DefaultSqlSession@3bbec3d4]
2026-05-29 23:34:07.849 [http-nio-8081-exec-1] DEBUG org.mybatis.spring.SqlSessionUtils - Transaction synchronization closing SqlSession [org.apache.ibatis.session.defaults.DefaultSqlSession@3bbec3d4]
2026-05-29 23:34:07.851 [http-nio-8081-exec-1] INFO  c.u.b.i.c.ApiRequestLoggingFilter - [API] GET /api/v1/client/notes/TXf6g7h8i9j0k -> 200 (15 ms) ip=127.0.0.1 location=局域网
2026-05-29 23:34:07.906 [http-nio-8081-exec-10] DEBUG c.u.b.i.config.IpLocationInterceptor - IP属地解析: ip=127.0.0.1, location=局域网, uri=/api/v1/client/feed/events
2026-05-29 23:34:07.913 [http-nio-8081-exec-10] DEBUG org.mybatis.spring.SqlSessionUtils - Creating a new SqlSession
2026-05-29 23:34:07.913 [http-nio-8081-exec-10] DEBUG org.mybatis.spring.SqlSessionUtils - Registering transaction synchronization for SqlSession [org.apache.ibatis.session.defaults.DefaultSqlSession@42ef8054]
2026-05-29 23:34:07.914 [http-nio-8081-exec-10] DEBUG o.m.s.t.SpringManagedTransaction - JDBC Connection [HikariProxyConnection@1204592758 wrapping com.mysql.cj.jdbc.ConnectionImpl@70a6143d] will be managed by Spring
2026-05-29 23:34:07.914 [http-nio-8081-exec-10] DEBUG c.u.b.i.p.m.U.update - ==>  Preparing: UPDATE user_tag_interests SET weight = weight + 0.5 WHERE (user_uid = ? AND tag = ?)
2026-05-29 23:34:07.915 [http-nio-8081-exec-10] DEBUG c.u.b.i.p.m.U.update - ==> Parameters: USzrFBKQxd5Iq(String), RAG(String)
2026-05-29 23:34:07.917 [http-nio-8081-exec-10] DEBUG c.u.b.i.p.m.U.update - <==    Updates: 0
2026-05-29 23:34:07.917 [http-nio-8081-exec-10] DEBUG org.mybatis.spring.SqlSessionUtils - Releasing transactional SqlSession [org.apache.ibatis.session.defaults.DefaultSqlSession@42ef8054]
2026-05-29 23:34:07.917 [http-nio-8081-exec-10] DEBUG org.mybatis.spring.SqlSessionUtils - Fetched SqlSession [org.apache.ibatis.session.defaults.DefaultSqlSession@42ef8054] from current transaction
2026-05-29 23:34:07.918 [http-nio-8081-exec-10] DEBUG c.u.b.i.p.m.U.insert - ==>  Preparing: INSERT INTO user_tag_interests ( user_uid, tag, weight ) VALUES ( ?, ?, ? )
2026-05-29 23:34:07.918 [http-nio-8081-exec-10] DEBUG c.u.b.i.p.m.U.insert - ==> Parameters: USzrFBKQxd5Iq(String), RAG(String), 0.5(BigDecimal)
2026-05-29 23:34:07.920 [http-nio-8081-exec-10] DEBUG c.u.b.i.p.m.U.insert - <==    Updates: 1
2026-05-29 23:34:07.920 [http-nio-8081-exec-10] DEBUG org.mybatis.spring.SqlSessionUtils - Releasing transactional SqlSession [org.apache.ibatis.session.defaults.DefaultSqlSession@42ef8054]
2026-05-29 23:34:07.920 [http-nio-8081-exec-10] DEBUG org.mybatis.spring.SqlSessionUtils - Fetched SqlSession [org.apache.ibatis.session.defaults.DefaultSqlSession@42ef8054] from current transaction
2026-05-29 23:34:07.921 [http-nio-8081-exec-10] DEBUG c.u.b.i.p.m.U.update - ==>  Preparing: UPDATE user_tag_interests SET weight = weight + 0.5 WHERE (user_uid = ? AND tag = ?)
2026-05-29 23:34:07.921 [http-nio-8081-exec-10] DEBUG c.u.b.i.p.m.U.update - ==> Parameters: USzrFBKQxd5Iq(String), 向量检索(String)
2026-05-29 23:34:07.922 [http-nio-8081-exec-10] DEBUG c.u.b.i.p.m.U.update - <==    Updates: 0
2026-05-29 23:34:07.922 [http-nio-8081-exec-10] DEBUG org.mybatis.spring.SqlSessionUtils - Releasing transactional SqlSession [org.apache.ibatis.session.defaults.DefaultSqlSession@42ef8054]
2026-05-29 23:34:07.922 [http-nio-8081-exec-10] DEBUG org.mybatis.spring.SqlSessionUtils - Fetched SqlSession [org.apache.ibatis.session.defaults.DefaultSqlSession@42ef8054] from current transaction
2026-05-29 23:34:07.923 [http-nio-8081-exec-10] DEBUG c.u.b.i.p.m.U.insert - ==>  Preparing: INSERT INTO user_tag_interests ( user_uid, tag, weight ) VALUES ( ?, ?, ? )
2026-05-29 23:34:07.923 [http-nio-8081-exec-10] DEBUG c.u.b.i.p.m.U.insert - ==> Parameters: USzrFBKQxd5Iq(String), 向量检索(String), 0.5(BigDecimal)
2026-05-29 23:34:07.925 [http-nio-8081-exec-10] DEBUG c.u.b.i.p.m.U.insert - <==    Updates: 1
2026-05-29 23:34:07.925 [http-nio-8081-exec-10] DEBUG org.mybatis.spring.SqlSessionUtils - Releasing transactional SqlSession [org.apache.ibatis.session.defaults.DefaultSqlSession@42ef8054]
2026-05-29 23:34:07.925 [http-nio-8081-exec-10] DEBUG org.mybatis.spring.SqlSessionUtils - Fetched SqlSession [org.apache.ibatis.session.defaults.DefaultSqlSession@42ef8054] from current transaction
2026-05-29 23:34:07.926 [http-nio-8081-exec-10] DEBUG c.u.b.i.p.m.U.update - ==>  Preparing: UPDATE user_tag_interests SET weight = weight + 0.5 WHERE (user_uid = ? AND tag = ?)
2026-05-29 23:34:07.926 [http-nio-8081-exec-10] DEBUG c.u.b.i.p.m.U.update - ==> Parameters: USzrFBKQxd5Iq(String), 大模型(String)
2026-05-29 23:34:07.927 [http-nio-8081-exec-10] DEBUG c.u.b.i.p.m.U.update - <==    Updates: 0
2026-05-29 23:34:07.927 [http-nio-8081-exec-10] DEBUG org.mybatis.spring.SqlSessionUtils - Releasing transactional SqlSession [org.apache.ibatis.session.defaults.DefaultSqlSession@42ef8054]
2026-05-29 23:34:07.927 [http-nio-8081-exec-10] DEBUG org.mybatis.spring.SqlSessionUtils - Fetched SqlSession [org.apache.ibatis.session.defaults.DefaultSqlSession@42ef8054] from current transaction
2026-05-29 23:34:07.927 [http-nio-8081-exec-10] DEBUG c.u.b.i.p.m.U.insert - ==>  Preparing: INSERT INTO user_tag_interests ( user_uid, tag, weight ) VALUES ( ?, ?, ? )
2026-05-29 23:34:07.927 [http-nio-8081-exec-10] DEBUG c.u.b.i.p.m.U.insert - ==> Parameters: USzrFBKQxd5Iq(String), 大模型(String), 0.5(BigDecimal)
2026-05-29 23:34:07.928 [http-nio-8081-exec-10] DEBUG c.u.b.i.p.m.U.insert - <==    Updates: 1
2026-05-29 23:34:07.928 [http-nio-8081-exec-10] DEBUG org.mybatis.spring.SqlSessionUtils - Releasing transactional SqlSession [org.apache.ibatis.session.defaults.DefaultSqlSession@42ef8054]
2026-05-29 23:34:07.928 [http-nio-8081-exec-10] DEBUG c.u.b.d.feed.FeedBehaviorService - Feed behavior tracked: userUid=USzrFBKQxd5Iq, event=VIEW_DETAIL, target=NOTE/TXf6g7h8i9j0k, tags=[RAG, 向量检索, 大模型]
2026-05-29 23:34:07.928 [http-nio-8081-exec-10] DEBUG org.mybatis.spring.SqlSessionUtils - Transaction synchronization committing SqlSession [org.apache.ibatis.session.defaults.DefaultSqlSession@42ef8054]
2026-05-29 23:34:07.928 [http-nio-8081-exec-10] DEBUG org.mybatis.spring.SqlSessionUtils - Transaction synchronization deregistering SqlSession [org.apache.ibatis.session.defaults.DefaultSqlSession@42ef8054]
2026-05-29 23:34:07.928 [http-nio-8081-exec-10] DEBUG org.mybatis.spring.SqlSessionUtils - Transaction synchronization closing SqlSession [org.apache.ibatis.session.defaults.DefaultSqlSession@42ef8054]
2026-05-29 23:34:07.934 [http-nio-8081-exec-10] INFO  c.u.b.i.c.ApiRequestLoggingFilter - [API] POST /api/v1/client/feed/events -> 200 (29 ms) ip=127.0.0.1 location=局域网
2026-05-29 23:34:11.763 [http-nio-8081-exec-2] DEBUG c.u.b.i.config.IpLocationInterceptor - IP属地解析: ip=127.0.0.1, location=局域网, uri=/api/v1/client/user-profile/projects
2026-05-29 23:34:11.763 [http-nio-8081-exec-4] DEBUG c.u.b.i.config.IpLocationInterceptor - IP属地解析: ip=127.0.0.1, location=局域网, uri=/api/v1/client/user-profile/projects
2026-05-29 23:34:11.763 [http-nio-8081-exec-4] INFO  c.u.b.i.c.ApiRequestLoggingFilter - [API] OPTIONS /api/v1/client/user-profile/projects?uid=US00000000002&page=1&pageSize=20 -> 200 (0 ms) ip=127.0.0.1 location=局域网
2026-05-29 23:34:11.763 [http-nio-8081-exec-2] INFO  c.u.b.i.c.ApiRequestLoggingFilter - [API] OPTIONS /api/v1/client/user-profile/projects?uid=US00000000002&page=1&pageSize=20 -> 200 (0 ms) ip=127.0.0.1 location=局域网
2026-05-29 23:34:11.767 [http-nio-8081-exec-9] DEBUG c.u.b.i.config.IpLocationInterceptor - IP属地解析: ip=127.0.0.1, location=局域网, uri=/api/v1/client/user-profile/projects
2026-05-29 23:34:11.774 [http-nio-8081-exec-9] DEBUG org.mybatis.spring.SqlSessionUtils - Creating a new SqlSession
2026-05-29 23:34:11.774 [http-nio-8081-exec-9] DEBUG org.mybatis.spring.SqlSessionUtils - SqlSession [org.apache.ibatis.session.defaults.DefaultSqlSession@555fe2ef] was not registered for synchronization because synchronization is not active
2026-05-29 23:34:11.774 [http-nio-8081-exec-9] DEBUG o.m.s.t.SpringManagedTransaction - JDBC Connection [HikariProxyConnection@386453252 wrapping com.mysql.cj.jdbc.ConnectionImpl@34a74f45] will not be managed by Spring
2026-05-29 23:34:11.774 [http-nio-8081-exec-9] DEBUG c.u.b.i.p.m.C.selectList - ==>  Preparing: SELECT id,user_uid,phone,email,password_hash,account_status,account_status_changed_at,account_status_remark,last_login_at,created_at,updated_at FROM user WHERE (user_uid = ?) LIMIT 1
2026-05-29 23:34:11.776 [http-nio-8081-exec-9] DEBUG c.u.b.i.p.m.C.selectList - ==> Parameters: US00000000002(String)
2026-05-29 23:34:11.777 [http-nio-8081-exec-9] DEBUG c.u.b.i.p.m.C.selectList - <==      Total: 1
2026-05-29 23:34:11.777 [http-nio-8081-exec-9] DEBUG org.mybatis.spring.SqlSessionUtils - Closing non transactional SqlSession [org.apache.ibatis.session.defaults.DefaultSqlSession@555fe2ef]
2026-05-29 23:34:11.777 [http-nio-8081-exec-9] DEBUG org.mybatis.spring.SqlSessionUtils - Creating a new SqlSession
2026-05-29 23:34:11.777 [http-nio-8081-exec-9] DEBUG org.mybatis.spring.SqlSessionUtils - SqlSession [org.apache.ibatis.session.defaults.DefaultSqlSession@200ff59f] was not registered for synchronization because synchronization is not active
2026-05-29 23:34:11.777 [http-nio-8081-exec-9] DEBUG o.m.s.t.SpringManagedTransaction - JDBC Connection [HikariProxyConnection@174928875 wrapping com.mysql.cj.jdbc.ConnectionImpl@34a74f45] will not be managed by Spring
2026-05-29 23:34:11.777 [http-nio-8081-exec-9] DEBUG c.u.b.i.p.m.C.selectList - ==>  Preparing: SELECT id,user_uid,nick_name,real_name,avatar_url,current_entity_name,level,bio_data,career_data,intro,announcement,created_at,updated_at FROM user_profile WHERE (user_uid = ?) LIMIT 1
2026-05-29 23:34:11.778 [http-nio-8081-exec-9] DEBUG c.u.b.i.p.m.C.selectList - ==> Parameters: US00000000002(String)
2026-05-29 23:34:11.779 [http-nio-8081-exec-9] DEBUG c.u.b.i.p.m.C.selectList - <==      Total: 1
2026-05-29 23:34:11.779 [http-nio-8081-exec-9] DEBUG org.mybatis.spring.SqlSessionUtils - Closing non transactional SqlSession [org.apache.ibatis.session.defaults.DefaultSqlSession@200ff59f]
2026-05-29 23:34:11.780 [http-nio-8081-exec-9] DEBUG org.mybatis.spring.SqlSessionUtils - Creating a new SqlSession
2026-05-29 23:34:11.780 [http-nio-8081-exec-9] DEBUG org.mybatis.spring.SqlSessionUtils - SqlSession [org.apache.ibatis.session.defaults.DefaultSqlSession@1135c66d] was not registered for synchronization because synchronization is not active
2026-05-29 23:34:11.780 [http-nio-8081-exec-9] DEBUG o.m.s.t.SpringManagedTransaction - JDBC Connection [HikariProxyConnection@1313434329 wrapping com.mysql.cj.jdbc.ConnectionImpl@34a74f45] will not be managed by Spring
2026-05-29 23:34:11.780 [http-nio-8081-exec-9] DEBUG c.u.b.i.p.m.C.selectList - ==>  Preparing: SELECT id,project_uid,extended_uid,category,recruitment_type,owner_uid,team_uid,title,preview,editor_type,description,tags,duration,team_size,deadline,level,status,published_at,created_at,updated_at FROM project WHERE (owner_uid = ?) ORDER BY COALESCE(published_at, created_at) DESC, id DESC
2026-05-29 23:34:11.781 [http-nio-8081-exec-9] DEBUG c.u.b.i.p.m.C.selectList - ==> Parameters: US00000000002(String)
2026-05-29 23:34:11.784 [http-nio-8081-exec-9] DEBUG c.u.b.i.p.m.C.selectList - <==      Total: 1
2026-05-29 23:34:11.785 [http-nio-8081-exec-9] DEBUG org.mybatis.spring.SqlSessionUtils - Closing non transactional SqlSession [org.apache.ibatis.session.defaults.DefaultSqlSession@1135c66d]
2026-05-29 23:34:11.786 [http-nio-8081-exec-9] DEBUG org.mybatis.spring.SqlSessionUtils - Creating a new SqlSession
2026-05-29 23:34:11.786 [http-nio-8081-exec-9] DEBUG org.mybatis.spring.SqlSessionUtils - SqlSession [org.apache.ibatis.session.defaults.DefaultSqlSession@13409ca3] was not registered for synchronization because synchronization is not active
2026-05-29 23:34:11.786 [http-nio-8081-exec-9] DEBUG o.m.s.t.SpringManagedTransaction - JDBC Connection [HikariProxyConnection@754525704 wrapping com.mysql.cj.jdbc.ConnectionImpl@34a74f45] will not be managed by Spring
2026-05-29 23:34:11.786 [http-nio-8081-exec-9] DEBUG c.u.b.i.p.m.C.selectCount - ==>  Preparing: SELECT COUNT( * ) AS total FROM project WHERE (owner_uid = ?) ORDER BY COALESCE(published_at, created_at) DESC, id DESC
2026-05-29 23:34:11.786 [http-nio-8081-exec-9] DEBUG c.u.b.i.p.m.C.selectCount - ==> Parameters: US00000000002(String)
2026-05-29 23:34:11.787 [http-nio-8081-exec-9] DEBUG c.u.b.i.p.m.C.selectCount - <==      Total: 1
2026-05-29 23:34:11.787 [http-nio-8081-exec-9] DEBUG org.mybatis.spring.SqlSessionUtils - Closing non transactional SqlSession [org.apache.ibatis.session.defaults.DefaultSqlSession@13409ca3]
2026-05-29 23:34:11.795 [http-nio-8081-exec-9] DEBUG org.mybatis.spring.SqlSessionUtils - Creating a new SqlSession
2026-05-29 23:34:11.796 [http-nio-8081-exec-9] DEBUG org.mybatis.spring.SqlSessionUtils - SqlSession [org.apache.ibatis.session.defaults.DefaultSqlSession@319b7195] was not registered for synchronization because synchronization is not active
2026-05-29 23:34:11.796 [http-nio-8081-exec-9] DEBUG o.m.s.t.SpringManagedTransaction - JDBC Connection [HikariProxyConnection@79306164 wrapping com.mysql.cj.jdbc.ConnectionImpl@34a74f45] will not be managed by Spring
2026-05-29 23:34:11.796 [http-nio-8081-exec-9] DEBUG c.u.b.i.p.m.U.selectList - ==>  Preparing: SELECT id,user_uid,entity_code,role,auth_serial_no,proof_artifact_url,audit_status,is_active,remark,created_at,updated_at FROM user_auth_link WHERE (user_uid = ? AND is_active = ?) ORDER BY updated_at DESC LIMIT 1
2026-05-29 23:34:11.796 [http-nio-8081-exec-9] DEBUG c.u.b.i.p.m.U.selectList - ==> Parameters: US00000000002(String), 1(Integer)
2026-05-29 23:34:11.797 [http-nio-8081-exec-9] DEBUG c.u.b.i.p.m.U.selectList - <==      Total: 1
2026-05-29 23:34:11.801 [http-nio-8081-exec-9] DEBUG org.mybatis.spring.SqlSessionUtils - Closing non transactional SqlSession [org.apache.ibatis.session.defaults.DefaultSqlSession@319b7195]
2026-05-29 23:34:11.801 [http-nio-8081-exec-9] DEBUG org.mybatis.spring.SqlSessionUtils - Creating a new SqlSession
2026-05-29 23:34:11.801 [http-nio-8081-exec-9] DEBUG org.mybatis.spring.SqlSessionUtils - SqlSession [org.apache.ibatis.session.defaults.DefaultSqlSession@2c4f9e2] was not registered for synchronization because synchronization is not active
2026-05-29 23:34:11.802 [http-nio-8081-exec-9] DEBUG o.m.s.t.SpringManagedTransaction - JDBC Connection [HikariProxyConnection@1748576246 wrapping com.mysql.cj.jdbc.ConnectionImpl@34a74f45] will not be managed by Spring
2026-05-29 23:34:11.802 [http-nio-8081-exec-9] DEBUG c.u.b.i.p.m.C.selectList - ==>  Preparing: SELECT id,entity_code,name,location,type,logo_url,banner_url,intro,announcement,created_at,updated_at FROM entity_profile WHERE (entity_code = ?) LIMIT 1
2026-05-29 23:34:11.803 [http-nio-8081-exec-9] DEBUG c.u.b.i.p.m.C.selectList - ==> Parameters: 10598(String)
2026-05-29 23:34:11.804 [http-nio-8081-exec-9] DEBUG c.u.b.i.p.m.C.selectList - <==      Total: 1
2026-05-29 23:34:11.804 [http-nio-8081-exec-9] DEBUG org.mybatis.spring.SqlSessionUtils - Closing non transactional SqlSession [org.apache.ibatis.session.defaults.DefaultSqlSession@2c4f9e2]
2026-05-29 23:34:11.808 [http-nio-8081-exec-9] INFO  c.u.b.i.c.ApiRequestLoggingFilter - [API] GET /api/v1/client/user-profile/projects?uid=US00000000002&page=1&pageSize=20 -> 200 (41 ms) ip=127.0.0.1 location=局域网
2026-05-29 23:34:11.810 [http-nio-8081-exec-6] DEBUG c.u.b.i.config.IpLocationInterceptor - IP属地解析: ip=127.0.0.1, location=局域网, uri=/api/v1/client/user-profile/projects
2026-05-29 23:34:11.816 [http-nio-8081-exec-6] DEBUG org.mybatis.spring.SqlSessionUtils - Creating a new SqlSession
2026-05-29 23:34:11.816 [http-nio-8081-exec-6] DEBUG org.mybatis.spring.SqlSessionUtils - SqlSession [org.apache.ibatis.session.defaults.DefaultSqlSession@51f7e664] was not registered for synchronization because synchronization is not active
2026-05-29 23:34:11.817 [http-nio-8081-exec-6] DEBUG o.m.s.t.SpringManagedTransaction - JDBC Connection [HikariProxyConnection@1933516434 wrapping com.mysql.cj.jdbc.ConnectionImpl@70a6143d] will not be managed by Spring
2026-05-29 23:34:11.817 [http-nio-8081-exec-6] DEBUG c.u.b.i.p.m.C.selectList - ==>  Preparing: SELECT id,user_uid,phone,email,password_hash,account_status,account_status_changed_at,account_status_remark,last_login_at,created_at,updated_at FROM user WHERE (user_uid = ?) LIMIT 1
2026-05-29 23:34:11.817 [http-nio-8081-exec-6] DEBUG c.u.b.i.p.m.C.selectList - ==> Parameters: US00000000002(String)
2026-05-29 23:34:11.819 [http-nio-8081-exec-6] DEBUG c.u.b.i.p.m.C.selectList - <==      Total: 1
2026-05-29 23:34:11.819 [http-nio-8081-exec-6] DEBUG org.mybatis.spring.SqlSessionUtils - Closing non transactional SqlSession [org.apache.ibatis.session.defaults.DefaultSqlSession@51f7e664]
2026-05-29 23:34:11.819 [http-nio-8081-exec-6] DEBUG org.mybatis.spring.SqlSessionUtils - Creating a new SqlSession
2026-05-29 23:34:11.820 [http-nio-8081-exec-6] DEBUG org.mybatis.spring.SqlSessionUtils - SqlSession [org.apache.ibatis.session.defaults.DefaultSqlSession@506145cd] was not registered for synchronization because synchronization is not active
2026-05-29 23:34:11.820 [http-nio-8081-exec-6] DEBUG o.m.s.t.SpringManagedTransaction - JDBC Connection [HikariProxyConnection@1045126499 wrapping com.mysql.cj.jdbc.ConnectionImpl@70a6143d] will not be managed by Spring
2026-05-29 23:34:11.820 [http-nio-8081-exec-6] DEBUG c.u.b.i.p.m.C.selectList - ==>  Preparing: SELECT id,user_uid,nick_name,real_name,avatar_url,current_entity_name,level,bio_data,career_data,intro,announcement,created_at,updated_at FROM user_profile WHERE (user_uid = ?) LIMIT 1
2026-05-29 23:34:11.820 [http-nio-8081-exec-6] DEBUG c.u.b.i.p.m.C.selectList - ==> Parameters: US00000000002(String)
2026-05-29 23:34:11.822 [http-nio-8081-exec-6] DEBUG c.u.b.i.p.m.C.selectList - <==      Total: 1
2026-05-29 23:34:11.822 [http-nio-8081-exec-6] DEBUG org.mybatis.spring.SqlSessionUtils - Closing non transactional SqlSession [org.apache.ibatis.session.defaults.DefaultSqlSession@506145cd]
2026-05-29 23:34:11.822 [http-nio-8081-exec-6] DEBUG org.mybatis.spring.SqlSessionUtils - Creating a new SqlSession
2026-05-29 23:34:11.822 [http-nio-8081-exec-6] DEBUG org.mybatis.spring.SqlSessionUtils - SqlSession [org.apache.ibatis.session.defaults.DefaultSqlSession@18f418b7] was not registered for synchronization because synchronization is not active
2026-05-29 23:34:11.822 [http-nio-8081-exec-6] DEBUG o.m.s.t.SpringManagedTransaction - JDBC Connection [HikariProxyConnection@1113684297 wrapping com.mysql.cj.jdbc.ConnectionImpl@70a6143d] will not be managed by Spring
2026-05-29 23:34:11.822 [http-nio-8081-exec-6] DEBUG c.u.b.i.p.m.C.selectList - ==>  Preparing: SELECT id,project_uid,extended_uid,category,recruitment_type,owner_uid,team_uid,title,preview,editor_type,description,tags,duration,team_size,deadline,level,status,published_at,created_at,updated_at FROM project WHERE (owner_uid = ?) ORDER BY COALESCE(published_at, created_at) DESC, id DESC
2026-05-29 23:34:11.823 [http-nio-8081-exec-6] DEBUG c.u.b.i.p.m.C.selectList - ==> Parameters: US00000000002(String)
2026-05-29 23:34:11.824 [http-nio-8081-exec-6] DEBUG c.u.b.i.p.m.C.selectList - <==      Total: 1
2026-05-29 23:34:11.824 [http-nio-8081-exec-6] DEBUG org.mybatis.spring.SqlSessionUtils - Closing non transactional SqlSession [org.apache.ibatis.session.defaults.DefaultSqlSession@18f418b7]
2026-05-29 23:34:11.824 [http-nio-8081-exec-6] DEBUG org.mybatis.spring.SqlSessionUtils - Creating a new SqlSession
2026-05-29 23:34:11.824 [http-nio-8081-exec-6] DEBUG org.mybatis.spring.SqlSessionUtils - SqlSession [org.apache.ibatis.session.defaults.DefaultSqlSession@4bbec9ee] was not registered for synchronization because synchronization is not active
2026-05-29 23:34:11.825 [http-nio-8081-exec-6] DEBUG o.m.s.t.SpringManagedTransaction - JDBC Connection [HikariProxyConnection@1933005198 wrapping com.mysql.cj.jdbc.ConnectionImpl@70a6143d] will not be managed by Spring
2026-05-29 23:34:11.825 [http-nio-8081-exec-6] DEBUG c.u.b.i.p.m.C.selectCount - ==>  Preparing: SELECT COUNT( * ) AS total FROM project WHERE (owner_uid = ?) ORDER BY COALESCE(published_at, created_at) DESC, id DESC
2026-05-29 23:34:11.825 [http-nio-8081-exec-6] DEBUG c.u.b.i.p.m.C.selectCount - ==> Parameters: US00000000002(String)
2026-05-29 23:34:11.826 [http-nio-8081-exec-6] DEBUG c.u.b.i.p.m.C.selectCount - <==      Total: 1
2026-05-29 23:34:11.826 [http-nio-8081-exec-6] DEBUG org.mybatis.spring.SqlSessionUtils - Closing non transactional SqlSession [org.apache.ibatis.session.defaults.DefaultSqlSession@4bbec9ee]
2026-05-29 23:34:11.827 [http-nio-8081-exec-6] DEBUG org.mybatis.spring.SqlSessionUtils - Creating a new SqlSession
2026-05-29 23:34:11.827 [http-nio-8081-exec-6] DEBUG org.mybatis.spring.SqlSessionUtils - SqlSession [org.apache.ibatis.session.defaults.DefaultSqlSession@305bca65] was not registered for synchronization because synchronization is not active
2026-05-29 23:34:11.827 [http-nio-8081-exec-6] DEBUG o.m.s.t.SpringManagedTransaction - JDBC Connection [HikariProxyConnection@219649081 wrapping com.mysql.cj.jdbc.ConnectionImpl@70a6143d] will not be managed by Spring
2026-05-29 23:34:11.827 [http-nio-8081-exec-6] DEBUG c.u.b.i.p.m.U.selectList - ==>  Preparing: SELECT id,user_uid,entity_code,role,auth_serial_no,proof_artifact_url,audit_status,is_active,remark,created_at,updated_at FROM user_auth_link WHERE (user_uid = ? AND is_active = ?) ORDER BY updated_at DESC LIMIT 1
2026-05-29 23:34:11.829 [http-nio-8081-exec-6] DEBUG c.u.b.i.p.m.U.selectList - ==> Parameters: US00000000002(String), 1(Integer)
2026-05-29 23:34:11.829 [http-nio-8081-exec-6] DEBUG c.u.b.i.p.m.U.selectList - <==      Total: 1
2026-05-29 23:34:11.829 [http-nio-8081-exec-6] DEBUG org.mybatis.spring.SqlSessionUtils - Closing non transactional SqlSession [org.apache.ibatis.session.defaults.DefaultSqlSession@305bca65]
2026-05-29 23:34:11.830 [http-nio-8081-exec-6] DEBUG org.mybatis.spring.SqlSessionUtils - Creating a new SqlSession
2026-05-29 23:34:11.830 [http-nio-8081-exec-6] DEBUG org.mybatis.spring.SqlSessionUtils - SqlSession [org.apache.ibatis.session.defaults.DefaultSqlSession@5088ab6d] was not registered for synchronization because synchronization is not active
2026-05-29 23:34:11.830 [http-nio-8081-exec-6] DEBUG o.m.s.t.SpringManagedTransaction - JDBC Connection [HikariProxyConnection@1055808507 wrapping com.mysql.cj.jdbc.ConnectionImpl@70a6143d] will not be managed by Spring
2026-05-29 23:34:11.830 [http-nio-8081-exec-6] DEBUG c.u.b.i.p.m.C.selectList - ==>  Preparing: SELECT id,entity_code,name,location,type,logo_url,banner_url,intro,announcement,created_at,updated_at FROM entity_profile WHERE (entity_code = ?) LIMIT 1
2026-05-29 23:34:11.830 [http-nio-8081-exec-6] DEBUG c.u.b.i.p.m.C.selectList - ==> Parameters: 10598(String)
2026-05-29 23:34:11.831 [http-nio-8081-exec-6] DEBUG c.u.b.i.p.m.C.selectList - <==      Total: 1
2026-05-29 23:34:11.831 [http-nio-8081-exec-6] DEBUG org.mybatis.spring.SqlSessionUtils - Closing non transactional SqlSession [org.apache.ibatis.session.defaults.DefaultSqlSession@5088ab6d]
2026-05-29 23:34:11.833 [http-nio-8081-exec-6] INFO  c.u.b.i.c.ApiRequestLoggingFilter - [API] GET /api/v1/client/user-profile/projects?uid=US00000000002&page=1&pageSize=20 -> 200 (24 ms) ip=127.0.0.1 location=局域网
2026-05-29 23:34:13.709 [http-nio-8081-exec-8] DEBUG c.u.b.i.config.IpLocationInterceptor - IP属地解析: ip=127.0.0.1, location=局域网, uri=/api/v1/client/user-profile/notes
2026-05-29 23:34:13.709 [http-nio-8081-exec-8] INFO  c.u.b.i.c.ApiRequestLoggingFilter - [API] OPTIONS /api/v1/client/user-profile/notes?uid=US00000000002&page=1&pageSize=20 -> 200 (1 ms) ip=127.0.0.1 location=局域网
2026-05-29 23:34:13.710 [http-nio-8081-exec-7] DEBUG c.u.b.i.config.IpLocationInterceptor - IP属地解析: ip=127.0.0.1, location=局域网, uri=/api/v1/client/user-profile/notes
2026-05-29 23:34:13.710 [http-nio-8081-exec-7] INFO  c.u.b.i.c.ApiRequestLoggingFilter - [API] OPTIONS /api/v1/client/user-profile/notes?uid=US00000000002&page=1&pageSize=20 -> 200 (1 ms) ip=127.0.0.1 location=局域网
2026-05-29 23:34:13.716 [http-nio-8081-exec-5] DEBUG c.u.b.i.config.IpLocationInterceptor - IP属地解析: ip=127.0.0.1, location=局域网, uri=/api/v1/client/user-profile/notes
2026-05-29 23:34:13.723 [http-nio-8081-exec-5] DEBUG org.mybatis.spring.SqlSessionUtils - Creating a new SqlSession
2026-05-29 23:34:13.723 [http-nio-8081-exec-5] DEBUG org.mybatis.spring.SqlSessionUtils - SqlSession [org.apache.ibatis.session.defaults.DefaultSqlSession@5ff7e15e] was not registered for synchronization because synchronization is not active
2026-05-29 23:34:13.724 [http-nio-8081-exec-5] DEBUG o.m.s.t.SpringManagedTransaction - JDBC Connection [HikariProxyConnection@1315428044 wrapping com.mysql.cj.jdbc.ConnectionImpl@34a74f45] will not be managed by Spring
2026-05-29 23:34:13.724 [http-nio-8081-exec-5] DEBUG c.u.b.i.p.m.C.selectList - ==>  Preparing: SELECT id,user_uid,phone,email,password_hash,account_status,account_status_changed_at,account_status_remark,last_login_at,created_at,updated_at FROM user WHERE (user_uid = ?) LIMIT 1
2026-05-29 23:34:13.724 [http-nio-8081-exec-5] DEBUG c.u.b.i.p.m.C.selectList - ==> Parameters: US00000000002(String)
2026-05-29 23:34:13.725 [http-nio-8081-exec-5] DEBUG c.u.b.i.p.m.C.selectList - <==      Total: 1
2026-05-29 23:34:13.725 [http-nio-8081-exec-5] DEBUG org.mybatis.spring.SqlSessionUtils - Closing non transactional SqlSession [org.apache.ibatis.session.defaults.DefaultSqlSession@5ff7e15e]
2026-05-29 23:34:13.726 [http-nio-8081-exec-5] DEBUG org.mybatis.spring.SqlSessionUtils - Creating a new SqlSession
2026-05-29 23:34:13.726 [http-nio-8081-exec-5] DEBUG org.mybatis.spring.SqlSessionUtils - SqlSession [org.apache.ibatis.session.defaults.DefaultSqlSession@227557dc] was not registered for synchronization because synchronization is not active
2026-05-29 23:34:13.727 [http-nio-8081-exec-5] DEBUG o.m.s.t.SpringManagedTransaction - JDBC Connection [HikariProxyConnection@1114157021 wrapping com.mysql.cj.jdbc.ConnectionImpl@34a74f45] will not be managed by Spring
2026-05-29 23:34:13.727 [http-nio-8081-exec-5] DEBUG c.u.b.i.p.m.C.selectList - ==>  Preparing: SELECT id,user_uid,content_type_code,extended_uid,title,summary,editor_type,content,cover_url,video_url,video_duration,tags,view_count,like_count,collect_count,comment_count,status,published_at,created_at,updated_at FROM note WHERE (user_uid = ? AND status = ?) ORDER BY COALESCE(published_at, created_at) DESC, id DESC
2026-05-29 23:34:13.727 [http-nio-8081-exec-5] DEBUG c.u.b.i.p.m.C.selectList - ==> Parameters: US00000000002(String), PUBLISHED(String)
2026-05-29 23:34:13.729 [http-nio-8081-exec-5] DEBUG c.u.b.i.p.m.C.selectList - <==      Total: 3
2026-05-29 23:34:13.729 [http-nio-8081-exec-5] DEBUG org.mybatis.spring.SqlSessionUtils - Closing non transactional SqlSession [org.apache.ibatis.session.defaults.DefaultSqlSession@227557dc]
2026-05-29 23:34:13.729 [http-nio-8081-exec-5] DEBUG org.mybatis.spring.SqlSessionUtils - Creating a new SqlSession
2026-05-29 23:34:13.729 [http-nio-8081-exec-5] DEBUG org.mybatis.spring.SqlSessionUtils - SqlSession [org.apache.ibatis.session.defaults.DefaultSqlSession@613a972c] was not registered for synchronization because synchronization is not active
2026-05-29 23:34:13.730 [http-nio-8081-exec-5] DEBUG o.m.s.t.SpringManagedTransaction - JDBC Connection [HikariProxyConnection@1777989472 wrapping com.mysql.cj.jdbc.ConnectionImpl@34a74f45] will not be managed by Spring
2026-05-29 23:34:13.730 [http-nio-8081-exec-5] DEBUG c.u.b.i.p.m.C.selectCount - ==>  Preparing: SELECT COUNT( * ) AS total FROM note WHERE (user_uid = ? AND status = ?) ORDER BY COALESCE(published_at, created_at) DESC, id DESC
2026-05-29 23:34:13.730 [http-nio-8081-exec-5] DEBUG c.u.b.i.p.m.C.selectCount - ==> Parameters: US00000000002(String), PUBLISHED(String)
2026-05-29 23:34:13.730 [http-nio-8081-exec-5] DEBUG c.u.b.i.p.m.C.selectCount - <==      Total: 1
2026-05-29 23:34:13.730 [http-nio-8081-exec-5] DEBUG org.mybatis.spring.SqlSessionUtils - Closing non transactional SqlSession [org.apache.ibatis.session.defaults.DefaultSqlSession@613a972c]
2026-05-29 23:34:13.732 [http-nio-8081-exec-5] DEBUG org.mybatis.spring.SqlSessionUtils - Creating a new SqlSession
2026-05-29 23:34:13.732 [http-nio-8081-exec-5] DEBUG org.mybatis.spring.SqlSessionUtils - SqlSession [org.apache.ibatis.session.defaults.DefaultSqlSession@1883f98] was not registered for synchronization because synchronization is not active
2026-05-29 23:34:13.733 [http-nio-8081-exec-5] DEBUG o.m.s.t.SpringManagedTransaction - JDBC Connection [HikariProxyConnection@706054911 wrapping com.mysql.cj.jdbc.ConnectionImpl@34a74f45] will not be managed by Spring
2026-05-29 23:34:13.733 [http-nio-8081-exec-5] DEBUG c.u.b.i.p.m.C.selectList - ==>  Preparing: SELECT id,user_uid,nick_name,real_name,avatar_url,current_entity_name,level,bio_data,career_data,intro,announcement,created_at,updated_at FROM user_profile WHERE (user_uid = ?) LIMIT 1
2026-05-29 23:34:13.733 [http-nio-8081-exec-5] DEBUG c.u.b.i.p.m.C.selectList - ==> Parameters: US00000000002(String)
2026-05-29 23:34:13.734 [http-nio-8081-exec-5] DEBUG c.u.b.i.p.m.C.selectList - <==      Total: 1
2026-05-29 23:34:13.734 [http-nio-8081-exec-5] DEBUG org.mybatis.spring.SqlSessionUtils - Closing non transactional SqlSession [org.apache.ibatis.session.defaults.DefaultSqlSession@1883f98]
2026-05-29 23:34:13.734 [http-nio-8081-exec-5] DEBUG org.mybatis.spring.SqlSessionUtils - Creating a new SqlSession
2026-05-29 23:34:13.734 [http-nio-8081-exec-5] DEBUG org.mybatis.spring.SqlSessionUtils - SqlSession [org.apache.ibatis.session.defaults.DefaultSqlSession@2c11e632] was not registered for synchronization because synchronization is not active
2026-05-29 23:34:13.734 [http-nio-8081-exec-5] DEBUG o.m.s.t.SpringManagedTransaction - JDBC Connection [HikariProxyConnection@1822783703 wrapping com.mysql.cj.jdbc.ConnectionImpl@34a74f45] will not be managed by Spring
2026-05-29 23:34:13.734 [http-nio-8081-exec-5] DEBUG c.u.b.i.p.m.U.selectList - ==>  Preparing: SELECT id,user_uid,entity_code,role,auth_serial_no,proof_artifact_url,audit_status,is_active,remark,created_at,updated_at FROM user_auth_link WHERE (user_uid = ? AND is_active = ?) ORDER BY updated_at DESC LIMIT 1
2026-05-29 23:34:13.736 [http-nio-8081-exec-5] DEBUG c.u.b.i.p.m.U.selectList - ==> Parameters: US00000000002(String), 1(Integer)
2026-05-29 23:34:13.736 [http-nio-8081-exec-5] DEBUG c.u.b.i.p.m.U.selectList - <==      Total: 1
2026-05-29 23:34:13.736 [http-nio-8081-exec-5] DEBUG org.mybatis.spring.SqlSessionUtils - Closing non transactional SqlSession [org.apache.ibatis.session.defaults.DefaultSqlSession@2c11e632]
2026-05-29 23:34:13.737 [http-nio-8081-exec-5] DEBUG org.mybatis.spring.SqlSessionUtils - Creating a new SqlSession
2026-05-29 23:34:13.737 [http-nio-8081-exec-5] DEBUG org.mybatis.spring.SqlSessionUtils - SqlSession [org.apache.ibatis.session.defaults.DefaultSqlSession@4a7926f3] was not registered for synchronization because synchronization is not active
2026-05-29 23:34:13.737 [http-nio-8081-exec-5] DEBUG o.m.s.t.SpringManagedTransaction - JDBC Connection [HikariProxyConnection@1769630200 wrapping com.mysql.cj.jdbc.ConnectionImpl@34a74f45] will not be managed by Spring
2026-05-29 23:34:13.737 [http-nio-8081-exec-5] DEBUG c.u.b.i.p.m.C.selectList - ==>  Preparing: SELECT id,entity_code,name,location,type,logo_url,banner_url,intro,announcement,created_at,updated_at FROM entity_profile WHERE (entity_code = ?) LIMIT 1
2026-05-29 23:34:13.737 [http-nio-8081-exec-5] DEBUG c.u.b.i.p.m.C.selectList - ==> Parameters: 10598(String)
2026-05-29 23:34:13.738 [http-nio-8081-exec-5] DEBUG c.u.b.i.p.m.C.selectList - <==      Total: 1
2026-05-29 23:34:13.738 [http-nio-8081-exec-5] DEBUG org.mybatis.spring.SqlSessionUtils - Closing non transactional SqlSession [org.apache.ibatis.session.defaults.DefaultSqlSession@4a7926f3]
2026-05-29 23:34:13.739 [http-nio-8081-exec-5] DEBUG org.mybatis.spring.SqlSessionUtils - Creating a new SqlSession
2026-05-29 23:34:13.739 [http-nio-8081-exec-5] DEBUG org.mybatis.spring.SqlSessionUtils - SqlSession [org.apache.ibatis.session.defaults.DefaultSqlSession@4ef1b8f0] was not registered for synchronization because synchronization is not active
2026-05-29 23:34:13.739 [http-nio-8081-exec-5] DEBUG o.m.s.t.SpringManagedTransaction - JDBC Connection [HikariProxyConnection@1304183139 wrapping com.mysql.cj.jdbc.ConnectionImpl@34a74f45] will not be managed by Spring
2026-05-29 23:34:13.739 [http-nio-8081-exec-5] DEBUG c.u.b.i.p.m.C.selectList - ==>  Preparing: SELECT id,user_uid,nick_name,real_name,avatar_url,current_entity_name,level,bio_data,career_data,intro,announcement,created_at,updated_at FROM user_profile WHERE (user_uid = ?) LIMIT 1
2026-05-29 23:34:13.739 [http-nio-8081-exec-5] DEBUG c.u.b.i.p.m.C.selectList - ==> Parameters: US00000000002(String)
2026-05-29 23:34:13.740 [http-nio-8081-exec-5] DEBUG c.u.b.i.p.m.C.selectList - <==      Total: 1
2026-05-29 23:34:13.740 [http-nio-8081-exec-5] DEBUG org.mybatis.spring.SqlSessionUtils - Closing non transactional SqlSession [org.apache.ibatis.session.defaults.DefaultSqlSession@4ef1b8f0]
2026-05-29 23:34:13.740 [http-nio-8081-exec-5] DEBUG org.mybatis.spring.SqlSessionUtils - Creating a new SqlSession
2026-05-29 23:34:13.740 [http-nio-8081-exec-5] DEBUG org.mybatis.spring.SqlSessionUtils - SqlSession [org.apache.ibatis.session.defaults.DefaultSqlSession@2f0bed64] was not registered for synchronization because synchronization is not active
2026-05-29 23:34:13.740 [http-nio-8081-exec-5] DEBUG o.m.s.t.SpringManagedTransaction - JDBC Connection [HikariProxyConnection@1828644429 wrapping com.mysql.cj.jdbc.ConnectionImpl@34a74f45] will not be managed by Spring
2026-05-29 23:34:13.740 [http-nio-8081-exec-5] DEBUG c.u.b.i.p.m.U.selectList - ==>  Preparing: SELECT id,user_uid,entity_code,role,auth_serial_no,proof_artifact_url,audit_status,is_active,remark,created_at,updated_at FROM user_auth_link WHERE (user_uid = ? AND is_active = ?) ORDER BY updated_at DESC LIMIT 1
2026-05-29 23:34:13.741 [http-nio-8081-exec-5] DEBUG c.u.b.i.p.m.U.selectList - ==> Parameters: US00000000002(String), 1(Integer)
2026-05-29 23:34:13.741 [http-nio-8081-exec-5] DEBUG c.u.b.i.p.m.U.selectList - <==      Total: 1
2026-05-29 23:34:13.741 [http-nio-8081-exec-5] DEBUG org.mybatis.spring.SqlSessionUtils - Closing non transactional SqlSession [org.apache.ibatis.session.defaults.DefaultSqlSession@2f0bed64]
2026-05-29 23:34:13.741 [http-nio-8081-exec-5] DEBUG org.mybatis.spring.SqlSessionUtils - Creating a new SqlSession
2026-05-29 23:34:13.741 [http-nio-8081-exec-5] DEBUG org.mybatis.spring.SqlSessionUtils - SqlSession [org.apache.ibatis.session.defaults.DefaultSqlSession@2a18f6ed] was not registered for synchronization because synchronization is not active
2026-05-29 23:34:13.742 [http-nio-8081-exec-5] DEBUG o.m.s.t.SpringManagedTransaction - JDBC Connection [HikariProxyConnection@1510493703 wrapping com.mysql.cj.jdbc.ConnectionImpl@34a74f45] will not be managed by Spring
2026-05-29 23:34:13.742 [http-nio-8081-exec-5] DEBUG c.u.b.i.p.m.C.selectList - ==>  Preparing: SELECT id,entity_code,name,location,type,logo_url,banner_url,intro,announcement,created_at,updated_at FROM entity_profile WHERE (entity_code = ?) LIMIT 1
2026-05-29 23:34:13.742 [http-nio-8081-exec-5] DEBUG c.u.b.i.p.m.C.selectList - ==> Parameters: 10598(String)
2026-05-29 23:34:13.742 [http-nio-8081-exec-5] DEBUG c.u.b.i.p.m.C.selectList - <==      Total: 1
2026-05-29 23:34:13.742 [http-nio-8081-exec-5] DEBUG org.mybatis.spring.SqlSessionUtils - Closing non transactional SqlSession [org.apache.ibatis.session.defaults.DefaultSqlSession@2a18f6ed]
2026-05-29 23:34:13.743 [http-nio-8081-exec-5] DEBUG org.mybatis.spring.SqlSessionUtils - Creating a new SqlSession
2026-05-29 23:34:13.743 [http-nio-8081-exec-5] DEBUG org.mybatis.spring.SqlSessionUtils - SqlSession [org.apache.ibatis.session.defaults.DefaultSqlSession@32e51303] was not registered for synchronization because synchronization is not active
2026-05-29 23:34:13.744 [http-nio-8081-exec-5] DEBUG o.m.s.t.SpringManagedTransaction - JDBC Connection [HikariProxyConnection@1596404780 wrapping com.mysql.cj.jdbc.ConnectionImpl@34a74f45] will not be managed by Spring
2026-05-29 23:34:13.744 [http-nio-8081-exec-5] DEBUG c.u.b.i.p.m.C.selectList - ==>  Preparing: SELECT id,user_uid,nick_name,real_name,avatar_url,current_entity_name,level,bio_data,career_data,intro,announcement,created_at,updated_at FROM user_profile WHERE (user_uid = ?) LIMIT 1
2026-05-29 23:34:13.744 [http-nio-8081-exec-5] DEBUG c.u.b.i.p.m.C.selectList - ==> Parameters: US00000000002(String)
2026-05-29 23:34:13.744 [http-nio-8081-exec-5] DEBUG c.u.b.i.p.m.C.selectList - <==      Total: 1
2026-05-29 23:34:13.744 [http-nio-8081-exec-5] DEBUG org.mybatis.spring.SqlSessionUtils - Closing non transactional SqlSession [org.apache.ibatis.session.defaults.DefaultSqlSession@32e51303]
2026-05-29 23:34:13.745 [http-nio-8081-exec-5] DEBUG org.mybatis.spring.SqlSessionUtils - Creating a new SqlSession
2026-05-29 23:34:13.745 [http-nio-8081-exec-5] DEBUG org.mybatis.spring.SqlSessionUtils - SqlSession [org.apache.ibatis.session.defaults.DefaultSqlSession@7e9d75fb] was not registered for synchronization because synchronization is not active
2026-05-29 23:34:13.745 [http-nio-8081-exec-5] DEBUG o.m.s.t.SpringManagedTransaction - JDBC Connection [HikariProxyConnection@1685720096 wrapping com.mysql.cj.jdbc.ConnectionImpl@34a74f45] will not be managed by Spring
2026-05-29 23:34:13.745 [http-nio-8081-exec-5] DEBUG c.u.b.i.p.m.U.selectList - ==>  Preparing: SELECT id,user_uid,entity_code,role,auth_serial_no,proof_artifact_url,audit_status,is_active,remark,created_at,updated_at FROM user_auth_link WHERE (user_uid = ? AND is_active = ?) ORDER BY updated_at DESC LIMIT 1
2026-05-29 23:34:13.746 [http-nio-8081-exec-5] DEBUG c.u.b.i.p.m.U.selectList - ==> Parameters: US00000000002(String), 1(Integer)
2026-05-29 23:34:13.746 [http-nio-8081-exec-5] DEBUG c.u.b.i.p.m.U.selectList - <==      Total: 1
2026-05-29 23:34:13.746 [http-nio-8081-exec-5] DEBUG org.mybatis.spring.SqlSessionUtils - Closing non transactional SqlSession [org.apache.ibatis.session.defaults.DefaultSqlSession@7e9d75fb]
2026-05-29 23:34:13.746 [http-nio-8081-exec-5] DEBUG org.mybatis.spring.SqlSessionUtils - Creating a new SqlSession
2026-05-29 23:34:13.746 [http-nio-8081-exec-5] DEBUG org.mybatis.spring.SqlSessionUtils - SqlSession [org.apache.ibatis.session.defaults.DefaultSqlSession@7caee1c4] was not registered for synchronization because synchronization is not active
2026-05-29 23:34:13.747 [http-nio-8081-exec-5] DEBUG o.m.s.t.SpringManagedTransaction - JDBC Connection [HikariProxyConnection@1762226439 wrapping com.mysql.cj.jdbc.ConnectionImpl@34a74f45] will not be managed by Spring
2026-05-29 23:34:13.747 [http-nio-8081-exec-5] DEBUG c.u.b.i.p.m.C.selectList - ==>  Preparing: SELECT id,entity_code,name,location,type,logo_url,banner_url,intro,announcement,created_at,updated_at FROM entity_profile WHERE (entity_code = ?) LIMIT 1
2026-05-29 23:34:13.747 [http-nio-8081-exec-5] DEBUG c.u.b.i.p.m.C.selectList - ==> Parameters: 10598(String)
2026-05-29 23:34:13.748 [http-nio-8081-exec-5] DEBUG c.u.b.i.p.m.C.selectList - <==      Total: 1
2026-05-29 23:34:13.748 [http-nio-8081-exec-5] DEBUG org.mybatis.spring.SqlSessionUtils - Closing non transactional SqlSession [org.apache.ibatis.session.defaults.DefaultSqlSession@7caee1c4]
2026-05-29 23:34:13.750 [http-nio-8081-exec-5] INFO  c.u.b.i.c.ApiRequestLoggingFilter - [API] GET /api/v1/client/user-profile/notes?uid=US00000000002&page=1&pageSize=20 -> 200 (35 ms) ip=127.0.0.1 location=局域网
2026-05-29 23:34:13.752 [http-nio-8081-exec-3] DEBUG c.u.b.i.config.IpLocationInterceptor - IP属地解析: ip=127.0.0.1, location=局域网, uri=/api/v1/client/user-profile/notes
2026-05-29 23:34:13.759 [http-nio-8081-exec-3] DEBUG org.mybatis.spring.SqlSessionUtils - Creating a new SqlSession
2026-05-29 23:34:13.759 [http-nio-8081-exec-3] DEBUG org.mybatis.spring.SqlSessionUtils - SqlSession [org.apache.ibatis.session.defaults.DefaultSqlSession@572c8f4f] was not registered for synchronization because synchronization is not active
2026-05-29 23:34:13.760 [http-nio-8081-exec-3] DEBUG o.m.s.t.SpringManagedTransaction - JDBC Connection [HikariProxyConnection@732771515 wrapping com.mysql.cj.jdbc.ConnectionImpl@70a6143d] will not be managed by Spring
2026-05-29 23:34:13.760 [http-nio-8081-exec-3] DEBUG c.u.b.i.p.m.C.selectList - ==>  Preparing: SELECT id,user_uid,phone,email,password_hash,account_status,account_status_changed_at,account_status_remark,last_login_at,created_at,updated_at FROM user WHERE (user_uid = ?) LIMIT 1
2026-05-29 23:34:13.760 [http-nio-8081-exec-3] DEBUG c.u.b.i.p.m.C.selectList - ==> Parameters: US00000000002(String)
2026-05-29 23:34:13.762 [http-nio-8081-exec-3] DEBUG c.u.b.i.p.m.C.selectList - <==      Total: 1
2026-05-29 23:34:13.762 [http-nio-8081-exec-3] DEBUG org.mybatis.spring.SqlSessionUtils - Closing non transactional SqlSession [org.apache.ibatis.session.defaults.DefaultSqlSession@572c8f4f]
2026-05-29 23:34:13.762 [http-nio-8081-exec-3] DEBUG org.mybatis.spring.SqlSessionUtils - Creating a new SqlSession
2026-05-29 23:34:13.762 [http-nio-8081-exec-3] DEBUG org.mybatis.spring.SqlSessionUtils - SqlSession [org.apache.ibatis.session.defaults.DefaultSqlSession@16fd2733] was not registered for synchronization because synchronization is not active
2026-05-29 23:34:13.763 [http-nio-8081-exec-3] DEBUG o.m.s.t.SpringManagedTransaction - JDBC Connection [HikariProxyConnection@622363732 wrapping com.mysql.cj.jdbc.ConnectionImpl@70a6143d] will not be managed by Spring
2026-05-29 23:34:13.763 [http-nio-8081-exec-3] DEBUG c.u.b.i.p.m.C.selectList - ==>  Preparing: SELECT id,user_uid,content_type_code,extended_uid,title,summary,editor_type,content,cover_url,video_url,video_duration,tags,view_count,like_count,collect_count,comment_count,status,published_at,created_at,updated_at FROM note WHERE (user_uid = ? AND status = ?) ORDER BY COALESCE(published_at, created_at) DESC, id DESC
2026-05-29 23:34:13.763 [http-nio-8081-exec-3] DEBUG c.u.b.i.p.m.C.selectList - ==> Parameters: US00000000002(String), PUBLISHED(String)
2026-05-29 23:34:13.765 [http-nio-8081-exec-3] DEBUG c.u.b.i.p.m.C.selectList - <==      Total: 3
2026-05-29 23:34:13.765 [http-nio-8081-exec-3] DEBUG org.mybatis.spring.SqlSessionUtils - Closing non transactional SqlSession [org.apache.ibatis.session.defaults.DefaultSqlSession@16fd2733]
2026-05-29 23:34:13.765 [http-nio-8081-exec-3] DEBUG org.mybatis.spring.SqlSessionUtils - Creating a new SqlSession
2026-05-29 23:34:13.765 [http-nio-8081-exec-3] DEBUG org.mybatis.spring.SqlSessionUtils - SqlSession [org.apache.ibatis.session.defaults.DefaultSqlSession@11b2a072] was not registered for synchronization because synchronization is not active
2026-05-29 23:34:13.765 [http-nio-8081-exec-3] DEBUG o.m.s.t.SpringManagedTransaction - JDBC Connection [HikariProxyConnection@1854527944 wrapping com.mysql.cj.jdbc.ConnectionImpl@70a6143d] will not be managed by Spring
2026-05-29 23:34:13.765 [http-nio-8081-exec-3] DEBUG c.u.b.i.p.m.C.selectCount - ==>  Preparing: SELECT COUNT( * ) AS total FROM note WHERE (user_uid = ? AND status = ?) ORDER BY COALESCE(published_at, created_at) DESC, id DESC
2026-05-29 23:34:13.766 [http-nio-8081-exec-3] DEBUG c.u.b.i.p.m.C.selectCount - ==> Parameters: US00000000002(String), PUBLISHED(String)
2026-05-29 23:34:13.766 [http-nio-8081-exec-3] DEBUG c.u.b.i.p.m.C.selectCount - <==      Total: 1
2026-05-29 23:34:13.766 [http-nio-8081-exec-3] DEBUG org.mybatis.spring.SqlSessionUtils - Closing non transactional SqlSession [org.apache.ibatis.session.defaults.DefaultSqlSession@11b2a072]
2026-05-29 23:34:13.766 [http-nio-8081-exec-3] DEBUG org.mybatis.spring.SqlSessionUtils - Creating a new SqlSession
2026-05-29 23:34:13.766 [http-nio-8081-exec-3] DEBUG org.mybatis.spring.SqlSessionUtils - SqlSession [org.apache.ibatis.session.defaults.DefaultSqlSession@7b514847] was not registered for synchronization because synchronization is not active
2026-05-29 23:34:13.768 [http-nio-8081-exec-3] DEBUG o.m.s.t.SpringManagedTransaction - JDBC Connection [HikariProxyConnection@2137314927 wrapping com.mysql.cj.jdbc.ConnectionImpl@70a6143d] will not be managed by Spring
2026-05-29 23:34:13.768 [http-nio-8081-exec-3] DEBUG c.u.b.i.p.m.C.selectList - ==>  Preparing: SELECT id,user_uid,nick_name,real_name,avatar_url,current_entity_name,level,bio_data,career_data,intro,announcement,created_at,updated_at FROM user_profile WHERE (user_uid = ?) LIMIT 1
2026-05-29 23:34:13.768 [http-nio-8081-exec-3] DEBUG c.u.b.i.p.m.C.selectList - ==> Parameters: US00000000002(String)
2026-05-29 23:34:13.770 [http-nio-8081-exec-3] DEBUG c.u.b.i.p.m.C.selectList - <==      Total: 1
2026-05-29 23:34:13.770 [http-nio-8081-exec-3] DEBUG org.mybatis.spring.SqlSessionUtils - Closing non transactional SqlSession [org.apache.ibatis.session.defaults.DefaultSqlSession@7b514847]
2026-05-29 23:34:13.770 [http-nio-8081-exec-3] DEBUG org.mybatis.spring.SqlSessionUtils - Creating a new SqlSession
2026-05-29 23:34:13.770 [http-nio-8081-exec-3] DEBUG org.mybatis.spring.SqlSessionUtils - SqlSession [org.apache.ibatis.session.defaults.DefaultSqlSession@469b8fd9] was not registered for synchronization because synchronization is not active
2026-05-29 23:34:13.770 [http-nio-8081-exec-3] DEBUG o.m.s.t.SpringManagedTransaction - JDBC Connection [HikariProxyConnection@939127869 wrapping com.mysql.cj.jdbc.ConnectionImpl@70a6143d] will not be managed by Spring
2026-05-29 23:34:13.771 [http-nio-8081-exec-3] DEBUG c.u.b.i.p.m.U.selectList - ==>  Preparing: SELECT id,user_uid,entity_code,role,auth_serial_no,proof_artifact_url,audit_status,is_active,remark,created_at,updated_at FROM user_auth_link WHERE (user_uid = ? AND is_active = ?) ORDER BY updated_at DESC LIMIT 1
2026-05-29 23:34:13.771 [http-nio-8081-exec-3] DEBUG c.u.b.i.p.m.U.selectList - ==> Parameters: US00000000002(String), 1(Integer)
2026-05-29 23:34:13.772 [http-nio-8081-exec-3] DEBUG c.u.b.i.p.m.U.selectList - <==      Total: 1
2026-05-29 23:34:13.772 [http-nio-8081-exec-3] DEBUG org.mybatis.spring.SqlSessionUtils - Closing non transactional SqlSession [org.apache.ibatis.session.defaults.DefaultSqlSession@469b8fd9]
2026-05-29 23:34:13.773 [http-nio-8081-exec-3] DEBUG org.mybatis.spring.SqlSessionUtils - Creating a new SqlSession
2026-05-29 23:34:13.773 [http-nio-8081-exec-3] DEBUG org.mybatis.spring.SqlSessionUtils - SqlSession [org.apache.ibatis.session.defaults.DefaultSqlSession@290dac88] was not registered for synchronization because synchronization is not active
2026-05-29 23:34:13.773 [http-nio-8081-exec-3] DEBUG o.m.s.t.SpringManagedTransaction - JDBC Connection [HikariProxyConnection@871500599 wrapping com.mysql.cj.jdbc.ConnectionImpl@70a6143d] will not be managed by Spring
2026-05-29 23:34:13.773 [http-nio-8081-exec-3] DEBUG c.u.b.i.p.m.C.selectList - ==>  Preparing: SELECT id,entity_code,name,location,type,logo_url,banner_url,intro,announcement,created_at,updated_at FROM entity_profile WHERE (entity_code = ?) LIMIT 1
2026-05-29 23:34:13.773 [http-nio-8081-exec-3] DEBUG c.u.b.i.p.m.C.selectList - ==> Parameters: 10598(String)
2026-05-29 23:34:13.774 [http-nio-8081-exec-3] DEBUG c.u.b.i.p.m.C.selectList - <==      Total: 1
2026-05-29 23:34:13.774 [http-nio-8081-exec-3] DEBUG org.mybatis.spring.SqlSessionUtils - Closing non transactional SqlSession [org.apache.ibatis.session.defaults.DefaultSqlSession@290dac88]
2026-05-29 23:34:13.774 [http-nio-8081-exec-3] DEBUG org.mybatis.spring.SqlSessionUtils - Creating a new SqlSession
2026-05-29 23:34:13.774 [http-nio-8081-exec-3] DEBUG org.mybatis.spring.SqlSessionUtils - SqlSession [org.apache.ibatis.session.defaults.DefaultSqlSession@192f6c92] was not registered for synchronization because synchronization is not active
2026-05-29 23:34:13.775 [http-nio-8081-exec-3] DEBUG o.m.s.t.SpringManagedTransaction - JDBC Connection [HikariProxyConnection@1560472275 wrapping com.mysql.cj.jdbc.ConnectionImpl@70a6143d] will not be managed by Spring
2026-05-29 23:34:13.775 [http-nio-8081-exec-3] DEBUG c.u.b.i.p.m.C.selectList - ==>  Preparing: SELECT id,user_uid,nick_name,real_name,avatar_url,current_entity_name,level,bio_data,career_data,intro,announcement,created_at,updated_at FROM user_profile WHERE (user_uid = ?) LIMIT 1
2026-05-29 23:34:13.775 [http-nio-8081-exec-3] DEBUG c.u.b.i.p.m.C.selectList - ==> Parameters: US00000000002(String)
2026-05-29 23:34:13.777 [http-nio-8081-exec-3] DEBUG c.u.b.i.p.m.C.selectList - <==      Total: 1
2026-05-29 23:34:13.777 [http-nio-8081-exec-3] DEBUG org.mybatis.spring.SqlSessionUtils - Closing non transactional SqlSession [org.apache.ibatis.session.defaults.DefaultSqlSession@192f6c92]
2026-05-29 23:34:13.779 [http-nio-8081-exec-3] DEBUG org.mybatis.spring.SqlSessionUtils - Creating a new SqlSession
2026-05-29 23:34:13.779 [http-nio-8081-exec-3] DEBUG org.mybatis.spring.SqlSessionUtils - SqlSession [org.apache.ibatis.session.defaults.DefaultSqlSession@274a7657] was not registered for synchronization because synchronization is not active
2026-05-29 23:34:13.779 [http-nio-8081-exec-3] DEBUG o.m.s.t.SpringManagedTransaction - JDBC Connection [HikariProxyConnection@1164166608 wrapping com.mysql.cj.jdbc.ConnectionImpl@70a6143d] will not be managed by Spring
2026-05-29 23:34:13.779 [http-nio-8081-exec-3] DEBUG c.u.b.i.p.m.U.selectList - ==>  Preparing: SELECT id,user_uid,entity_code,role,auth_serial_no,proof_artifact_url,audit_status,is_active,remark,created_at,updated_at FROM user_auth_link WHERE (user_uid = ? AND is_active = ?) ORDER BY updated_at DESC LIMIT 1
2026-05-29 23:34:13.779 [http-nio-8081-exec-3] DEBUG c.u.b.i.p.m.U.selectList - ==> Parameters: US00000000002(String), 1(Integer)
2026-05-29 23:34:13.780 [http-nio-8081-exec-3] DEBUG c.u.b.i.p.m.U.selectList - <==      Total: 1
2026-05-29 23:34:13.780 [http-nio-8081-exec-3] DEBUG org.mybatis.spring.SqlSessionUtils - Closing non transactional SqlSession [org.apache.ibatis.session.defaults.DefaultSqlSession@274a7657]
2026-05-29 23:34:13.781 [http-nio-8081-exec-3] DEBUG org.mybatis.spring.SqlSessionUtils - Creating a new SqlSession
2026-05-29 23:34:13.781 [http-nio-8081-exec-3] DEBUG org.mybatis.spring.SqlSessionUtils - SqlSession [org.apache.ibatis.session.defaults.DefaultSqlSession@26116e84] was not registered for synchronization because synchronization is not active
2026-05-29 23:34:13.781 [http-nio-8081-exec-3] DEBUG o.m.s.t.SpringManagedTransaction - JDBC Connection [HikariProxyConnection@1386040543 wrapping com.mysql.cj.jdbc.ConnectionImpl@70a6143d] will not be managed by Spring
2026-05-29 23:34:13.781 [http-nio-8081-exec-3] DEBUG c.u.b.i.p.m.C.selectList - ==>  Preparing: SELECT id,entity_code,name,location,type,logo_url,banner_url,intro,announcement,created_at,updated_at FROM entity_profile WHERE (entity_code = ?) LIMIT 1
2026-05-29 23:34:13.783 [http-nio-8081-exec-3] DEBUG c.u.b.i.p.m.C.selectList - ==> Parameters: 10598(String)
2026-05-29 23:34:13.784 [http-nio-8081-exec-3] DEBUG c.u.b.i.p.m.C.selectList - <==      Total: 1
2026-05-29 23:34:13.784 [http-nio-8081-exec-3] DEBUG org.mybatis.spring.SqlSessionUtils - Closing non transactional SqlSession [org.apache.ibatis.session.defaults.DefaultSqlSession@26116e84]
2026-05-29 23:34:13.785 [http-nio-8081-exec-3] DEBUG org.mybatis.spring.SqlSessionUtils - Creating a new SqlSession
2026-05-29 23:34:13.785 [http-nio-8081-exec-3] DEBUG org.mybatis.spring.SqlSessionUtils - SqlSession [org.apache.ibatis.session.defaults.DefaultSqlSession@69486ff6] was not registered for synchronization because synchronization is not active
2026-05-29 23:34:13.785 [http-nio-8081-exec-3] DEBUG o.m.s.t.SpringManagedTransaction - JDBC Connection [HikariProxyConnection@1140869397 wrapping com.mysql.cj.jdbc.ConnectionImpl@70a6143d] will not be managed by Spring
2026-05-29 23:34:13.785 [http-nio-8081-exec-3] DEBUG c.u.b.i.p.m.C.selectList - ==>  Preparing: SELECT id,user_uid,nick_name,real_name,avatar_url,current_entity_name,level,bio_data,career_data,intro,announcement,created_at,updated_at FROM user_profile WHERE (user_uid = ?) LIMIT 1
2026-05-29 23:34:13.785 [http-nio-8081-exec-3] DEBUG c.u.b.i.p.m.C.selectList - ==> Parameters: US00000000002(String)
2026-05-29 23:34:13.786 [http-nio-8081-exec-3] DEBUG c.u.b.i.p.m.C.selectList - <==      Total: 1
2026-05-29 23:34:13.786 [http-nio-8081-exec-3] DEBUG org.mybatis.spring.SqlSessionUtils - Closing non transactional SqlSession [org.apache.ibatis.session.defaults.DefaultSqlSession@69486ff6]
2026-05-29 23:34:13.786 [http-nio-8081-exec-3] DEBUG org.mybatis.spring.SqlSessionUtils - Creating a new SqlSession
2026-05-29 23:34:13.786 [http-nio-8081-exec-3] DEBUG org.mybatis.spring.SqlSessionUtils - SqlSession [org.apache.ibatis.session.defaults.DefaultSqlSession@2f6bece9] was not registered for synchronization because synchronization is not active
2026-05-29 23:34:13.787 [http-nio-8081-exec-3] DEBUG o.m.s.t.SpringManagedTransaction - JDBC Connection [HikariProxyConnection@91623725 wrapping com.mysql.cj.jdbc.ConnectionImpl@70a6143d] will not be managed by Spring
2026-05-29 23:34:13.787 [http-nio-8081-exec-3] DEBUG c.u.b.i.p.m.U.selectList - ==>  Preparing: SELECT id,user_uid,entity_code,role,auth_serial_no,proof_artifact_url,audit_status,is_active,remark,created_at,updated_at FROM user_auth_link WHERE (user_uid = ? AND is_active = ?) ORDER BY updated_at DESC LIMIT 1
2026-05-29 23:34:13.787 [http-nio-8081-exec-3] DEBUG c.u.b.i.p.m.U.selectList - ==> Parameters: US00000000002(String), 1(Integer)
2026-05-29 23:34:13.788 [http-nio-8081-exec-3] DEBUG c.u.b.i.p.m.U.selectList - <==      Total: 1
2026-05-29 23:34:13.788 [http-nio-8081-exec-3] DEBUG org.mybatis.spring.SqlSessionUtils - Closing non transactional SqlSession [org.apache.ibatis.session.defaults.DefaultSqlSession@2f6bece9]
2026-05-29 23:34:13.788 [http-nio-8081-exec-3] DEBUG org.mybatis.spring.SqlSessionUtils - Creating a new SqlSession
2026-05-29 23:34:13.788 [http-nio-8081-exec-3] DEBUG org.mybatis.spring.SqlSessionUtils - SqlSession [org.apache.ibatis.session.defaults.DefaultSqlSession@27a8fa18] was not registered for synchronization because synchronization is not active
2026-05-29 23:34:13.790 [http-nio-8081-exec-3] DEBUG o.m.s.t.SpringManagedTransaction - JDBC Connection [HikariProxyConnection@1465140896 wrapping com.mysql.cj.jdbc.ConnectionImpl@70a6143d] will not be managed by Spring
2026-05-29 23:34:13.790 [http-nio-8081-exec-3] DEBUG c.u.b.i.p.m.C.selectList - ==>  Preparing: SELECT id,entity_code,name,location,type,logo_url,banner_url,intro,announcement,created_at,updated_at FROM entity_profile WHERE (entity_code = ?) LIMIT 1
2026-05-29 23:34:13.790 [http-nio-8081-exec-3] DEBUG c.u.b.i.p.m.C.selectList - ==> Parameters: 10598(String)
2026-05-29 23:34:13.790 [http-nio-8081-exec-3] DEBUG c.u.b.i.p.m.C.selectList - <==      Total: 1
2026-05-29 23:34:13.790 [http-nio-8081-exec-3] DEBUG org.mybatis.spring.SqlSessionUtils - Closing non transactional SqlSession [org.apache.ibatis.session.defaults.DefaultSqlSession@27a8fa18]
2026-05-29 23:34:13.792 [http-nio-8081-exec-3] INFO  c.u.b.i.c.ApiRequestLoggingFilter - [API] GET /api/v1/client/user-profile/notes?uid=US00000000002&page=1&pageSize=20 -> 200 (40 ms) ip=127.0.0.1 location=局域网
2026-05-29 23:34:16.085 [http-nio-8081-exec-1] DEBUG c.u.b.i.config.IpLocationInterceptor - IP属地解析: ip=127.0.0.1, location=局域网, uri=/api/v1/client/user-profile/projects
2026-05-29 23:34:16.091 [http-nio-8081-exec-1] DEBUG org.mybatis.spring.SqlSessionUtils - Creating a new SqlSession
2026-05-29 23:34:16.091 [http-nio-8081-exec-1] DEBUG org.mybatis.spring.SqlSessionUtils - SqlSession [org.apache.ibatis.session.defaults.DefaultSqlSession@64f4b788] was not registered for synchronization because synchronization is not active
2026-05-29 23:34:16.092 [http-nio-8081-exec-1] DEBUG o.m.s.t.SpringManagedTransaction - JDBC Connection [HikariProxyConnection@1702136610 wrapping com.mysql.cj.jdbc.ConnectionImpl@70a6143d] will not be managed by Spring
2026-05-29 23:34:16.092 [http-nio-8081-exec-1] DEBUG c.u.b.i.p.m.C.selectList - ==>  Preparing: SELECT id,user_uid,phone,email,password_hash,account_status,account_status_changed_at,account_status_remark,last_login_at,created_at,updated_at FROM user WHERE (user_uid = ?) LIMIT 1
2026-05-29 23:34:16.092 [http-nio-8081-exec-1] DEBUG c.u.b.i.p.m.C.selectList - ==> Parameters: US00000000002(String)
2026-05-29 23:34:16.093 [http-nio-8081-exec-1] DEBUG c.u.b.i.p.m.C.selectList - <==      Total: 1
2026-05-29 23:34:16.093 [http-nio-8081-exec-1] DEBUG org.mybatis.spring.SqlSessionUtils - Closing non transactional SqlSession [org.apache.ibatis.session.defaults.DefaultSqlSession@64f4b788]
2026-05-29 23:34:16.093 [http-nio-8081-exec-1] DEBUG org.mybatis.spring.SqlSessionUtils - Creating a new SqlSession
2026-05-29 23:34:16.093 [http-nio-8081-exec-1] DEBUG org.mybatis.spring.SqlSessionUtils - SqlSession [org.apache.ibatis.session.defaults.DefaultSqlSession@1c9339dc] was not registered for synchronization because synchronization is not active
2026-05-29 23:34:16.093 [http-nio-8081-exec-1] DEBUG o.m.s.t.SpringManagedTransaction - JDBC Connection [HikariProxyConnection@1570407729 wrapping com.mysql.cj.jdbc.ConnectionImpl@70a6143d] will not be managed by Spring
2026-05-29 23:34:16.093 [http-nio-8081-exec-1] DEBUG c.u.b.i.p.m.C.selectList - ==>  Preparing: SELECT id,user_uid,nick_name,real_name,avatar_url,current_entity_name,level,bio_data,career_data,intro,announcement,created_at,updated_at FROM user_profile WHERE (user_uid = ?) LIMIT 1
2026-05-29 23:34:16.093 [http-nio-8081-exec-1] DEBUG c.u.b.i.p.m.C.selectList - ==> Parameters: US00000000002(String)
2026-05-29 23:34:16.094 [http-nio-8081-exec-1] DEBUG c.u.b.i.p.m.C.selectList - <==      Total: 1
2026-05-29 23:34:16.095 [http-nio-8081-exec-1] DEBUG org.mybatis.spring.SqlSessionUtils - Closing non transactional SqlSession [org.apache.ibatis.session.defaults.DefaultSqlSession@1c9339dc]
2026-05-29 23:34:16.095 [http-nio-8081-exec-1] DEBUG org.mybatis.spring.SqlSessionUtils - Creating a new SqlSession
2026-05-29 23:34:16.095 [http-nio-8081-exec-1] DEBUG org.mybatis.spring.SqlSessionUtils - SqlSession [org.apache.ibatis.session.defaults.DefaultSqlSession@3a0a779a] was not registered for synchronization because synchronization is not active
2026-05-29 23:34:16.095 [http-nio-8081-exec-1] DEBUG o.m.s.t.SpringManagedTransaction - JDBC Connection [HikariProxyConnection@1070785758 wrapping com.mysql.cj.jdbc.ConnectionImpl@70a6143d] will not be managed by Spring
2026-05-29 23:34:16.095 [http-nio-8081-exec-1] DEBUG c.u.b.i.p.m.C.selectList - ==>  Preparing: SELECT id,project_uid,extended_uid,category,recruitment_type,owner_uid,team_uid,title,preview,editor_type,description,tags,duration,team_size,deadline,level,status,published_at,created_at,updated_at FROM project WHERE (owner_uid = ?) ORDER BY COALESCE(published_at, created_at) DESC, id DESC
2026-05-29 23:34:16.095 [http-nio-8081-exec-1] DEBUG c.u.b.i.p.m.C.selectList - ==> Parameters: US00000000002(String)
2026-05-29 23:34:16.096 [http-nio-8081-exec-1] DEBUG c.u.b.i.p.m.C.selectList - <==      Total: 1
2026-05-29 23:34:16.096 [http-nio-8081-exec-1] DEBUG org.mybatis.spring.SqlSessionUtils - Closing non transactional SqlSession [org.apache.ibatis.session.defaults.DefaultSqlSession@3a0a779a]
2026-05-29 23:34:16.096 [http-nio-8081-exec-1] DEBUG org.mybatis.spring.SqlSessionUtils - Creating a new SqlSession
2026-05-29 23:34:16.096 [http-nio-8081-exec-1] DEBUG org.mybatis.spring.SqlSessionUtils - SqlSession [org.apache.ibatis.session.defaults.DefaultSqlSession@1b729c1e] was not registered for synchronization because synchronization is not active
2026-05-29 23:34:16.097 [http-nio-8081-exec-1] DEBUG o.m.s.t.SpringManagedTransaction - JDBC Connection [HikariProxyConnection@1915588173 wrapping com.mysql.cj.jdbc.ConnectionImpl@70a6143d] will not be managed by Spring
2026-05-29 23:34:16.097 [http-nio-8081-exec-1] DEBUG c.u.b.i.p.m.C.selectCount - ==>  Preparing: SELECT COUNT( * ) AS total FROM project WHERE (owner_uid = ?) ORDER BY COALESCE(published_at, created_at) DESC, id DESC
2026-05-29 23:34:16.097 [http-nio-8081-exec-1] DEBUG c.u.b.i.p.m.C.selectCount - ==> Parameters: US00000000002(String)
2026-05-29 23:34:16.098 [http-nio-8081-exec-1] DEBUG c.u.b.i.p.m.C.selectCount - <==      Total: 1
2026-05-29 23:34:16.098 [http-nio-8081-exec-1] DEBUG org.mybatis.spring.SqlSessionUtils - Closing non transactional SqlSession [org.apache.ibatis.session.defaults.DefaultSqlSession@1b729c1e]
2026-05-29 23:34:16.098 [http-nio-8081-exec-1] DEBUG org.mybatis.spring.SqlSessionUtils - Creating a new SqlSession
2026-05-29 23:34:16.098 [http-nio-8081-exec-1] DEBUG org.mybatis.spring.SqlSessionUtils - SqlSession [org.apache.ibatis.session.defaults.DefaultSqlSession@2e85e609] was not registered for synchronization because synchronization is not active
2026-05-29 23:34:16.098 [http-nio-8081-exec-1] DEBUG o.m.s.t.SpringManagedTransaction - JDBC Connection [HikariProxyConnection@563613099 wrapping com.mysql.cj.jdbc.ConnectionImpl@70a6143d] will not be managed by Spring
2026-05-29 23:34:16.098 [http-nio-8081-exec-1] DEBUG c.u.b.i.p.m.U.selectList - ==>  Preparing: SELECT id,user_uid,entity_code,role,auth_serial_no,proof_artifact_url,audit_status,is_active,remark,created_at,updated_at FROM user_auth_link WHERE (user_uid = ? AND is_active = ?) ORDER BY updated_at DESC LIMIT 1
2026-05-29 23:34:16.099 [http-nio-8081-exec-1] DEBUG c.u.b.i.p.m.U.selectList - ==> Parameters: US00000000002(String), 1(Integer)
2026-05-29 23:34:16.099 [http-nio-8081-exec-1] DEBUG c.u.b.i.p.m.U.selectList - <==      Total: 1
2026-05-29 23:34:16.099 [http-nio-8081-exec-1] DEBUG org.mybatis.spring.SqlSessionUtils - Closing non transactional SqlSession [org.apache.ibatis.session.defaults.DefaultSqlSession@2e85e609]
2026-05-29 23:34:16.100 [http-nio-8081-exec-1] DEBUG org.mybatis.spring.SqlSessionUtils - Creating a new SqlSession
2026-05-29 23:34:16.100 [http-nio-8081-exec-1] DEBUG org.mybatis.spring.SqlSessionUtils - SqlSession [org.apache.ibatis.session.defaults.DefaultSqlSession@6e7f307a] was not registered for synchronization because synchronization is not active
2026-05-29 23:34:16.100 [http-nio-8081-exec-1] DEBUG o.m.s.t.SpringManagedTransaction - JDBC Connection [HikariProxyConnection@1867195922 wrapping com.mysql.cj.jdbc.ConnectionImpl@70a6143d] will not be managed by Spring
2026-05-29 23:34:16.100 [http-nio-8081-exec-1] DEBUG c.u.b.i.p.m.C.selectList - ==>  Preparing: SELECT id,entity_code,name,location,type,logo_url,banner_url,intro,announcement,created_at,updated_at FROM entity_profile WHERE (entity_code = ?) LIMIT 1
2026-05-29 23:34:16.100 [http-nio-8081-exec-1] DEBUG c.u.b.i.p.m.C.selectList - ==> Parameters: 10598(String)
2026-05-29 23:34:16.101 [http-nio-8081-exec-1] DEBUG c.u.b.i.p.m.C.selectList - <==      Total: 1
2026-05-29 23:34:16.101 [http-nio-8081-exec-1] DEBUG org.mybatis.spring.SqlSessionUtils - Closing non transactional SqlSession [org.apache.ibatis.session.defaults.DefaultSqlSession@6e7f307a]
2026-05-29 23:34:16.102 [http-nio-8081-exec-1] INFO  c.u.b.i.c.ApiRequestLoggingFilter - [API] GET /api/v1/client/user-profile/projects?uid=US00000000002&page=1&pageSize=20 -> 200 (17 ms) ip=127.0.0.1 location=局域网
2026-05-29 23:34:16.103 [http-nio-8081-exec-10] DEBUG c.u.b.i.config.IpLocationInterceptor - IP属地解析: ip=127.0.0.1, location=局域网, uri=/api/v1/client/user-profile/projects
2026-05-29 23:34:16.108 [http-nio-8081-exec-10] DEBUG org.mybatis.spring.SqlSessionUtils - Creating a new SqlSession
2026-05-29 23:34:16.108 [http-nio-8081-exec-10] DEBUG org.mybatis.spring.SqlSessionUtils - SqlSession [org.apache.ibatis.session.defaults.DefaultSqlSession@724a91f6] was not registered for synchronization because synchronization is not active
2026-05-29 23:34:16.108 [http-nio-8081-exec-10] DEBUG o.m.s.t.SpringManagedTransaction - JDBC Connection [HikariProxyConnection@24908386 wrapping com.mysql.cj.jdbc.ConnectionImpl@70a6143d] will not be managed by Spring
2026-05-29 23:34:16.108 [http-nio-8081-exec-10] DEBUG c.u.b.i.p.m.C.selectList - ==>  Preparing: SELECT id,user_uid,phone,email,password_hash,account_status,account_status_changed_at,account_status_remark,last_login_at,created_at,updated_at FROM user WHERE (user_uid = ?) LIMIT 1
2026-05-29 23:34:16.108 [http-nio-8081-exec-10] DEBUG c.u.b.i.p.m.C.selectList - ==> Parameters: US00000000002(String)
2026-05-29 23:34:16.110 [http-nio-8081-exec-10] DEBUG c.u.b.i.p.m.C.selectList - <==      Total: 1
2026-05-29 23:34:16.110 [http-nio-8081-exec-10] DEBUG org.mybatis.spring.SqlSessionUtils - Closing non transactional SqlSession [org.apache.ibatis.session.defaults.DefaultSqlSession@724a91f6]
2026-05-29 23:34:16.110 [http-nio-8081-exec-10] DEBUG org.mybatis.spring.SqlSessionUtils - Creating a new SqlSession
2026-05-29 23:34:16.110 [http-nio-8081-exec-10] DEBUG org.mybatis.spring.SqlSessionUtils - SqlSession [org.apache.ibatis.session.defaults.DefaultSqlSession@337bd84] was not registered for synchronization because synchronization is not active
2026-05-29 23:34:16.111 [http-nio-8081-exec-10] DEBUG o.m.s.t.SpringManagedTransaction - JDBC Connection [HikariProxyConnection@626280757 wrapping com.mysql.cj.jdbc.ConnectionImpl@70a6143d] will not be managed by Spring
2026-05-29 23:34:16.111 [http-nio-8081-exec-10] DEBUG c.u.b.i.p.m.C.selectList - ==>  Preparing: SELECT id,user_uid,nick_name,real_name,avatar_url,current_entity_name,level,bio_data,career_data,intro,announcement,created_at,updated_at FROM user_profile WHERE (user_uid = ?) LIMIT 1
2026-05-29 23:34:16.112 [http-nio-8081-exec-10] DEBUG c.u.b.i.p.m.C.selectList - ==> Parameters: US00000000002(String)
2026-05-29 23:34:16.113 [http-nio-8081-exec-10] DEBUG c.u.b.i.p.m.C.selectList - <==      Total: 1
2026-05-29 23:34:16.113 [http-nio-8081-exec-10] DEBUG org.mybatis.spring.SqlSessionUtils - Closing non transactional SqlSession [org.apache.ibatis.session.defaults.DefaultSqlSession@337bd84]
2026-05-29 23:34:16.113 [http-nio-8081-exec-10] DEBUG org.mybatis.spring.SqlSessionUtils - Creating a new SqlSession
2026-05-29 23:34:16.113 [http-nio-8081-exec-10] DEBUG org.mybatis.spring.SqlSessionUtils - SqlSession [org.apache.ibatis.session.defaults.DefaultSqlSession@765e97d1] was not registered for synchronization because synchronization is not active
2026-05-29 23:34:16.113 [http-nio-8081-exec-10] DEBUG o.m.s.t.SpringManagedTransaction - JDBC Connection [HikariProxyConnection@1220267779 wrapping com.mysql.cj.jdbc.ConnectionImpl@70a6143d] will not be managed by Spring
2026-05-29 23:34:16.113 [http-nio-8081-exec-10] DEBUG c.u.b.i.p.m.C.selectList - ==>  Preparing: SELECT id,project_uid,extended_uid,category,recruitment_type,owner_uid,team_uid,title,preview,editor_type,description,tags,duration,team_size,deadline,level,status,published_at,created_at,updated_at FROM project WHERE (owner_uid = ?) ORDER BY COALESCE(published_at, created_at) DESC, id DESC
2026-05-29 23:34:16.114 [http-nio-8081-exec-10] DEBUG c.u.b.i.p.m.C.selectList - ==> Parameters: US00000000002(String)
2026-05-29 23:34:16.115 [http-nio-8081-exec-10] DEBUG c.u.b.i.p.m.C.selectList - <==      Total: 1
2026-05-29 23:34:16.115 [http-nio-8081-exec-10] DEBUG org.mybatis.spring.SqlSessionUtils - Closing non transactional SqlSession [org.apache.ibatis.session.defaults.DefaultSqlSession@765e97d1]
2026-05-29 23:34:16.115 [http-nio-8081-exec-10] DEBUG org.mybatis.spring.SqlSessionUtils - Creating a new SqlSession
2026-05-29 23:34:16.115 [http-nio-8081-exec-10] DEBUG org.mybatis.spring.SqlSessionUtils - SqlSession [org.apache.ibatis.session.defaults.DefaultSqlSession@5e6d2683] was not registered for synchronization because synchronization is not active
2026-05-29 23:34:16.116 [http-nio-8081-exec-10] DEBUG o.m.s.t.SpringManagedTransaction - JDBC Connection [HikariProxyConnection@1552929408 wrapping com.mysql.cj.jdbc.ConnectionImpl@70a6143d] will not be managed by Spring
2026-05-29 23:34:16.116 [http-nio-8081-exec-10] DEBUG c.u.b.i.p.m.C.selectCount - ==>  Preparing: SELECT COUNT( * ) AS total FROM project WHERE (owner_uid = ?) ORDER BY COALESCE(published_at, created_at) DESC, id DESC
2026-05-29 23:34:16.116 [http-nio-8081-exec-10] DEBUG c.u.b.i.p.m.C.selectCount - ==> Parameters: US00000000002(String)
2026-05-29 23:34:16.116 [http-nio-8081-exec-10] DEBUG c.u.b.i.p.m.C.selectCount - <==      Total: 1
2026-05-29 23:34:16.116 [http-nio-8081-exec-10] DEBUG org.mybatis.spring.SqlSessionUtils - Closing non transactional SqlSession [org.apache.ibatis.session.defaults.DefaultSqlSession@5e6d2683]
2026-05-29 23:34:16.116 [http-nio-8081-exec-10] DEBUG org.mybatis.spring.SqlSessionUtils - Creating a new SqlSession
2026-05-29 23:34:16.116 [http-nio-8081-exec-10] DEBUG org.mybatis.spring.SqlSessionUtils - SqlSession [org.apache.ibatis.session.defaults.DefaultSqlSession@c6b9964] was not registered for synchronization because synchronization is not active
2026-05-29 23:34:16.117 [http-nio-8081-exec-10] DEBUG o.m.s.t.SpringManagedTransaction - JDBC Connection [HikariProxyConnection@990248788 wrapping com.mysql.cj.jdbc.ConnectionImpl@70a6143d] will not be managed by Spring
2026-05-29 23:34:16.117 [http-nio-8081-exec-10] DEBUG c.u.b.i.p.m.U.selectList - ==>  Preparing: SELECT id,user_uid,entity_code,role,auth_serial_no,proof_artifact_url,audit_status,is_active,remark,created_at,updated_at FROM user_auth_link WHERE (user_uid = ? AND is_active = ?) ORDER BY updated_at DESC LIMIT 1
2026-05-29 23:34:16.117 [http-nio-8081-exec-10] DEBUG c.u.b.i.p.m.U.selectList - ==> Parameters: US00000000002(String), 1(Integer)
2026-05-29 23:34:16.117 [http-nio-8081-exec-10] DEBUG c.u.b.i.p.m.U.selectList - <==      Total: 1
2026-05-29 23:34:16.118 [http-nio-8081-exec-10] DEBUG org.mybatis.spring.SqlSessionUtils - Closing non transactional SqlSession [org.apache.ibatis.session.defaults.DefaultSqlSession@c6b9964]
2026-05-29 23:34:16.118 [http-nio-8081-exec-10] DEBUG org.mybatis.spring.SqlSessionUtils - Creating a new SqlSession
2026-05-29 23:34:16.118 [http-nio-8081-exec-10] DEBUG org.mybatis.spring.SqlSessionUtils - SqlSession [org.apache.ibatis.session.defaults.DefaultSqlSession@594e361] was not registered for synchronization because synchronization is not active
2026-05-29 23:34:16.118 [http-nio-8081-exec-10] DEBUG o.m.s.t.SpringManagedTransaction - JDBC Connection [HikariProxyConnection@1432676878 wrapping com.mysql.cj.jdbc.ConnectionImpl@70a6143d] will not be managed by Spring
2026-05-29 23:34:16.118 [http-nio-8081-exec-10] DEBUG c.u.b.i.p.m.C.selectList - ==>  Preparing: SELECT id,entity_code,name,location,type,logo_url,banner_url,intro,announcement,created_at,updated_at FROM entity_profile WHERE (entity_code = ?) LIMIT 1
2026-05-29 23:34:16.118 [http-nio-8081-exec-10] DEBUG c.u.b.i.p.m.C.selectList - ==> Parameters: 10598(String)
2026-05-29 23:34:16.119 [http-nio-8081-exec-10] DEBUG c.u.b.i.p.m.C.selectList - <==      Total: 1
2026-05-29 23:34:16.119 [http-nio-8081-exec-10] DEBUG org.mybatis.spring.SqlSessionUtils - Closing non transactional SqlSession [org.apache.ibatis.session.defaults.DefaultSqlSession@594e361]
2026-05-29 23:34:16.119 [http-nio-8081-exec-10] INFO  c.u.b.i.c.ApiRequestLoggingFilter - [API] GET /api/v1/client/user-profile/projects?uid=US00000000002&page=1&pageSize=20 -> 200 (16 ms) ip=127.0.0.1 location=局域网
2026-05-29 23:34:17.375 [http-nio-8081-exec-4] DEBUG c.u.b.i.config.IpLocationInterceptor - IP属地解析: ip=127.0.0.1, location=局域网, uri=/api/v1/client/user-profile/menu
2026-05-29 23:34:17.375 [http-nio-8081-exec-2] DEBUG c.u.b.i.config.IpLocationInterceptor - IP属地解析: ip=127.0.0.1, location=局域网, uri=/api/v1/client/projects/PRWp8BKpAdVXC
2026-05-29 23:34:17.376 [http-nio-8081-exec-2] DEBUG org.mybatis.spring.SqlSessionUtils - Creating a new SqlSession
2026-05-29 23:34:17.376 [http-nio-8081-exec-2] DEBUG org.mybatis.spring.SqlSessionUtils - SqlSession [org.apache.ibatis.session.defaults.DefaultSqlSession@278fb89b] was not registered for synchronization because synchronization is not active
2026-05-29 23:34:17.376 [http-nio-8081-exec-2] DEBUG o.m.s.t.SpringManagedTransaction - JDBC Connection [HikariProxyConnection@365856830 wrapping com.mysql.cj.jdbc.ConnectionImpl@34a74f45] will not be managed by Spring
2026-05-29 23:34:17.377 [http-nio-8081-exec-2] DEBUG c.u.b.i.p.m.C.selectList - ==>  Preparing: SELECT id,project_uid,extended_uid,category,recruitment_type,owner_uid,team_uid,title,preview,editor_type,description,tags,duration,team_size,deadline,level,status,published_at,created_at,updated_at FROM project WHERE (project_uid = ?) LIMIT 1
2026-05-29 23:34:17.377 [http-nio-8081-exec-2] DEBUG c.u.b.i.p.m.C.selectList - ==> Parameters: PRWp8BKpAdVXC(String)
2026-05-29 23:34:17.379 [http-nio-8081-exec-2] DEBUG c.u.b.i.p.m.C.selectList - <==      Total: 1
2026-05-29 23:34:17.379 [http-nio-8081-exec-2] DEBUG org.mybatis.spring.SqlSessionUtils - Closing non transactional SqlSession [org.apache.ibatis.session.defaults.DefaultSqlSession@278fb89b]
2026-05-29 23:34:17.379 [http-nio-8081-exec-4] DEBUG org.mybatis.spring.SqlSessionUtils - Creating a new SqlSession
2026-05-29 23:34:17.379 [http-nio-8081-exec-4] DEBUG org.mybatis.spring.SqlSessionUtils - SqlSession [org.apache.ibatis.session.defaults.DefaultSqlSession@3fdc18] was not registered for synchronization because synchronization is not active
2026-05-29 23:34:17.380 [http-nio-8081-exec-4] DEBUG o.m.s.t.SpringManagedTransaction - JDBC Connection [HikariProxyConnection@1069232815 wrapping com.mysql.cj.jdbc.ConnectionImpl@70a6143d] will not be managed by Spring
2026-05-29 23:34:17.380 [http-nio-8081-exec-4] DEBUG c.u.b.i.p.m.C.selectList - ==>  Preparing: SELECT id,user_uid,phone,email,password_hash,account_status,account_status_changed_at,account_status_remark,last_login_at,created_at,updated_at FROM user WHERE (user_uid = ?) LIMIT 1
2026-05-29 23:34:17.380 [http-nio-8081-exec-4] DEBUG c.u.b.i.p.m.C.selectList - ==> Parameters: USzrFBKQxd5Iq(String)
2026-05-29 23:34:17.381 [http-nio-8081-exec-4] DEBUG c.u.b.i.p.m.C.selectList - <==      Total: 1
2026-05-29 23:34:17.381 [http-nio-8081-exec-4] DEBUG org.mybatis.spring.SqlSessionUtils - Closing non transactional SqlSession [org.apache.ibatis.session.defaults.DefaultSqlSession@3fdc18]
2026-05-29 23:34:17.381 [http-nio-8081-exec-4] DEBUG org.mybatis.spring.SqlSessionUtils - Creating a new SqlSession
2026-05-29 23:34:17.381 [http-nio-8081-exec-4] DEBUG org.mybatis.spring.SqlSessionUtils - SqlSession [org.apache.ibatis.session.defaults.DefaultSqlSession@21d68e21] was not registered for synchronization because synchronization is not active
2026-05-29 23:34:17.381 [http-nio-8081-exec-4] DEBUG o.m.s.t.SpringManagedTransaction - JDBC Connection [HikariProxyConnection@1601653023 wrapping com.mysql.cj.jdbc.ConnectionImpl@70a6143d] will not be managed by Spring
2026-05-29 23:34:17.381 [http-nio-8081-exec-4] DEBUG c.u.b.i.p.m.C.selectList - ==>  Preparing: SELECT id,user_uid,nick_name,real_name,avatar_url,current_entity_name,level,bio_data,career_data,intro,announcement,created_at,updated_at FROM user_profile WHERE (user_uid = ?) LIMIT 1
2026-05-29 23:34:17.381 [http-nio-8081-exec-4] DEBUG c.u.b.i.p.m.C.selectList - ==> Parameters: USzrFBKQxd5Iq(String)
2026-05-29 23:34:17.383 [http-nio-8081-exec-2] DEBUG org.mybatis.spring.SqlSessionUtils - Creating a new SqlSession
2026-05-29 23:34:17.383 [http-nio-8081-exec-2] DEBUG org.mybatis.spring.SqlSessionUtils - SqlSession [org.apache.ibatis.session.defaults.DefaultSqlSession@6cba9d0c] was not registered for synchronization because synchronization is not active
2026-05-29 23:34:17.383 [http-nio-8081-exec-2] DEBUG o.m.s.t.SpringManagedTransaction - JDBC Connection [HikariProxyConnection@1210097173 wrapping com.mysql.cj.jdbc.ConnectionImpl@34a74f45] will not be managed by Spring
2026-05-29 23:34:17.383 [http-nio-8081-exec-2] DEBUG c.u.b.i.p.m.C.selectById - ==>  Preparing: SELECT project_uid,total_budget,commercial_status,created_at,updated_at FROM project_commercial_secret WHERE project_uid=?
2026-05-29 23:34:17.383 [http-nio-8081-exec-2] DEBUG c.u.b.i.p.m.C.selectById - ==> Parameters: PRWp8BKpAdVXC(String)
2026-05-29 23:34:17.383 [http-nio-8081-exec-4] DEBUG c.u.b.i.p.m.C.selectList - <==      Total: 1
2026-05-29 23:34:17.383 [http-nio-8081-exec-4] DEBUG org.mybatis.spring.SqlSessionUtils - Closing non transactional SqlSession [org.apache.ibatis.session.defaults.DefaultSqlSession@21d68e21]
2026-05-29 23:34:17.385 [http-nio-8081-exec-4] INFO  c.u.b.i.c.ApiRequestLoggingFilter - [API] GET /api/v1/client/user-profile/menu?uid=USzrFBKQxd5Iq -> 200 (9 ms) ip=127.0.0.1 location=局域网
2026-05-29 23:34:17.385 [http-nio-8081-exec-2] DEBUG c.u.b.i.p.m.C.selectById - <==      Total: 0
2026-05-29 23:34:17.385 [http-nio-8081-exec-2] DEBUG org.mybatis.spring.SqlSessionUtils - Closing non transactional SqlSession [org.apache.ibatis.session.defaults.DefaultSqlSession@6cba9d0c]
2026-05-29 23:34:17.386 [http-nio-8081-exec-2] INFO  c.u.b.i.c.ApiRequestLoggingFilter - [API] GET /api/v1/client/projects/PRWp8BKpAdVXC -> 200 (11 ms) ip=127.0.0.1 location=局域网
2026-05-29 23:34:17.387 [http-nio-8081-exec-9] DEBUG c.u.b.i.config.IpLocationInterceptor - IP属地解析: ip=127.0.0.1, location=局域网, uri=/api/v1/client/user-profile/menu
2026-05-29 23:34:17.388 [http-nio-8081-exec-6] DEBUG c.u.b.i.config.IpLocationInterceptor - IP属地解析: ip=127.0.0.1, location=局域网, uri=/api/v1/client/projects/PRWp8BKpAdVXC
2026-05-29 23:34:17.389 [http-nio-8081-exec-6] DEBUG org.mybatis.spring.SqlSessionUtils - Creating a new SqlSession
2026-05-29 23:34:17.389 [http-nio-8081-exec-6] DEBUG org.mybatis.spring.SqlSessionUtils - SqlSession [org.apache.ibatis.session.defaults.DefaultSqlSession@63199425] was not registered for synchronization because synchronization is not active
2026-05-29 23:34:17.389 [http-nio-8081-exec-6] DEBUG o.m.s.t.SpringManagedTransaction - JDBC Connection [HikariProxyConnection@1985972456 wrapping com.mysql.cj.jdbc.ConnectionImpl@70a6143d] will not be managed by Spring
2026-05-29 23:34:17.390 [http-nio-8081-exec-6] DEBUG c.u.b.i.p.m.C.selectList - ==>  Preparing: SELECT id,project_uid,extended_uid,category,recruitment_type,owner_uid,team_uid,title,preview,editor_type,description,tags,duration,team_size,deadline,level,status,published_at,created_at,updated_at FROM project WHERE (project_uid = ?) LIMIT 1
2026-05-29 23:34:17.390 [http-nio-8081-exec-6] DEBUG c.u.b.i.p.m.C.selectList - ==> Parameters: PRWp8BKpAdVXC(String)
2026-05-29 23:34:17.391 [http-nio-8081-exec-6] DEBUG c.u.b.i.p.m.C.selectList - <==      Total: 1
2026-05-29 23:34:17.391 [http-nio-8081-exec-6] DEBUG org.mybatis.spring.SqlSessionUtils - Closing non transactional SqlSession [org.apache.ibatis.session.defaults.DefaultSqlSession@63199425]
2026-05-29 23:34:17.393 [http-nio-8081-exec-9] DEBUG org.mybatis.spring.SqlSessionUtils - Creating a new SqlSession
2026-05-29 23:34:17.393 [http-nio-8081-exec-9] DEBUG org.mybatis.spring.SqlSessionUtils - SqlSession [org.apache.ibatis.session.defaults.DefaultSqlSession@2e3bf1d1] was not registered for synchronization because synchronization is not active
2026-05-29 23:34:17.393 [http-nio-8081-exec-9] DEBUG o.m.s.t.SpringManagedTransaction - JDBC Connection [HikariProxyConnection@872284050 wrapping com.mysql.cj.jdbc.ConnectionImpl@34a74f45] will not be managed by Spring
2026-05-29 23:34:17.393 [http-nio-8081-exec-9] DEBUG c.u.b.i.p.m.C.selectList - ==>  Preparing: SELECT id,user_uid,phone,email,password_hash,account_status,account_status_changed_at,account_status_remark,last_login_at,created_at,updated_at FROM user WHERE (user_uid = ?) LIMIT 1
2026-05-29 23:34:17.394 [http-nio-8081-exec-9] DEBUG c.u.b.i.p.m.C.selectList - ==> Parameters: USzrFBKQxd5Iq(String)
2026-05-29 23:34:17.395 [http-nio-8081-exec-9] DEBUG c.u.b.i.p.m.C.selectList - <==      Total: 1
2026-05-29 23:34:17.395 [http-nio-8081-exec-9] DEBUG org.mybatis.spring.SqlSessionUtils - Closing non transactional SqlSession [org.apache.ibatis.session.defaults.DefaultSqlSession@2e3bf1d1]
2026-05-29 23:34:17.395 [http-nio-8081-exec-9] DEBUG org.mybatis.spring.SqlSessionUtils - Creating a new SqlSession
2026-05-29 23:34:17.395 [http-nio-8081-exec-9] DEBUG org.mybatis.spring.SqlSessionUtils - SqlSession [org.apache.ibatis.session.defaults.DefaultSqlSession@28f92402] was not registered for synchronization because synchronization is not active
2026-05-29 23:34:17.395 [http-nio-8081-exec-6] DEBUG org.mybatis.spring.SqlSessionUtils - Creating a new SqlSession
2026-05-29 23:34:17.395 [http-nio-8081-exec-6] DEBUG org.mybatis.spring.SqlSessionUtils - SqlSession [org.apache.ibatis.session.defaults.DefaultSqlSession@521aca97] was not registered for synchronization because synchronization is not active
2026-05-29 23:34:17.395 [http-nio-8081-exec-9] DEBUG o.m.s.t.SpringManagedTransaction - JDBC Connection [HikariProxyConnection@1505619381 wrapping com.mysql.cj.jdbc.ConnectionImpl@34a74f45] will not be managed by Spring
2026-05-29 23:34:17.396 [http-nio-8081-exec-6] DEBUG o.m.s.t.SpringManagedTransaction - JDBC Connection [HikariProxyConnection@1694057350 wrapping com.mysql.cj.jdbc.ConnectionImpl@70a6143d] will not be managed by Spring
2026-05-29 23:34:17.396 [http-nio-8081-exec-9] DEBUG c.u.b.i.p.m.C.selectList - ==>  Preparing: SELECT id,user_uid,nick_name,real_name,avatar_url,current_entity_name,level,bio_data,career_data,intro,announcement,created_at,updated_at FROM user_profile WHERE (user_uid = ?) LIMIT 1
2026-05-29 23:34:17.396 [http-nio-8081-exec-6] DEBUG c.u.b.i.p.m.C.selectById - ==>  Preparing: SELECT project_uid,total_budget,commercial_status,created_at,updated_at FROM project_commercial_secret WHERE project_uid=?
2026-05-29 23:34:17.396 [http-nio-8081-exec-6] DEBUG c.u.b.i.p.m.C.selectById - ==> Parameters: PRWp8BKpAdVXC(String)
2026-05-29 23:34:17.396 [http-nio-8081-exec-9] DEBUG c.u.b.i.p.m.C.selectList - ==> Parameters: USzrFBKQxd5Iq(String)
2026-05-29 23:34:17.397 [http-nio-8081-exec-6] DEBUG c.u.b.i.p.m.C.selectById - <==      Total: 0
2026-05-29 23:34:17.397 [http-nio-8081-exec-6] DEBUG org.mybatis.spring.SqlSessionUtils - Closing non transactional SqlSession [org.apache.ibatis.session.defaults.DefaultSqlSession@521aca97]
2026-05-29 23:34:17.397 [http-nio-8081-exec-9] DEBUG c.u.b.i.p.m.C.selectList - <==      Total: 1
2026-05-29 23:34:17.397 [http-nio-8081-exec-9] DEBUG org.mybatis.spring.SqlSessionUtils - Closing non transactional SqlSession [org.apache.ibatis.session.defaults.DefaultSqlSession@28f92402]
2026-05-29 23:34:17.425 [http-nio-8081-exec-6] INFO  c.u.b.i.c.ApiRequestLoggingFilter - [API] GET /api/v1/client/projects/PRWp8BKpAdVXC -> 200 (37 ms) ip=127.0.0.1 location=局域网
2026-05-29 23:34:17.425 [http-nio-8081-exec-9] INFO  c.u.b.i.c.ApiRequestLoggingFilter - [API] GET /api/v1/client/user-profile/menu?uid=USzrFBKQxd5Iq -> 200 (39 ms) ip=127.0.0.1 location=局域网
2026-05-29 23:34:17.665 [http-nio-8081-exec-8] DEBUG c.u.b.i.config.IpLocationInterceptor - IP属地解析: ip=127.0.0.1, location=局域网, uri=/api/v1/client/feed/events
2026-05-29 23:34:17.672 [http-nio-8081-exec-8] DEBUG org.mybatis.spring.SqlSessionUtils - Creating a new SqlSession
2026-05-29 23:34:17.672 [http-nio-8081-exec-8] DEBUG org.mybatis.spring.SqlSessionUtils - Registering transaction synchronization for SqlSession [org.apache.ibatis.session.defaults.DefaultSqlSession@2a316ab9]
2026-05-29 23:34:17.674 [http-nio-8081-exec-8] DEBUG o.m.s.t.SpringManagedTransaction - JDBC Connection [HikariProxyConnection@1470564677 wrapping com.mysql.cj.jdbc.ConnectionImpl@34a74f45] will be managed by Spring
2026-05-29 23:34:17.674 [http-nio-8081-exec-8] DEBUG c.u.b.i.p.m.U.update - ==>  Preparing: UPDATE user_tag_interests SET weight = weight + 0.5 WHERE (user_uid = ? AND tag = ?)
2026-05-29 23:34:17.675 [http-nio-8081-exec-8] DEBUG c.u.b.i.p.m.U.update - ==> Parameters: USzrFBKQxd5Iq(String), UI设计(String)
2026-05-29 23:34:17.678 [http-nio-8081-exec-8] DEBUG c.u.b.i.p.m.U.update - <==    Updates: 1
2026-05-29 23:34:17.678 [http-nio-8081-exec-8] DEBUG org.mybatis.spring.SqlSessionUtils - Releasing transactional SqlSession [org.apache.ibatis.session.defaults.DefaultSqlSession@2a316ab9]
2026-05-29 23:34:17.679 [http-nio-8081-exec-8] DEBUG org.mybatis.spring.SqlSessionUtils - Fetched SqlSession [org.apache.ibatis.session.defaults.DefaultSqlSession@2a316ab9] from current transaction
2026-05-29 23:34:17.679 [http-nio-8081-exec-8] DEBUG c.u.b.i.p.m.U.update - ==>  Preparing: UPDATE user_tag_interests SET weight = weight + 0.5 WHERE (user_uid = ? AND tag = ?)
2026-05-29 23:34:17.680 [http-nio-8081-exec-8] DEBUG c.u.b.i.p.m.U.update - ==> Parameters: USzrFBKQxd5Iq(String), Python(String)
2026-05-29 23:34:17.681 [http-nio-8081-exec-8] DEBUG c.u.b.i.p.m.U.update - <==    Updates: 1
2026-05-29 23:34:17.681 [http-nio-8081-exec-8] DEBUG org.mybatis.spring.SqlSessionUtils - Releasing transactional SqlSession [org.apache.ibatis.session.defaults.DefaultSqlSession@2a316ab9]
2026-05-29 23:34:17.681 [http-nio-8081-exec-8] DEBUG org.mybatis.spring.SqlSessionUtils - Fetched SqlSession [org.apache.ibatis.session.defaults.DefaultSqlSession@2a316ab9] from current transaction
2026-05-29 23:34:17.681 [http-nio-8081-exec-8] DEBUG c.u.b.i.p.m.U.update - ==>  Preparing: UPDATE user_tag_interests SET weight = weight + 0.5 WHERE (user_uid = ? AND tag = ?)
2026-05-29 23:34:17.681 [http-nio-8081-exec-8] DEBUG c.u.b.i.p.m.U.update - ==> Parameters: USzrFBKQxd5Iq(String), 数据分析(String)
2026-05-29 23:34:17.682 [http-nio-8081-exec-8] DEBUG c.u.b.i.p.m.U.update - <==    Updates: 1
2026-05-29 23:34:17.682 [http-nio-8081-exec-8] DEBUG org.mybatis.spring.SqlSessionUtils - Releasing transactional SqlSession [org.apache.ibatis.session.defaults.DefaultSqlSession@2a316ab9]
2026-05-29 23:34:17.682 [http-nio-8081-exec-8] DEBUG c.u.b.d.feed.FeedBehaviorService - Feed behavior tracked: userUid=USzrFBKQxd5Iq, event=VIEW_DETAIL, target=PROJECT/PRWp8BKpAdVXC, tags=[UI设计, Python, 数据分析]
2026-05-29 23:34:17.682 [http-nio-8081-exec-8] DEBUG org.mybatis.spring.SqlSessionUtils - Transaction synchronization committing SqlSession [org.apache.ibatis.session.defaults.DefaultSqlSession@2a316ab9]
2026-05-29 23:34:17.682 [http-nio-8081-exec-8] DEBUG org.mybatis.spring.SqlSessionUtils - Transaction synchronization deregistering SqlSession [org.apache.ibatis.session.defaults.DefaultSqlSession@2a316ab9]
2026-05-29 23:34:17.682 [http-nio-8081-exec-8] DEBUG org.mybatis.spring.SqlSessionUtils - Transaction synchronization closing SqlSession [org.apache.ibatis.session.defaults.DefaultSqlSession@2a316ab9]
2026-05-29 23:34:17.698 [http-nio-8081-exec-8] INFO  c.u.b.i.c.ApiRequestLoggingFilter - [API] POST /api/v1/client/feed/events -> 200 (35 ms) ip=127.0.0.1 location=局域网
2026-05-29 23:34:28.825 [http-nio-8081-exec-7] DEBUG c.u.b.i.config.IpLocationInterceptor - IP属地解析: ip=127.0.0.1, location=局域网, uri=/api/v1/client/user-profile/home
2026-05-29 23:34:28.828 [http-nio-8081-exec-7] DEBUG org.mybatis.spring.SqlSessionUtils - Creating a new SqlSession
2026-05-29 23:34:28.828 [http-nio-8081-exec-7] DEBUG org.mybatis.spring.SqlSessionUtils - SqlSession [org.apache.ibatis.session.defaults.DefaultSqlSession@7876163c] was not registered for synchronization because synchronization is not active
2026-05-29 23:34:28.829 [http-nio-8081-exec-7] DEBUG o.m.s.t.SpringManagedTransaction - JDBC Connection [HikariProxyConnection@1312890281 wrapping com.mysql.cj.jdbc.ConnectionImpl@34a74f45] will not be managed by Spring
2026-05-29 23:34:28.829 [http-nio-8081-exec-7] DEBUG c.u.b.i.p.m.C.selectList - ==>  Preparing: SELECT id,user_uid,phone,email,password_hash,account_status,account_status_changed_at,account_status_remark,last_login_at,created_at,updated_at FROM user WHERE (user_uid = ?) LIMIT 1
2026-05-29 23:34:28.829 [http-nio-8081-exec-7] DEBUG c.u.b.i.p.m.C.selectList - ==> Parameters: US00000000002(String)
2026-05-29 23:34:28.830 [http-nio-8081-exec-7] DEBUG c.u.b.i.p.m.C.selectList - <==      Total: 1
2026-05-29 23:34:28.830 [http-nio-8081-exec-7] DEBUG org.mybatis.spring.SqlSessionUtils - Closing non transactional SqlSession [org.apache.ibatis.session.defaults.DefaultSqlSession@7876163c]
2026-05-29 23:34:28.831 [http-nio-8081-exec-7] DEBUG org.mybatis.spring.SqlSessionUtils - Creating a new SqlSession
2026-05-29 23:34:28.831 [http-nio-8081-exec-7] DEBUG org.mybatis.spring.SqlSessionUtils - SqlSession [org.apache.ibatis.session.defaults.DefaultSqlSession@1ff18473] was not registered for synchronization because synchronization is not active
2026-05-29 23:34:28.831 [http-nio-8081-exec-7] DEBUG o.m.s.t.SpringManagedTransaction - JDBC Connection [HikariProxyConnection@1467921991 wrapping com.mysql.cj.jdbc.ConnectionImpl@34a74f45] will not be managed by Spring
2026-05-29 23:34:28.831 [http-nio-8081-exec-7] DEBUG c.u.b.i.p.m.C.selectList - ==>  Preparing: SELECT id,user_uid,nick_name,real_name,avatar_url,current_entity_name,level,bio_data,career_data,intro,announcement,created_at,updated_at FROM user_profile WHERE (user_uid = ?) LIMIT 1
2026-05-29 23:34:28.831 [http-nio-8081-exec-7] DEBUG c.u.b.i.p.m.C.selectList - ==> Parameters: US00000000002(String)
2026-05-29 23:34:28.831 [http-nio-8081-exec-7] DEBUG c.u.b.i.p.m.C.selectList - <==      Total: 1
2026-05-29 23:34:28.831 [http-nio-8081-exec-7] DEBUG org.mybatis.spring.SqlSessionUtils - Closing non transactional SqlSession [org.apache.ibatis.session.defaults.DefaultSqlSession@1ff18473]
2026-05-29 23:34:28.836 [http-nio-8081-exec-7] DEBUG org.mybatis.spring.SqlSessionUtils - Creating a new SqlSession
2026-05-29 23:34:28.836 [http-nio-8081-exec-7] DEBUG org.mybatis.spring.SqlSessionUtils - SqlSession [org.apache.ibatis.session.defaults.DefaultSqlSession@7d84687f] was not registered for synchronization because synchronization is not active
2026-05-29 23:34:28.836 [http-nio-8081-exec-7] DEBUG o.m.s.t.SpringManagedTransaction - JDBC Connection [HikariProxyConnection@860539810 wrapping com.mysql.cj.jdbc.ConnectionImpl@34a74f45] will not be managed by Spring
2026-05-29 23:34:28.836 [http-nio-8081-exec-7] DEBUG c.u.b.i.p.m.C.selectList - ==>  Preparing: SELECT id,project_uid,extended_uid,category,recruitment_type,owner_uid,team_uid,title,preview,editor_type,description,tags,duration,team_size,deadline,level,status,published_at,created_at,updated_at FROM project WHERE (owner_uid = ?) ORDER BY COALESCE(published_at, created_at) DESC, id DESC
2026-05-29 23:34:28.837 [http-nio-8081-exec-7] DEBUG c.u.b.i.p.m.C.selectList - ==> Parameters: US00000000002(String)
2026-05-29 23:34:28.838 [http-nio-8081-exec-7] DEBUG c.u.b.i.p.m.C.selectList - <==      Total: 1
2026-05-29 23:34:28.838 [http-nio-8081-exec-7] DEBUG org.mybatis.spring.SqlSessionUtils - Closing non transactional SqlSession [org.apache.ibatis.session.defaults.DefaultSqlSession@7d84687f]
2026-05-29 23:34:28.839 [http-nio-8081-exec-7] DEBUG org.mybatis.spring.SqlSessionUtils - Creating a new SqlSession
2026-05-29 23:34:28.839 [http-nio-8081-exec-7] DEBUG org.mybatis.spring.SqlSessionUtils - SqlSession [org.apache.ibatis.session.defaults.DefaultSqlSession@638e3263] was not registered for synchronization because synchronization is not active
2026-05-29 23:34:28.839 [http-nio-8081-exec-7] DEBUG o.m.s.t.SpringManagedTransaction - JDBC Connection [HikariProxyConnection@1033337341 wrapping com.mysql.cj.jdbc.ConnectionImpl@34a74f45] will not be managed by Spring
2026-05-29 23:34:28.839 [http-nio-8081-exec-7] DEBUG c.u.b.i.p.m.C.selectList - ==>  Preparing: SELECT id,user_uid,content_type_code,extended_uid,title,summary,editor_type,content,cover_url,video_url,video_duration,tags,view_count,like_count,collect_count,comment_count,status,published_at,created_at,updated_at FROM note WHERE (user_uid = ? AND status = ?) ORDER BY COALESCE(published_at, created_at) DESC, id DESC
2026-05-29 23:34:28.839 [http-nio-8081-exec-7] DEBUG c.u.b.i.p.m.C.selectList - ==> Parameters: US00000000002(String), PUBLISHED(String)
2026-05-29 23:34:28.840 [http-nio-8081-exec-7] DEBUG c.u.b.i.p.m.C.selectList - <==      Total: 3
2026-05-29 23:34:28.840 [http-nio-8081-exec-7] DEBUG org.mybatis.spring.SqlSessionUtils - Closing non transactional SqlSession [org.apache.ibatis.session.defaults.DefaultSqlSession@638e3263]
2026-05-29 23:34:28.841 [http-nio-8081-exec-7] DEBUG org.mybatis.spring.SqlSessionUtils - Creating a new SqlSession
2026-05-29 23:34:28.841 [http-nio-8081-exec-7] DEBUG org.mybatis.spring.SqlSessionUtils - SqlSession [org.apache.ibatis.session.defaults.DefaultSqlSession@1d5dd10b] was not registered for synchronization because synchronization is not active
2026-05-29 23:34:28.841 [http-nio-8081-exec-7] DEBUG o.m.s.t.SpringManagedTransaction - JDBC Connection [HikariProxyConnection@265483753 wrapping com.mysql.cj.jdbc.ConnectionImpl@34a74f45] will not be managed by Spring
2026-05-29 23:34:28.841 [http-nio-8081-exec-7] DEBUG c.u.b.i.p.m.U.selectList - ==>  Preparing: SELECT id,user_uid,entity_code,role,auth_serial_no,proof_artifact_url,audit_status,is_active,remark,created_at,updated_at FROM user_auth_link WHERE (user_uid = ? AND is_active = ?) ORDER BY updated_at DESC LIMIT 1
2026-05-29 23:34:28.841 [http-nio-8081-exec-7] DEBUG c.u.b.i.p.m.U.selectList - ==> Parameters: US00000000002(String), 1(Integer)
2026-05-29 23:34:28.842 [http-nio-8081-exec-7] DEBUG c.u.b.i.p.m.U.selectList - <==      Total: 1
2026-05-29 23:34:28.842 [http-nio-8081-exec-7] DEBUG org.mybatis.spring.SqlSessionUtils - Closing non transactional SqlSession [org.apache.ibatis.session.defaults.DefaultSqlSession@1d5dd10b]
2026-05-29 23:34:28.843 [http-nio-8081-exec-7] DEBUG org.mybatis.spring.SqlSessionUtils - Creating a new SqlSession
2026-05-29 23:34:28.843 [http-nio-8081-exec-7] DEBUG org.mybatis.spring.SqlSessionUtils - SqlSession [org.apache.ibatis.session.defaults.DefaultSqlSession@7c0d5a6a] was not registered for synchronization because synchronization is not active
2026-05-29 23:34:28.843 [http-nio-8081-exec-7] DEBUG o.m.s.t.SpringManagedTransaction - JDBC Connection [HikariProxyConnection@262871401 wrapping com.mysql.cj.jdbc.ConnectionImpl@34a74f45] will not be managed by Spring
2026-05-29 23:34:28.843 [http-nio-8081-exec-7] DEBUG c.u.b.i.p.m.C.selectList - ==>  Preparing: SELECT id,entity_code,name,location,type,logo_url,banner_url,intro,announcement,created_at,updated_at FROM entity_profile WHERE (entity_code = ?) LIMIT 1
2026-05-29 23:34:28.843 [http-nio-8081-exec-7] DEBUG c.u.b.i.p.m.C.selectList - ==> Parameters: 10598(String)
2026-05-29 23:34:28.843 [http-nio-8081-exec-7] DEBUG c.u.b.i.p.m.C.selectList - <==      Total: 1
2026-05-29 23:34:28.843 [http-nio-8081-exec-7] DEBUG org.mybatis.spring.SqlSessionUtils - Closing non transactional SqlSession [org.apache.ibatis.session.defaults.DefaultSqlSession@7c0d5a6a]
2026-05-29 23:34:28.845 [http-nio-8081-exec-7] DEBUG org.mybatis.spring.SqlSessionUtils - Creating a new SqlSession
2026-05-29 23:34:28.845 [http-nio-8081-exec-7] DEBUG org.mybatis.spring.SqlSessionUtils - SqlSession [org.apache.ibatis.session.defaults.DefaultSqlSession@7f41e89b] was not registered for synchronization because synchronization is not active
2026-05-29 23:34:28.845 [http-nio-8081-exec-7] DEBUG o.m.s.t.SpringManagedTransaction - JDBC Connection [HikariProxyConnection@1762206483 wrapping com.mysql.cj.jdbc.ConnectionImpl@34a74f45] will not be managed by Spring
2026-05-29 23:34:28.845 [http-nio-8081-exec-7] DEBUG c.u.b.i.p.m.C.selectList - ==>  Preparing: SELECT id,user_uid,nick_name,real_name,avatar_url,current_entity_name,level,bio_data,career_data,intro,announcement,created_at,updated_at FROM user_profile WHERE (user_uid = ?) LIMIT 1
2026-05-29 23:34:28.845 [http-nio-8081-exec-7] DEBUG c.u.b.i.p.m.C.selectList - ==> Parameters: US00000000002(String)
2026-05-29 23:34:28.845 [http-nio-8081-exec-7] DEBUG c.u.b.i.p.m.C.selectList - <==      Total: 1
2026-05-29 23:34:28.845 [http-nio-8081-exec-7] DEBUG org.mybatis.spring.SqlSessionUtils - Closing non transactional SqlSession [org.apache.ibatis.session.defaults.DefaultSqlSession@7f41e89b]
2026-05-29 23:34:28.846 [http-nio-8081-exec-7] DEBUG org.mybatis.spring.SqlSessionUtils - Creating a new SqlSession
2026-05-29 23:34:28.846 [http-nio-8081-exec-7] DEBUG org.mybatis.spring.SqlSessionUtils - SqlSession [org.apache.ibatis.session.defaults.DefaultSqlSession@5fd7889d] was not registered for synchronization because synchronization is not active
2026-05-29 23:34:28.846 [http-nio-8081-exec-7] DEBUG o.m.s.t.SpringManagedTransaction - JDBC Connection [HikariProxyConnection@790800076 wrapping com.mysql.cj.jdbc.ConnectionImpl@34a74f45] will not be managed by Spring
2026-05-29 23:34:28.846 [http-nio-8081-exec-7] DEBUG c.u.b.i.p.m.U.selectList - ==>  Preparing: SELECT id,user_uid,entity_code,role,auth_serial_no,proof_artifact_url,audit_status,is_active,remark,created_at,updated_at FROM user_auth_link WHERE (user_uid = ? AND is_active = ?) ORDER BY updated_at DESC LIMIT 1
2026-05-29 23:34:28.846 [http-nio-8081-exec-7] DEBUG c.u.b.i.p.m.U.selectList - ==> Parameters: US00000000002(String), 1(Integer)
2026-05-29 23:34:28.846 [http-nio-8081-exec-7] DEBUG c.u.b.i.p.m.U.selectList - <==      Total: 1
2026-05-29 23:34:28.846 [http-nio-8081-exec-7] DEBUG org.mybatis.spring.SqlSessionUtils - Closing non transactional SqlSession [org.apache.ibatis.session.defaults.DefaultSqlSession@5fd7889d]
2026-05-29 23:34:28.846 [http-nio-8081-exec-7] DEBUG org.mybatis.spring.SqlSessionUtils - Creating a new SqlSession
2026-05-29 23:34:28.846 [http-nio-8081-exec-7] DEBUG org.mybatis.spring.SqlSessionUtils - SqlSession [org.apache.ibatis.session.defaults.DefaultSqlSession@411b0127] was not registered for synchronization because synchronization is not active
2026-05-29 23:34:28.846 [http-nio-8081-exec-7] DEBUG o.m.s.t.SpringManagedTransaction - JDBC Connection [HikariProxyConnection@585890553 wrapping com.mysql.cj.jdbc.ConnectionImpl@34a74f45] will not be managed by Spring
2026-05-29 23:34:28.846 [http-nio-8081-exec-7] DEBUG c.u.b.i.p.m.C.selectList - ==>  Preparing: SELECT id,entity_code,name,location,type,logo_url,banner_url,intro,announcement,created_at,updated_at FROM entity_profile WHERE (entity_code = ?) LIMIT 1
2026-05-29 23:34:28.847 [http-nio-8081-exec-7] DEBUG c.u.b.i.p.m.C.selectList - ==> Parameters: 10598(String)
2026-05-29 23:34:28.847 [http-nio-8081-exec-7] DEBUG c.u.b.i.p.m.C.selectList - <==      Total: 1
2026-05-29 23:34:28.847 [http-nio-8081-exec-7] DEBUG org.mybatis.spring.SqlSessionUtils - Closing non transactional SqlSession [org.apache.ibatis.session.defaults.DefaultSqlSession@411b0127]
2026-05-29 23:34:28.847 [http-nio-8081-exec-7] DEBUG org.mybatis.spring.SqlSessionUtils - Creating a new SqlSession
2026-05-29 23:34:28.847 [http-nio-8081-exec-7] DEBUG org.mybatis.spring.SqlSessionUtils - SqlSession [org.apache.ibatis.session.defaults.DefaultSqlSession@f0d793f] was not registered for synchronization because synchronization is not active
2026-05-29 23:34:28.847 [http-nio-8081-exec-7] DEBUG o.m.s.t.SpringManagedTransaction - JDBC Connection [HikariProxyConnection@377897920 wrapping com.mysql.cj.jdbc.ConnectionImpl@34a74f45] will not be managed by Spring
2026-05-29 23:34:28.847 [http-nio-8081-exec-7] DEBUG c.u.b.i.p.m.C.selectList - ==>  Preparing: SELECT id,user_uid,nick_name,real_name,avatar_url,current_entity_name,level,bio_data,career_data,intro,announcement,created_at,updated_at FROM user_profile WHERE (user_uid = ?) LIMIT 1
2026-05-29 23:34:28.847 [http-nio-8081-exec-7] DEBUG c.u.b.i.p.m.C.selectList - ==> Parameters: US00000000002(String)
2026-05-29 23:34:28.848 [http-nio-8081-exec-7] DEBUG c.u.b.i.p.m.C.selectList - <==      Total: 1
2026-05-29 23:34:28.848 [http-nio-8081-exec-7] DEBUG org.mybatis.spring.SqlSessionUtils - Closing non transactional SqlSession [org.apache.ibatis.session.defaults.DefaultSqlSession@f0d793f]
2026-05-29 23:34:28.848 [http-nio-8081-exec-7] DEBUG org.mybatis.spring.SqlSessionUtils - Creating a new SqlSession
2026-05-29 23:34:28.848 [http-nio-8081-exec-7] DEBUG org.mybatis.spring.SqlSessionUtils - SqlSession [org.apache.ibatis.session.defaults.DefaultSqlSession@5a56be51] was not registered for synchronization because synchronization is not active
2026-05-29 23:34:28.848 [http-nio-8081-exec-7] DEBUG o.m.s.t.SpringManagedTransaction - JDBC Connection [HikariProxyConnection@1047982245 wrapping com.mysql.cj.jdbc.ConnectionImpl@34a74f45] will not be managed by Spring
2026-05-29 23:34:28.848 [http-nio-8081-exec-7] DEBUG c.u.b.i.p.m.U.selectList - ==>  Preparing: SELECT id,user_uid,entity_code,role,auth_serial_no,proof_artifact_url,audit_status,is_active,remark,created_at,updated_at FROM user_auth_link WHERE (user_uid = ? AND is_active = ?) ORDER BY updated_at DESC LIMIT 1
2026-05-29 23:34:28.848 [http-nio-8081-exec-7] DEBUG c.u.b.i.p.m.U.selectList - ==> Parameters: US00000000002(String), 1(Integer)
2026-05-29 23:34:28.849 [http-nio-8081-exec-7] DEBUG c.u.b.i.p.m.U.selectList - <==      Total: 1
2026-05-29 23:34:28.849 [http-nio-8081-exec-7] DEBUG org.mybatis.spring.SqlSessionUtils - Closing non transactional SqlSession [org.apache.ibatis.session.defaults.DefaultSqlSession@5a56be51]
2026-05-29 23:34:28.849 [http-nio-8081-exec-7] DEBUG org.mybatis.spring.SqlSessionUtils - Creating a new SqlSession
2026-05-29 23:34:28.849 [http-nio-8081-exec-7] DEBUG org.mybatis.spring.SqlSessionUtils - SqlSession [org.apache.ibatis.session.defaults.DefaultSqlSession@4b2201fd] was not registered for synchronization because synchronization is not active
2026-05-29 23:34:28.849 [http-nio-8081-exec-7] DEBUG o.m.s.t.SpringManagedTransaction - JDBC Connection [HikariProxyConnection@610896638 wrapping com.mysql.cj.jdbc.ConnectionImpl@34a74f45] will not be managed by Spring
2026-05-29 23:34:28.849 [http-nio-8081-exec-7] DEBUG c.u.b.i.p.m.C.selectList - ==>  Preparing: SELECT id,entity_code,name,location,type,logo_url,banner_url,intro,announcement,created_at,updated_at FROM entity_profile WHERE (entity_code = ?) LIMIT 1
2026-05-29 23:34:28.849 [http-nio-8081-exec-7] DEBUG c.u.b.i.p.m.C.selectList - ==> Parameters: 10598(String)
2026-05-29 23:34:28.849 [http-nio-8081-exec-7] DEBUG c.u.b.i.p.m.C.selectList - <==      Total: 1
2026-05-29 23:34:28.850 [http-nio-8081-exec-7] DEBUG org.mybatis.spring.SqlSessionUtils - Closing non transactional SqlSession [org.apache.ibatis.session.defaults.DefaultSqlSession@4b2201fd]
2026-05-29 23:34:28.850 [http-nio-8081-exec-7] DEBUG org.mybatis.spring.SqlSessionUtils - Creating a new SqlSession
2026-05-29 23:34:28.850 [http-nio-8081-exec-7] DEBUG org.mybatis.spring.SqlSessionUtils - SqlSession [org.apache.ibatis.session.defaults.DefaultSqlSession@6675f128] was not registered for synchronization because synchronization is not active
2026-05-29 23:34:28.850 [http-nio-8081-exec-7] DEBUG o.m.s.t.SpringManagedTransaction - JDBC Connection [HikariProxyConnection@1032006130 wrapping com.mysql.cj.jdbc.ConnectionImpl@34a74f45] will not be managed by Spring
2026-05-29 23:34:28.850 [http-nio-8081-exec-7] DEBUG c.u.b.i.p.m.C.selectList - ==>  Preparing: SELECT id,user_uid,nick_name,real_name,avatar_url,current_entity_name,level,bio_data,career_data,intro,announcement,created_at,updated_at FROM user_profile WHERE (user_uid = ?) LIMIT 1
2026-05-29 23:34:28.850 [http-nio-8081-exec-7] DEBUG c.u.b.i.p.m.C.selectList - ==> Parameters: US00000000002(String)
2026-05-29 23:34:28.851 [http-nio-8081-exec-7] DEBUG c.u.b.i.p.m.C.selectList - <==      Total: 1
2026-05-29 23:34:28.851 [http-nio-8081-exec-7] DEBUG org.mybatis.spring.SqlSessionUtils - Closing non transactional SqlSession [org.apache.ibatis.session.defaults.DefaultSqlSession@6675f128]
2026-05-29 23:34:28.851 [http-nio-8081-exec-7] DEBUG org.mybatis.spring.SqlSessionUtils - Creating a new SqlSession
2026-05-29 23:34:28.851 [http-nio-8081-exec-7] DEBUG org.mybatis.spring.SqlSessionUtils - SqlSession [org.apache.ibatis.session.defaults.DefaultSqlSession@65de0ea7] was not registered for synchronization because synchronization is not active
2026-05-29 23:34:28.852 [http-nio-8081-exec-7] DEBUG o.m.s.t.SpringManagedTransaction - JDBC Connection [HikariProxyConnection@745234309 wrapping com.mysql.cj.jdbc.ConnectionImpl@34a74f45] will not be managed by Spring
2026-05-29 23:34:28.852 [http-nio-8081-exec-7] DEBUG c.u.b.i.p.m.U.selectList - ==>  Preparing: SELECT id,user_uid,entity_code,role,auth_serial_no,proof_artifact_url,audit_status,is_active,remark,created_at,updated_at FROM user_auth_link WHERE (user_uid = ? AND is_active = ?) ORDER BY updated_at DESC LIMIT 1
2026-05-29 23:34:28.852 [http-nio-8081-exec-7] DEBUG c.u.b.i.p.m.U.selectList - ==> Parameters: US00000000002(String), 1(Integer)
2026-05-29 23:34:28.852 [http-nio-8081-exec-7] DEBUG c.u.b.i.p.m.U.selectList - <==      Total: 1
2026-05-29 23:34:28.853 [http-nio-8081-exec-7] DEBUG org.mybatis.spring.SqlSessionUtils - Closing non transactional SqlSession [org.apache.ibatis.session.defaults.DefaultSqlSession@65de0ea7]
2026-05-29 23:34:28.853 [http-nio-8081-exec-7] DEBUG org.mybatis.spring.SqlSessionUtils - Creating a new SqlSession
2026-05-29 23:34:28.853 [http-nio-8081-exec-7] DEBUG org.mybatis.spring.SqlSessionUtils - SqlSession [org.apache.ibatis.session.defaults.DefaultSqlSession@76fef7cf] was not registered for synchronization because synchronization is not active
2026-05-29 23:34:28.853 [http-nio-8081-exec-7] DEBUG o.m.s.t.SpringManagedTransaction - JDBC Connection [HikariProxyConnection@1665164417 wrapping com.mysql.cj.jdbc.ConnectionImpl@34a74f45] will not be managed by Spring
2026-05-29 23:34:28.853 [http-nio-8081-exec-7] DEBUG c.u.b.i.p.m.C.selectList - ==>  Preparing: SELECT id,entity_code,name,location,type,logo_url,banner_url,intro,announcement,created_at,updated_at FROM entity_profile WHERE (entity_code = ?) LIMIT 1
2026-05-29 23:34:28.853 [http-nio-8081-exec-7] DEBUG c.u.b.i.p.m.C.selectList - ==> Parameters: 10598(String)
2026-05-29 23:34:28.854 [http-nio-8081-exec-7] DEBUG c.u.b.i.p.m.C.selectList - <==      Total: 1
2026-05-29 23:34:28.854 [http-nio-8081-exec-7] DEBUG org.mybatis.spring.SqlSessionUtils - Closing non transactional SqlSession [org.apache.ibatis.session.defaults.DefaultSqlSession@76fef7cf]
2026-05-29 23:34:28.854 [http-nio-8081-exec-7] DEBUG org.mybatis.spring.SqlSessionUtils - Creating a new SqlSession
2026-05-29 23:34:28.854 [http-nio-8081-exec-7] DEBUG org.mybatis.spring.SqlSessionUtils - SqlSession [org.apache.ibatis.session.defaults.DefaultSqlSession@4c9c4db] was not registered for synchronization because synchronization is not active
2026-05-29 23:34:28.855 [http-nio-8081-exec-7] DEBUG o.m.s.t.SpringManagedTransaction - JDBC Connection [HikariProxyConnection@84413186 wrapping com.mysql.cj.jdbc.ConnectionImpl@34a74f45] will not be managed by Spring
2026-05-29 23:34:28.855 [http-nio-8081-exec-7] DEBUG c.u.b.i.p.m.C.selectCount - ==>  Preparing: SELECT COUNT( * ) AS total FROM project WHERE (owner_uid = ?) ORDER BY COALESCE(published_at, created_at) DESC, id DESC
2026-05-29 23:34:28.855 [http-nio-8081-exec-7] DEBUG c.u.b.i.p.m.C.selectCount - ==> Parameters: US00000000002(String)
2026-05-29 23:34:28.855 [http-nio-8081-exec-7] DEBUG c.u.b.i.p.m.C.selectCount - <==      Total: 1
2026-05-29 23:34:28.855 [http-nio-8081-exec-7] DEBUG org.mybatis.spring.SqlSessionUtils - Closing non transactional SqlSession [org.apache.ibatis.session.defaults.DefaultSqlSession@4c9c4db]
2026-05-29 23:34:28.855 [http-nio-8081-exec-7] DEBUG org.mybatis.spring.SqlSessionUtils - Creating a new SqlSession
2026-05-29 23:34:28.855 [http-nio-8081-exec-7] DEBUG org.mybatis.spring.SqlSessionUtils - SqlSession [org.apache.ibatis.session.defaults.DefaultSqlSession@7cf43ea4] was not registered for synchronization because synchronization is not active
2026-05-29 23:34:28.856 [http-nio-8081-exec-7] DEBUG o.m.s.t.SpringManagedTransaction - JDBC Connection [HikariProxyConnection@911327997 wrapping com.mysql.cj.jdbc.ConnectionImpl@34a74f45] will not be managed by Spring
2026-05-29 23:34:28.856 [http-nio-8081-exec-7] DEBUG c.u.b.i.p.m.C.selectCount - ==>  Preparing: SELECT COUNT( * ) AS total FROM note WHERE (user_uid = ? AND status = ?) ORDER BY COALESCE(published_at, created_at) DESC, id DESC
2026-05-29 23:34:28.856 [http-nio-8081-exec-7] DEBUG c.u.b.i.p.m.C.selectCount - ==> Parameters: US00000000002(String), PUBLISHED(String)
2026-05-29 23:34:28.857 [http-nio-8081-exec-7] DEBUG c.u.b.i.p.m.C.selectCount - <==      Total: 1
2026-05-29 23:34:28.857 [http-nio-8081-exec-7] DEBUG org.mybatis.spring.SqlSessionUtils - Closing non transactional SqlSession [org.apache.ibatis.session.defaults.DefaultSqlSession@7cf43ea4]
2026-05-29 23:34:28.860 [http-nio-8081-exec-7] INFO  c.u.b.i.c.ApiRequestLoggingFilter - [API] GET /api/v1/client/user-profile/home?uid=US00000000002&projectLimit=3&noteLimit=4 -> 200 (35 ms) ip=127.0.0.1 location=局域网
2026-05-29 23:34:28.862 [http-nio-8081-exec-5] DEBUG c.u.b.i.config.IpLocationInterceptor - IP属地解析: ip=127.0.0.1, location=局域网, uri=/api/v1/client/user-profile/home
2026-05-29 23:34:28.865 [http-nio-8081-exec-5] DEBUG org.mybatis.spring.SqlSessionUtils - Creating a new SqlSession
2026-05-29 23:34:28.865 [http-nio-8081-exec-5] DEBUG org.mybatis.spring.SqlSessionUtils - SqlSession [org.apache.ibatis.session.defaults.DefaultSqlSession@76be923b] was not registered for synchronization because synchronization is not active
2026-05-29 23:34:28.866 [http-nio-8081-exec-5] DEBUG o.m.s.t.SpringManagedTransaction - JDBC Connection [HikariProxyConnection@2026599198 wrapping com.mysql.cj.jdbc.ConnectionImpl@34a74f45] will not be managed by Spring
2026-05-29 23:34:28.866 [http-nio-8081-exec-5] DEBUG c.u.b.i.p.m.C.selectList - ==>  Preparing: SELECT id,user_uid,phone,email,password_hash,account_status,account_status_changed_at,account_status_remark,last_login_at,created_at,updated_at FROM user WHERE (user_uid = ?) LIMIT 1
2026-05-29 23:34:28.866 [http-nio-8081-exec-5] DEBUG c.u.b.i.p.m.C.selectList - ==> Parameters: US00000000002(String)
2026-05-29 23:34:28.867 [http-nio-8081-exec-5] DEBUG c.u.b.i.p.m.C.selectList - <==      Total: 1
2026-05-29 23:34:28.867 [http-nio-8081-exec-5] DEBUG org.mybatis.spring.SqlSessionUtils - Closing non transactional SqlSession [org.apache.ibatis.session.defaults.DefaultSqlSession@76be923b]
2026-05-29 23:34:28.867 [http-nio-8081-exec-5] DEBUG org.mybatis.spring.SqlSessionUtils - Creating a new SqlSession
2026-05-29 23:34:28.867 [http-nio-8081-exec-5] DEBUG org.mybatis.spring.SqlSessionUtils - SqlSession [org.apache.ibatis.session.defaults.DefaultSqlSession@3afa9a34] was not registered for synchronization because synchronization is not active
2026-05-29 23:34:28.868 [http-nio-8081-exec-5] DEBUG o.m.s.t.SpringManagedTransaction - JDBC Connection [HikariProxyConnection@945289242 wrapping com.mysql.cj.jdbc.ConnectionImpl@34a74f45] will not be managed by Spring
2026-05-29 23:34:28.868 [http-nio-8081-exec-5] DEBUG c.u.b.i.p.m.C.selectList - ==>  Preparing: SELECT id,user_uid,nick_name,real_name,avatar_url,current_entity_name,level,bio_data,career_data,intro,announcement,created_at,updated_at FROM user_profile WHERE (user_uid = ?) LIMIT 1
2026-05-29 23:34:28.868 [http-nio-8081-exec-5] DEBUG c.u.b.i.p.m.C.selectList - ==> Parameters: US00000000002(String)
2026-05-29 23:34:28.869 [http-nio-8081-exec-5] DEBUG c.u.b.i.p.m.C.selectList - <==      Total: 1
2026-05-29 23:34:28.869 [http-nio-8081-exec-5] DEBUG org.mybatis.spring.SqlSessionUtils - Closing non transactional SqlSession [org.apache.ibatis.session.defaults.DefaultSqlSession@3afa9a34]
2026-05-29 23:34:28.869 [http-nio-8081-exec-5] DEBUG org.mybatis.spring.SqlSessionUtils - Creating a new SqlSession
2026-05-29 23:34:28.869 [http-nio-8081-exec-5] DEBUG org.mybatis.spring.SqlSessionUtils - SqlSession [org.apache.ibatis.session.defaults.DefaultSqlSession@5df4e9cc] was not registered for synchronization because synchronization is not active
2026-05-29 23:34:28.869 [http-nio-8081-exec-5] DEBUG o.m.s.t.SpringManagedTransaction - JDBC Connection [HikariProxyConnection@858911612 wrapping com.mysql.cj.jdbc.ConnectionImpl@34a74f45] will not be managed by Spring
2026-05-29 23:34:28.869 [http-nio-8081-exec-5] DEBUG c.u.b.i.p.m.C.selectList - ==>  Preparing: SELECT id,project_uid,extended_uid,category,recruitment_type,owner_uid,team_uid,title,preview,editor_type,description,tags,duration,team_size,deadline,level,status,published_at,created_at,updated_at FROM project WHERE (owner_uid = ?) ORDER BY COALESCE(published_at, created_at) DESC, id DESC
2026-05-29 23:34:28.869 [http-nio-8081-exec-5] DEBUG c.u.b.i.p.m.C.selectList - ==> Parameters: US00000000002(String)
2026-05-29 23:34:28.870 [http-nio-8081-exec-5] DEBUG c.u.b.i.p.m.C.selectList - <==      Total: 1
2026-05-29 23:34:28.870 [http-nio-8081-exec-5] DEBUG org.mybatis.spring.SqlSessionUtils - Closing non transactional SqlSession [org.apache.ibatis.session.defaults.DefaultSqlSession@5df4e9cc]
2026-05-29 23:34:28.870 [http-nio-8081-exec-5] DEBUG org.mybatis.spring.SqlSessionUtils - Creating a new SqlSession
2026-05-29 23:34:28.870 [http-nio-8081-exec-5] DEBUG org.mybatis.spring.SqlSessionUtils - SqlSession [org.apache.ibatis.session.defaults.DefaultSqlSession@16d84066] was not registered for synchronization because synchronization is not active
2026-05-29 23:34:28.870 [http-nio-8081-exec-5] DEBUG o.m.s.t.SpringManagedTransaction - JDBC Connection [HikariProxyConnection@1821925880 wrapping com.mysql.cj.jdbc.ConnectionImpl@34a74f45] will not be managed by Spring
2026-05-29 23:34:28.870 [http-nio-8081-exec-5] DEBUG c.u.b.i.p.m.C.selectList - ==>  Preparing: SELECT id,user_uid,content_type_code,extended_uid,title,summary,editor_type,content,cover_url,video_url,video_duration,tags,view_count,like_count,collect_count,comment_count,status,published_at,created_at,updated_at FROM note WHERE (user_uid = ? AND status = ?) ORDER BY COALESCE(published_at, created_at) DESC, id DESC
2026-05-29 23:34:28.871 [http-nio-8081-exec-5] DEBUG c.u.b.i.p.m.C.selectList - ==> Parameters: US00000000002(String), PUBLISHED(String)
2026-05-29 23:34:28.872 [http-nio-8081-exec-5] DEBUG c.u.b.i.p.m.C.selectList - <==      Total: 3
2026-05-29 23:34:28.872 [http-nio-8081-exec-5] DEBUG org.mybatis.spring.SqlSessionUtils - Closing non transactional SqlSession [org.apache.ibatis.session.defaults.DefaultSqlSession@16d84066]
2026-05-29 23:34:28.872 [http-nio-8081-exec-5] DEBUG org.mybatis.spring.SqlSessionUtils - Creating a new SqlSession
2026-05-29 23:34:28.873 [http-nio-8081-exec-5] DEBUG org.mybatis.spring.SqlSessionUtils - SqlSession [org.apache.ibatis.session.defaults.DefaultSqlSession@6ec0b537] was not registered for synchronization because synchronization is not active
2026-05-29 23:34:28.873 [http-nio-8081-exec-5] DEBUG o.m.s.t.SpringManagedTransaction - JDBC Connection [HikariProxyConnection@978256889 wrapping com.mysql.cj.jdbc.ConnectionImpl@34a74f45] will not be managed by Spring
2026-05-29 23:34:28.873 [http-nio-8081-exec-5] DEBUG c.u.b.i.p.m.U.selectList - ==>  Preparing: SELECT id,user_uid,entity_code,role,auth_serial_no,proof_artifact_url,audit_status,is_active,remark,created_at,updated_at FROM user_auth_link WHERE (user_uid = ? AND is_active = ?) ORDER BY updated_at DESC LIMIT 1
2026-05-29 23:34:28.873 [http-nio-8081-exec-5] DEBUG c.u.b.i.p.m.U.selectList - ==> Parameters: US00000000002(String), 1(Integer)
2026-05-29 23:34:28.875 [http-nio-8081-exec-5] DEBUG c.u.b.i.p.m.U.selectList - <==      Total: 1
2026-05-29 23:34:28.876 [http-nio-8081-exec-5] DEBUG org.mybatis.spring.SqlSessionUtils - Closing non transactional SqlSession [org.apache.ibatis.session.defaults.DefaultSqlSession@6ec0b537]
2026-05-29 23:34:28.876 [http-nio-8081-exec-5] DEBUG org.mybatis.spring.SqlSessionUtils - Creating a new SqlSession
2026-05-29 23:34:28.876 [http-nio-8081-exec-5] DEBUG org.mybatis.spring.SqlSessionUtils - SqlSession [org.apache.ibatis.session.defaults.DefaultSqlSession@33f773b6] was not registered for synchronization because synchronization is not active
2026-05-29 23:34:28.876 [http-nio-8081-exec-5] DEBUG o.m.s.t.SpringManagedTransaction - JDBC Connection [HikariProxyConnection@1484067314 wrapping com.mysql.cj.jdbc.ConnectionImpl@34a74f45] will not be managed by Spring
2026-05-29 23:34:28.876 [http-nio-8081-exec-5] DEBUG c.u.b.i.p.m.C.selectList - ==>  Preparing: SELECT id,entity_code,name,location,type,logo_url,banner_url,intro,announcement,created_at,updated_at FROM entity_profile WHERE (entity_code = ?) LIMIT 1
2026-05-29 23:34:28.876 [http-nio-8081-exec-5] DEBUG c.u.b.i.p.m.C.selectList - ==> Parameters: 10598(String)
2026-05-29 23:34:28.877 [http-nio-8081-exec-5] DEBUG c.u.b.i.p.m.C.selectList - <==      Total: 1
2026-05-29 23:34:28.877 [http-nio-8081-exec-5] DEBUG org.mybatis.spring.SqlSessionUtils - Closing non transactional SqlSession [org.apache.ibatis.session.defaults.DefaultSqlSession@33f773b6]
2026-05-29 23:34:28.877 [http-nio-8081-exec-5] DEBUG org.mybatis.spring.SqlSessionUtils - Creating a new SqlSession
2026-05-29 23:34:28.877 [http-nio-8081-exec-5] DEBUG org.mybatis.spring.SqlSessionUtils - SqlSession [org.apache.ibatis.session.defaults.DefaultSqlSession@362b9811] was not registered for synchronization because synchronization is not active
2026-05-29 23:34:28.877 [http-nio-8081-exec-5] DEBUG o.m.s.t.SpringManagedTransaction - JDBC Connection [HikariProxyConnection@1053370273 wrapping com.mysql.cj.jdbc.ConnectionImpl@34a74f45] will not be managed by Spring
2026-05-29 23:34:28.877 [http-nio-8081-exec-5] DEBUG c.u.b.i.p.m.C.selectList - ==>  Preparing: SELECT id,user_uid,nick_name,real_name,avatar_url,current_entity_name,level,bio_data,career_data,intro,announcement,created_at,updated_at FROM user_profile WHERE (user_uid = ?) LIMIT 1
2026-05-29 23:34:28.877 [http-nio-8081-exec-5] DEBUG c.u.b.i.p.m.C.selectList - ==> Parameters: US00000000002(String)
2026-05-29 23:34:28.879 [http-nio-8081-exec-5] DEBUG c.u.b.i.p.m.C.selectList - <==      Total: 1
2026-05-29 23:34:28.879 [http-nio-8081-exec-5] DEBUG org.mybatis.spring.SqlSessionUtils - Closing non transactional SqlSession [org.apache.ibatis.session.defaults.DefaultSqlSession@362b9811]
2026-05-29 23:34:28.879 [http-nio-8081-exec-5] DEBUG org.mybatis.spring.SqlSessionUtils - Creating a new SqlSession
2026-05-29 23:34:28.879 [http-nio-8081-exec-5] DEBUG org.mybatis.spring.SqlSessionUtils - SqlSession [org.apache.ibatis.session.defaults.DefaultSqlSession@680cdaec] was not registered for synchronization because synchronization is not active
2026-05-29 23:34:28.879 [http-nio-8081-exec-5] DEBUG o.m.s.t.SpringManagedTransaction - JDBC Connection [HikariProxyConnection@34417900 wrapping com.mysql.cj.jdbc.ConnectionImpl@34a74f45] will not be managed by Spring
2026-05-29 23:34:28.879 [http-nio-8081-exec-5] DEBUG c.u.b.i.p.m.U.selectList - ==>  Preparing: SELECT id,user_uid,entity_code,role,auth_serial_no,proof_artifact_url,audit_status,is_active,remark,created_at,updated_at FROM user_auth_link WHERE (user_uid = ? AND is_active = ?) ORDER BY updated_at DESC LIMIT 1
2026-05-29 23:34:28.879 [http-nio-8081-exec-5] DEBUG c.u.b.i.p.m.U.selectList - ==> Parameters: US00000000002(String), 1(Integer)
2026-05-29 23:34:28.880 [http-nio-8081-exec-5] DEBUG c.u.b.i.p.m.U.selectList - <==      Total: 1
2026-05-29 23:34:28.880 [http-nio-8081-exec-5] DEBUG org.mybatis.spring.SqlSessionUtils - Closing non transactional SqlSession [org.apache.ibatis.session.defaults.DefaultSqlSession@680cdaec]
2026-05-29 23:34:28.880 [http-nio-8081-exec-5] DEBUG org.mybatis.spring.SqlSessionUtils - Creating a new SqlSession
2026-05-29 23:34:28.880 [http-nio-8081-exec-5] DEBUG org.mybatis.spring.SqlSessionUtils - SqlSession [org.apache.ibatis.session.defaults.DefaultSqlSession@2141619a] was not registered for synchronization because synchronization is not active
2026-05-29 23:34:28.880 [http-nio-8081-exec-5] DEBUG o.m.s.t.SpringManagedTransaction - JDBC Connection [HikariProxyConnection@798233828 wrapping com.mysql.cj.jdbc.ConnectionImpl@34a74f45] will not be managed by Spring
2026-05-29 23:34:28.880 [http-nio-8081-exec-5] DEBUG c.u.b.i.p.m.C.selectList - ==>  Preparing: SELECT id,entity_code,name,location,type,logo_url,banner_url,intro,announcement,created_at,updated_at FROM entity_profile WHERE (entity_code = ?) LIMIT 1
2026-05-29 23:34:28.880 [http-nio-8081-exec-5] DEBUG c.u.b.i.p.m.C.selectList - ==> Parameters: 10598(String)
2026-05-29 23:34:28.881 [http-nio-8081-exec-5] DEBUG c.u.b.i.p.m.C.selectList - <==      Total: 1
2026-05-29 23:34:28.881 [http-nio-8081-exec-5] DEBUG org.mybatis.spring.SqlSessionUtils - Closing non transactional SqlSession [org.apache.ibatis.session.defaults.DefaultSqlSession@2141619a]
2026-05-29 23:34:28.882 [http-nio-8081-exec-5] DEBUG org.mybatis.spring.SqlSessionUtils - Creating a new SqlSession
2026-05-29 23:34:28.882 [http-nio-8081-exec-5] DEBUG org.mybatis.spring.SqlSessionUtils - SqlSession [org.apache.ibatis.session.defaults.DefaultSqlSession@462067e8] was not registered for synchronization because synchronization is not active
2026-05-29 23:34:28.882 [http-nio-8081-exec-5] DEBUG o.m.s.t.SpringManagedTransaction - JDBC Connection [HikariProxyConnection@1825014535 wrapping com.mysql.cj.jdbc.ConnectionImpl@34a74f45] will not be managed by Spring
2026-05-29 23:34:28.882 [http-nio-8081-exec-5] DEBUG c.u.b.i.p.m.C.selectList - ==>  Preparing: SELECT id,user_uid,nick_name,real_name,avatar_url,current_entity_name,level,bio_data,career_data,intro,announcement,created_at,updated_at FROM user_profile WHERE (user_uid = ?) LIMIT 1
2026-05-29 23:34:28.882 [http-nio-8081-exec-5] DEBUG c.u.b.i.p.m.C.selectList - ==> Parameters: US00000000002(String)
2026-05-29 23:34:28.883 [http-nio-8081-exec-5] DEBUG c.u.b.i.p.m.C.selectList - <==      Total: 1
2026-05-29 23:34:28.884 [http-nio-8081-exec-5] DEBUG org.mybatis.spring.SqlSessionUtils - Closing non transactional SqlSession [org.apache.ibatis.session.defaults.DefaultSqlSession@462067e8]
2026-05-29 23:34:28.884 [http-nio-8081-exec-5] DEBUG org.mybatis.spring.SqlSessionUtils - Creating a new SqlSession
2026-05-29 23:34:28.884 [http-nio-8081-exec-5] DEBUG org.mybatis.spring.SqlSessionUtils - SqlSession [org.apache.ibatis.session.defaults.DefaultSqlSession@e3e3a11] was not registered for synchronization because synchronization is not active
2026-05-29 23:34:28.884 [http-nio-8081-exec-5] DEBUG o.m.s.t.SpringManagedTransaction - JDBC Connection [HikariProxyConnection@1273238297 wrapping com.mysql.cj.jdbc.ConnectionImpl@34a74f45] will not be managed by Spring
2026-05-29 23:34:28.884 [http-nio-8081-exec-5] DEBUG c.u.b.i.p.m.U.selectList - ==>  Preparing: SELECT id,user_uid,entity_code,role,auth_serial_no,proof_artifact_url,audit_status,is_active,remark,created_at,updated_at FROM user_auth_link WHERE (user_uid = ? AND is_active = ?) ORDER BY updated_at DESC LIMIT 1
2026-05-29 23:34:28.884 [http-nio-8081-exec-5] DEBUG c.u.b.i.p.m.U.selectList - ==> Parameters: US00000000002(String), 1(Integer)
2026-05-29 23:34:28.885 [http-nio-8081-exec-5] DEBUG c.u.b.i.p.m.U.selectList - <==      Total: 1
2026-05-29 23:34:28.885 [http-nio-8081-exec-5] DEBUG org.mybatis.spring.SqlSessionUtils - Closing non transactional SqlSession [org.apache.ibatis.session.defaults.DefaultSqlSession@e3e3a11]
2026-05-29 23:34:28.885 [http-nio-8081-exec-5] DEBUG org.mybatis.spring.SqlSessionUtils - Creating a new SqlSession
2026-05-29 23:34:28.885 [http-nio-8081-exec-5] DEBUG org.mybatis.spring.SqlSessionUtils - SqlSession [org.apache.ibatis.session.defaults.DefaultSqlSession@24653d0a] was not registered for synchronization because synchronization is not active
2026-05-29 23:34:28.885 [http-nio-8081-exec-5] DEBUG o.m.s.t.SpringManagedTransaction - JDBC Connection [HikariProxyConnection@1542747429 wrapping com.mysql.cj.jdbc.ConnectionImpl@34a74f45] will not be managed by Spring
2026-05-29 23:34:28.885 [http-nio-8081-exec-5] DEBUG c.u.b.i.p.m.C.selectList - ==>  Preparing: SELECT id,entity_code,name,location,type,logo_url,banner_url,intro,announcement,created_at,updated_at FROM entity_profile WHERE (entity_code = ?) LIMIT 1
2026-05-29 23:34:28.885 [http-nio-8081-exec-5] DEBUG c.u.b.i.p.m.C.selectList - ==> Parameters: 10598(String)
2026-05-29 23:34:28.886 [http-nio-8081-exec-5] DEBUG c.u.b.i.p.m.C.selectList - <==      Total: 1
2026-05-29 23:34:28.886 [http-nio-8081-exec-5] DEBUG org.mybatis.spring.SqlSessionUtils - Closing non transactional SqlSession [org.apache.ibatis.session.defaults.DefaultSqlSession@24653d0a]
2026-05-29 23:34:28.887 [http-nio-8081-exec-5] DEBUG org.mybatis.spring.SqlSessionUtils - Creating a new SqlSession
2026-05-29 23:34:28.887 [http-nio-8081-exec-5] DEBUG org.mybatis.spring.SqlSessionUtils - SqlSession [org.apache.ibatis.session.defaults.DefaultSqlSession@703ef4ea] was not registered for synchronization because synchronization is not active
2026-05-29 23:34:28.887 [http-nio-8081-exec-5] DEBUG o.m.s.t.SpringManagedTransaction - JDBC Connection [HikariProxyConnection@2101217930 wrapping com.mysql.cj.jdbc.ConnectionImpl@34a74f45] will not be managed by Spring
2026-05-29 23:34:28.887 [http-nio-8081-exec-5] DEBUG c.u.b.i.p.m.C.selectList - ==>  Preparing: SELECT id,user_uid,nick_name,real_name,avatar_url,current_entity_name,level,bio_data,career_data,intro,announcement,created_at,updated_at FROM user_profile WHERE (user_uid = ?) LIMIT 1
2026-05-29 23:34:28.888 [http-nio-8081-exec-5] DEBUG c.u.b.i.p.m.C.selectList - ==> Parameters: US00000000002(String)
2026-05-29 23:34:28.888 [http-nio-8081-exec-5] DEBUG c.u.b.i.p.m.C.selectList - <==      Total: 1
2026-05-29 23:34:28.888 [http-nio-8081-exec-5] DEBUG org.mybatis.spring.SqlSessionUtils - Closing non transactional SqlSession [org.apache.ibatis.session.defaults.DefaultSqlSession@703ef4ea]
2026-05-29 23:34:28.888 [http-nio-8081-exec-5] DEBUG org.mybatis.spring.SqlSessionUtils - Creating a new SqlSession
2026-05-29 23:34:28.890 [http-nio-8081-exec-5] DEBUG org.mybatis.spring.SqlSessionUtils - SqlSession [org.apache.ibatis.session.defaults.DefaultSqlSession@2b1aab6e] was not registered for synchronization because synchronization is not active
2026-05-29 23:34:28.890 [http-nio-8081-exec-5] DEBUG o.m.s.t.SpringManagedTransaction - JDBC Connection [HikariProxyConnection@746881859 wrapping com.mysql.cj.jdbc.ConnectionImpl@34a74f45] will not be managed by Spring
2026-05-29 23:34:28.890 [http-nio-8081-exec-5] DEBUG c.u.b.i.p.m.U.selectList - ==>  Preparing: SELECT id,user_uid,entity_code,role,auth_serial_no,proof_artifact_url,audit_status,is_active,remark,created_at,updated_at FROM user_auth_link WHERE (user_uid = ? AND is_active = ?) ORDER BY updated_at DESC LIMIT 1
2026-05-29 23:34:28.890 [http-nio-8081-exec-5] DEBUG c.u.b.i.p.m.U.selectList - ==> Parameters: US00000000002(String), 1(Integer)
2026-05-29 23:34:28.890 [http-nio-8081-exec-5] DEBUG c.u.b.i.p.m.U.selectList - <==      Total: 1
2026-05-29 23:34:28.890 [http-nio-8081-exec-5] DEBUG org.mybatis.spring.SqlSessionUtils - Closing non transactional SqlSession [org.apache.ibatis.session.defaults.DefaultSqlSession@2b1aab6e]
2026-05-29 23:34:28.891 [http-nio-8081-exec-5] DEBUG org.mybatis.spring.SqlSessionUtils - Creating a new SqlSession
2026-05-29 23:34:28.891 [http-nio-8081-exec-5] DEBUG org.mybatis.spring.SqlSessionUtils - SqlSession [org.apache.ibatis.session.defaults.DefaultSqlSession@7c8f3ed7] was not registered for synchronization because synchronization is not active
2026-05-29 23:34:28.891 [http-nio-8081-exec-5] DEBUG o.m.s.t.SpringManagedTransaction - JDBC Connection [HikariProxyConnection@45136883 wrapping com.mysql.cj.jdbc.ConnectionImpl@34a74f45] will not be managed by Spring
2026-05-29 23:34:28.891 [http-nio-8081-exec-5] DEBUG c.u.b.i.p.m.C.selectList - ==>  Preparing: SELECT id,entity_code,name,location,type,logo_url,banner_url,intro,announcement,created_at,updated_at FROM entity_profile WHERE (entity_code = ?) LIMIT 1
2026-05-29 23:34:28.891 [http-nio-8081-exec-5] DEBUG c.u.b.i.p.m.C.selectList - ==> Parameters: 10598(String)
2026-05-29 23:34:28.892 [http-nio-8081-exec-5] DEBUG c.u.b.i.p.m.C.selectList - <==      Total: 1
2026-05-29 23:34:28.892 [http-nio-8081-exec-5] DEBUG org.mybatis.spring.SqlSessionUtils - Closing non transactional SqlSession [org.apache.ibatis.session.defaults.DefaultSqlSession@7c8f3ed7]
2026-05-29 23:34:28.892 [http-nio-8081-exec-5] DEBUG org.mybatis.spring.SqlSessionUtils - Creating a new SqlSession
2026-05-29 23:34:28.892 [http-nio-8081-exec-5] DEBUG org.mybatis.spring.SqlSessionUtils - SqlSession [org.apache.ibatis.session.defaults.DefaultSqlSession@36c94294] was not registered for synchronization because synchronization is not active
2026-05-29 23:34:28.893 [http-nio-8081-exec-5] DEBUG o.m.s.t.SpringManagedTransaction - JDBC Connection [HikariProxyConnection@859159324 wrapping com.mysql.cj.jdbc.ConnectionImpl@34a74f45] will not be managed by Spring
2026-05-29 23:34:28.893 [http-nio-8081-exec-5] DEBUG c.u.b.i.p.m.C.selectCount - ==>  Preparing: SELECT COUNT( * ) AS total FROM project WHERE (owner_uid = ?) ORDER BY COALESCE(published_at, created_at) DESC, id DESC
2026-05-29 23:34:28.893 [http-nio-8081-exec-5] DEBUG c.u.b.i.p.m.C.selectCount - ==> Parameters: US00000000002(String)
2026-05-29 23:34:28.894 [http-nio-8081-exec-5] DEBUG c.u.b.i.p.m.C.selectCount - <==      Total: 1
2026-05-29 23:34:28.894 [http-nio-8081-exec-5] DEBUG org.mybatis.spring.SqlSessionUtils - Closing non transactional SqlSession [org.apache.ibatis.session.defaults.DefaultSqlSession@36c94294]
2026-05-29 23:34:28.894 [http-nio-8081-exec-5] DEBUG org.mybatis.spring.SqlSessionUtils - Creating a new SqlSession
2026-05-29 23:34:28.894 [http-nio-8081-exec-5] DEBUG org.mybatis.spring.SqlSessionUtils - SqlSession [org.apache.ibatis.session.defaults.DefaultSqlSession@bb7641a] was not registered for synchronization because synchronization is not active
2026-05-29 23:34:28.894 [http-nio-8081-exec-5] DEBUG o.m.s.t.SpringManagedTransaction - JDBC Connection [HikariProxyConnection@1997949466 wrapping com.mysql.cj.jdbc.ConnectionImpl@34a74f45] will not be managed by Spring
2026-05-29 23:34:28.894 [http-nio-8081-exec-5] DEBUG c.u.b.i.p.m.C.selectCount - ==>  Preparing: SELECT COUNT( * ) AS total FROM note WHERE (user_uid = ? AND status = ?) ORDER BY COALESCE(published_at, created_at) DESC, id DESC
2026-05-29 23:34:28.894 [http-nio-8081-exec-5] DEBUG c.u.b.i.p.m.C.selectCount - ==> Parameters: US00000000002(String), PUBLISHED(String)
2026-05-29 23:34:28.895 [http-nio-8081-exec-5] DEBUG c.u.b.i.p.m.C.selectCount - <==      Total: 1
2026-05-29 23:34:28.895 [http-nio-8081-exec-5] DEBUG org.mybatis.spring.SqlSessionUtils - Closing non transactional SqlSession [org.apache.ibatis.session.defaults.DefaultSqlSession@bb7641a]
2026-05-29 23:34:28.897 [http-nio-8081-exec-5] INFO  c.u.b.i.c.ApiRequestLoggingFilter - [API] GET /api/v1/client/user-profile/home?uid=US00000000002&projectLimit=3&noteLimit=4 -> 200 (35 ms) ip=127.0.0.1 location=局域网
2026-05-29 23:38:29.455 [http-nio-8081-exec-4] DEBUG c.u.b.i.config.IpLocationInterceptor - IP属地解析: ip=127.0.0.1, location=局域网, uri=/api/v1/client/user-profile/space
2026-05-29 23:38:29.455 [http-nio-8081-exec-2] DEBUG c.u.b.i.config.IpLocationInterceptor - IP属地解析: ip=127.0.0.1, location=局域网, uri=/api/v1/client/user-profile/menu
2026-05-29 23:38:29.458 [http-nio-8081-exec-2] DEBUG org.mybatis.spring.SqlSessionUtils - Creating a new SqlSession
2026-05-29 23:38:29.459 [http-nio-8081-exec-2] DEBUG org.mybatis.spring.SqlSessionUtils - SqlSession [org.apache.ibatis.session.defaults.DefaultSqlSession@3181cc12] was not registered for synchronization because synchronization is not active
2026-05-29 23:38:29.459 [http-nio-8081-exec-4] DEBUG org.mybatis.spring.SqlSessionUtils - Creating a new SqlSession
2026-05-29 23:38:29.459 [http-nio-8081-exec-4] DEBUG org.mybatis.spring.SqlSessionUtils - SqlSession [org.apache.ibatis.session.defaults.DefaultSqlSession@3a6b45fc] was not registered for synchronization because synchronization is not active
2026-05-29 23:38:29.459 [http-nio-8081-exec-2] DEBUG o.m.s.t.SpringManagedTransaction - JDBC Connection [HikariProxyConnection@315470680 wrapping com.mysql.cj.jdbc.ConnectionImpl@34a74f45] will not be managed by Spring
2026-05-29 23:38:29.459 [http-nio-8081-exec-4] DEBUG o.m.s.t.SpringManagedTransaction - JDBC Connection [HikariProxyConnection@70530374 wrapping com.mysql.cj.jdbc.ConnectionImpl@70a6143d] will not be managed by Spring
2026-05-29 23:38:29.459 [http-nio-8081-exec-2] DEBUG c.u.b.i.p.m.C.selectList - ==>  Preparing: SELECT id,user_uid,phone,email,password_hash,account_status,account_status_changed_at,account_status_remark,last_login_at,created_at,updated_at FROM user WHERE (user_uid = ?) LIMIT 1
2026-05-29 23:38:29.459 [http-nio-8081-exec-4] DEBUG c.u.b.i.p.m.C.selectList - ==>  Preparing: SELECT id,user_uid,phone,email,password_hash,account_status,account_status_changed_at,account_status_remark,last_login_at,created_at,updated_at FROM user WHERE (user_uid = ?) LIMIT 1
2026-05-29 23:38:29.459 [http-nio-8081-exec-4] DEBUG c.u.b.i.p.m.C.selectList - ==> Parameters: US00000000002(String)
2026-05-29 23:38:29.459 [http-nio-8081-exec-2] DEBUG c.u.b.i.p.m.C.selectList - ==> Parameters: USzrFBKQxd5Iq(String)
2026-05-29 23:38:29.460 [http-nio-8081-exec-4] DEBUG c.u.b.i.p.m.C.selectList - <==      Total: 1
2026-05-29 23:38:29.461 [http-nio-8081-exec-4] DEBUG org.mybatis.spring.SqlSessionUtils - Closing non transactional SqlSession [org.apache.ibatis.session.defaults.DefaultSqlSession@3a6b45fc]
2026-05-29 23:38:29.461 [http-nio-8081-exec-4] DEBUG org.mybatis.spring.SqlSessionUtils - Creating a new SqlSession
2026-05-29 23:38:29.461 [http-nio-8081-exec-4] DEBUG org.mybatis.spring.SqlSessionUtils - SqlSession [org.apache.ibatis.session.defaults.DefaultSqlSession@72a65d78] was not registered for synchronization because synchronization is not active
2026-05-29 23:38:29.461 [http-nio-8081-exec-4] DEBUG o.m.s.t.SpringManagedTransaction - JDBC Connection [HikariProxyConnection@310551157 wrapping com.mysql.cj.jdbc.ConnectionImpl@70a6143d] will not be managed by Spring
2026-05-29 23:38:29.461 [http-nio-8081-exec-4] DEBUG c.u.b.i.p.m.C.selectList - ==>  Preparing: SELECT id,user_uid,nick_name,real_name,avatar_url,current_entity_name,level,bio_data,career_data,intro,announcement,created_at,updated_at FROM user_profile WHERE (user_uid = ?) LIMIT 1
2026-05-29 23:38:29.461 [http-nio-8081-exec-4] DEBUG c.u.b.i.p.m.C.selectList - ==> Parameters: US00000000002(String)
2026-05-29 23:38:29.462 [http-nio-8081-exec-2] DEBUG c.u.b.i.p.m.C.selectList - <==      Total: 1
2026-05-29 23:38:29.462 [http-nio-8081-exec-2] DEBUG org.mybatis.spring.SqlSessionUtils - Closing non transactional SqlSession [org.apache.ibatis.session.defaults.DefaultSqlSession@3181cc12]
2026-05-29 23:38:29.462 [http-nio-8081-exec-2] DEBUG org.mybatis.spring.SqlSessionUtils - Creating a new SqlSession
2026-05-29 23:38:29.463 [http-nio-8081-exec-2] DEBUG org.mybatis.spring.SqlSessionUtils - SqlSession [org.apache.ibatis.session.defaults.DefaultSqlSession@61e0abb8] was not registered for synchronization because synchronization is not active
2026-05-29 23:38:29.463 [http-nio-8081-exec-4] DEBUG c.u.b.i.p.m.C.selectList - <==      Total: 1
2026-05-29 23:38:29.463 [http-nio-8081-exec-4] DEBUG org.mybatis.spring.SqlSessionUtils - Closing non transactional SqlSession [org.apache.ibatis.session.defaults.DefaultSqlSession@72a65d78]
2026-05-29 23:38:29.463 [http-nio-8081-exec-2] DEBUG o.m.s.t.SpringManagedTransaction - JDBC Connection [HikariProxyConnection@1581128394 wrapping com.mysql.cj.jdbc.ConnectionImpl@34a74f45] will not be managed by Spring
2026-05-29 23:38:29.463 [http-nio-8081-exec-2] DEBUG c.u.b.i.p.m.C.selectList - ==>  Preparing: SELECT id,user_uid,nick_name,real_name,avatar_url,current_entity_name,level,bio_data,career_data,intro,announcement,created_at,updated_at FROM user_profile WHERE (user_uid = ?) LIMIT 1
2026-05-29 23:38:29.463 [http-nio-8081-exec-4] DEBUG org.mybatis.spring.SqlSessionUtils - Creating a new SqlSession
2026-05-29 23:38:29.463 [http-nio-8081-exec-4] DEBUG org.mybatis.spring.SqlSessionUtils - SqlSession [org.apache.ibatis.session.defaults.DefaultSqlSession@63b9dffe] was not registered for synchronization because synchronization is not active
2026-05-29 23:38:29.463 [http-nio-8081-exec-2] DEBUG c.u.b.i.p.m.C.selectList - ==> Parameters: USzrFBKQxd5Iq(String)
2026-05-29 23:38:29.463 [http-nio-8081-exec-4] DEBUG o.m.s.t.SpringManagedTransaction - JDBC Connection [HikariProxyConnection@590615404 wrapping com.mysql.cj.jdbc.ConnectionImpl@70a6143d] will not be managed by Spring
2026-05-29 23:38:29.463 [http-nio-8081-exec-4] DEBUG c.u.b.i.p.m.U.selectList - ==>  Preparing: SELECT id,user_uid,entity_code,role,auth_serial_no,proof_artifact_url,audit_status,is_active,remark,created_at,updated_at FROM user_auth_link WHERE (user_uid = ? AND is_active = ?) ORDER BY updated_at DESC LIMIT 1
2026-05-29 23:38:29.463 [http-nio-8081-exec-4] DEBUG c.u.b.i.p.m.U.selectList - ==> Parameters: US00000000002(String), 1(Integer)
2026-05-29 23:38:29.464 [http-nio-8081-exec-2] DEBUG c.u.b.i.p.m.C.selectList - <==      Total: 1
2026-05-29 23:38:29.464 [http-nio-8081-exec-2] DEBUG org.mybatis.spring.SqlSessionUtils - Closing non transactional SqlSession [org.apache.ibatis.session.defaults.DefaultSqlSession@61e0abb8]
2026-05-29 23:38:29.467 [http-nio-8081-exec-4] DEBUG c.u.b.i.p.m.U.selectList - <==      Total: 1
2026-05-29 23:38:29.467 [http-nio-8081-exec-4] DEBUG org.mybatis.spring.SqlSessionUtils - Closing non transactional SqlSession [org.apache.ibatis.session.defaults.DefaultSqlSession@63b9dffe]
2026-05-29 23:38:29.467 [http-nio-8081-exec-2] INFO  c.u.b.i.c.ApiRequestLoggingFilter - [API] GET /api/v1/client/user-profile/menu?uid=USzrFBKQxd5Iq -> 200 (13 ms) ip=127.0.0.1 location=局域网
2026-05-29 23:38:29.467 [http-nio-8081-exec-4] DEBUG org.mybatis.spring.SqlSessionUtils - Creating a new SqlSession
2026-05-29 23:38:29.467 [http-nio-8081-exec-4] DEBUG org.mybatis.spring.SqlSessionUtils - SqlSession [org.apache.ibatis.session.defaults.DefaultSqlSession@5a3e618c] was not registered for synchronization because synchronization is not active
2026-05-29 23:38:29.468 [http-nio-8081-exec-4] DEBUG o.m.s.t.SpringManagedTransaction - JDBC Connection [HikariProxyConnection@2002060058 wrapping com.mysql.cj.jdbc.ConnectionImpl@70a6143d] will not be managed by Spring
2026-05-29 23:38:29.468 [http-nio-8081-exec-4] DEBUG c.u.b.i.p.m.C.selectList - ==>  Preparing: SELECT id,entity_code,name,location,type,logo_url,banner_url,intro,announcement,created_at,updated_at FROM entity_profile WHERE (entity_code = ?) LIMIT 1
2026-05-29 23:38:29.468 [http-nio-8081-exec-4] DEBUG c.u.b.i.p.m.C.selectList - ==> Parameters: 10598(String)
2026-05-29 23:38:29.469 [http-nio-8081-exec-4] DEBUG c.u.b.i.p.m.C.selectList - <==      Total: 1
2026-05-29 23:38:29.469 [http-nio-8081-exec-4] DEBUG org.mybatis.spring.SqlSessionUtils - Closing non transactional SqlSession [org.apache.ibatis.session.defaults.DefaultSqlSession@5a3e618c]
2026-05-29 23:38:29.469 [http-nio-8081-exec-4] DEBUG org.mybatis.spring.SqlSessionUtils - Creating a new SqlSession
2026-05-29 23:38:29.469 [http-nio-8081-exec-4] DEBUG org.mybatis.spring.SqlSessionUtils - SqlSession [org.apache.ibatis.session.defaults.DefaultSqlSession@4488aa31] was not registered for synchronization because synchronization is not active
2026-05-29 23:38:29.470 [http-nio-8081-exec-4] DEBUG o.m.s.t.SpringManagedTransaction - JDBC Connection [HikariProxyConnection@1829998893 wrapping com.mysql.cj.jdbc.ConnectionImpl@70a6143d] will not be managed by Spring
2026-05-29 23:38:29.470 [http-nio-8081-exec-4] DEBUG c.u.b.i.p.m.C.selectList - ==>  Preparing: SELECT id,team_uid,user_uid,role,lab_user_uid,career,is_admin,invited_by_uid,joined_at FROM team_member WHERE (user_uid = ?)
2026-05-29 23:38:29.470 [http-nio-8081-exec-4] DEBUG c.u.b.i.p.m.C.selectList - ==> Parameters: US00000000002(String)
2026-05-29 23:38:29.470 [http-nio-8081-exec-9] DEBUG c.u.b.i.config.IpLocationInterceptor - IP属地解析: ip=127.0.0.1, location=局域网, uri=/api/v1/client/user-profile/menu
2026-05-29 23:38:29.471 [http-nio-8081-exec-4] DEBUG c.u.b.i.p.m.C.selectList - <==      Total: 2
2026-05-29 23:38:29.471 [http-nio-8081-exec-4] DEBUG org.mybatis.spring.SqlSessionUtils - Closing non transactional SqlSession [org.apache.ibatis.session.defaults.DefaultSqlSession@4488aa31]
2026-05-29 23:38:29.471 [http-nio-8081-exec-4] DEBUG org.mybatis.spring.SqlSessionUtils - Creating a new SqlSession
2026-05-29 23:38:29.471 [http-nio-8081-exec-4] DEBUG org.mybatis.spring.SqlSessionUtils - SqlSession [org.apache.ibatis.session.defaults.DefaultSqlSession@84d4b50] was not registered for synchronization because synchronization is not active
2026-05-29 23:38:29.472 [http-nio-8081-exec-4] DEBUG o.m.s.t.SpringManagedTransaction - JDBC Connection [HikariProxyConnection@160805194 wrapping com.mysql.cj.jdbc.ConnectionImpl@70a6143d] will not be managed by Spring
2026-05-29 23:38:29.472 [http-nio-8081-exec-4] DEBUG c.u.b.i.p.m.C.selectList - ==>  Preparing: SELECT id,team_uid,type,team_logo,owner_uid,owner_name,entity_code,team_name,tag,intro,announcement,contact_email,audit_status,audited_at,audit_remark,account_status,account_status_changed_at,account_status_remark,created_at,updated_at FROM team WHERE (team_uid = ?) LIMIT 1
2026-05-29 23:38:29.472 [http-nio-8081-exec-4] DEBUG c.u.b.i.p.m.C.selectList - ==> Parameters: LB00000000001(String)
2026-05-29 23:38:29.474 [http-nio-8081-exec-4] DEBUG c.u.b.i.p.m.C.selectList - <==      Total: 1
2026-05-29 23:38:29.474 [http-nio-8081-exec-4] DEBUG org.mybatis.spring.SqlSessionUtils - Closing non transactional SqlSession [org.apache.ibatis.session.defaults.DefaultSqlSession@84d4b50]
2026-05-29 23:38:29.474 [http-nio-8081-exec-4] DEBUG org.mybatis.spring.SqlSessionUtils - Creating a new SqlSession
2026-05-29 23:38:29.474 [http-nio-8081-exec-4] DEBUG org.mybatis.spring.SqlSessionUtils - SqlSession [org.apache.ibatis.session.defaults.DefaultSqlSession@4257edc7] was not registered for synchronization because synchronization is not active
2026-05-29 23:38:29.475 [http-nio-8081-exec-4] DEBUG o.m.s.t.SpringManagedTransaction - JDBC Connection [HikariProxyConnection@539113750 wrapping com.mysql.cj.jdbc.ConnectionImpl@70a6143d] will not be managed by Spring
2026-05-29 23:38:29.475 [http-nio-8081-exec-4] DEBUG c.u.b.i.p.m.C.selectList - ==>  Preparing: SELECT id,team_uid,type,team_logo,owner_uid,owner_name,entity_code,team_name,tag,intro,announcement,contact_email,audit_status,audited_at,audit_remark,account_status,account_status_changed_at,account_status_remark,created_at,updated_at FROM team WHERE (team_uid = ?) LIMIT 1
2026-05-29 23:38:29.475 [http-nio-8081-exec-9] DEBUG org.mybatis.spring.SqlSessionUtils - Creating a new SqlSession
2026-05-29 23:38:29.475 [http-nio-8081-exec-9] DEBUG org.mybatis.spring.SqlSessionUtils - SqlSession [org.apache.ibatis.session.defaults.DefaultSqlSession@300f10d1] was not registered for synchronization because synchronization is not active
2026-05-29 23:38:29.475 [http-nio-8081-exec-4] DEBUG c.u.b.i.p.m.C.selectList - ==> Parameters: LB00000000002(String)
2026-05-29 23:38:29.475 [http-nio-8081-exec-9] DEBUG o.m.s.t.SpringManagedTransaction - JDBC Connection [HikariProxyConnection@220921584 wrapping com.mysql.cj.jdbc.ConnectionImpl@34a74f45] will not be managed by Spring
2026-05-29 23:38:29.475 [http-nio-8081-exec-9] DEBUG c.u.b.i.p.m.C.selectList - ==>  Preparing: SELECT id,user_uid,phone,email,password_hash,account_status,account_status_changed_at,account_status_remark,last_login_at,created_at,updated_at FROM user WHERE (user_uid = ?) LIMIT 1
2026-05-29 23:38:29.475 [http-nio-8081-exec-9] DEBUG c.u.b.i.p.m.C.selectList - ==> Parameters: USzrFBKQxd5Iq(String)
2026-05-29 23:38:29.476 [http-nio-8081-exec-9] DEBUG c.u.b.i.p.m.C.selectList - <==      Total: 1
2026-05-29 23:38:29.476 [http-nio-8081-exec-9] DEBUG org.mybatis.spring.SqlSessionUtils - Closing non transactional SqlSession [org.apache.ibatis.session.defaults.DefaultSqlSession@300f10d1]
2026-05-29 23:38:29.476 [http-nio-8081-exec-4] DEBUG c.u.b.i.p.m.C.selectList - <==      Total: 1
2026-05-29 23:38:29.476 [http-nio-8081-exec-4] DEBUG org.mybatis.spring.SqlSessionUtils - Closing non transactional SqlSession [org.apache.ibatis.session.defaults.DefaultSqlSession@4257edc7]
2026-05-29 23:38:29.476 [http-nio-8081-exec-4] DEBUG org.mybatis.spring.SqlSessionUtils - Creating a new SqlSession
2026-05-29 23:38:29.476 [http-nio-8081-exec-4] DEBUG org.mybatis.spring.SqlSessionUtils - SqlSession [org.apache.ibatis.session.defaults.DefaultSqlSession@af48335] was not registered for synchronization because synchronization is not active
2026-05-29 23:38:29.477 [http-nio-8081-exec-9] DEBUG org.mybatis.spring.SqlSessionUtils - Creating a new SqlSession
2026-05-29 23:38:29.477 [http-nio-8081-exec-9] DEBUG org.mybatis.spring.SqlSessionUtils - SqlSession [org.apache.ibatis.session.defaults.DefaultSqlSession@14463460] was not registered for synchronization because synchronization is not active
2026-05-29 23:38:29.477 [http-nio-8081-exec-9] DEBUG o.m.s.t.SpringManagedTransaction - JDBC Connection [HikariProxyConnection@1543972769 wrapping com.mysql.cj.jdbc.ConnectionImpl@34a74f45] will not be managed by Spring
2026-05-29 23:38:29.477 [http-nio-8081-exec-4] DEBUG o.m.s.t.SpringManagedTransaction - JDBC Connection [HikariProxyConnection@1999662713 wrapping com.mysql.cj.jdbc.ConnectionImpl@70a6143d] will not be managed by Spring
2026-05-29 23:38:29.477 [http-nio-8081-exec-9] DEBUG c.u.b.i.p.m.C.selectList - ==>  Preparing: SELECT id,user_uid,nick_name,real_name,avatar_url,current_entity_name,level,bio_data,career_data,intro,announcement,created_at,updated_at FROM user_profile WHERE (user_uid = ?) LIMIT 1
2026-05-29 23:38:29.477 [http-nio-8081-exec-4] DEBUG c.u.b.i.p.m.C.selectList - ==>  Preparing: SELECT id,team_uid,type,team_logo,owner_uid,owner_name,entity_code,team_name,tag,intro,announcement,contact_email,audit_status,audited_at,audit_remark,account_status,account_status_changed_at,account_status_remark,created_at,updated_at FROM team WHERE (owner_uid = ?)
2026-05-29 23:38:29.477 [http-nio-8081-exec-9] DEBUG c.u.b.i.p.m.C.selectList - ==> Parameters: USzrFBKQxd5Iq(String)
2026-05-29 23:38:29.477 [http-nio-8081-exec-4] DEBUG c.u.b.i.p.m.C.selectList - ==> Parameters: US00000000002(String)
2026-05-29 23:38:29.478 [http-nio-8081-exec-9] DEBUG c.u.b.i.p.m.C.selectList - <==      Total: 1
2026-05-29 23:38:29.478 [http-nio-8081-exec-9] DEBUG org.mybatis.spring.SqlSessionUtils - Closing non transactional SqlSession [org.apache.ibatis.session.defaults.DefaultSqlSession@14463460]
2026-05-29 23:38:29.478 [http-nio-8081-exec-4] DEBUG c.u.b.i.p.m.C.selectList - <==      Total: 2
2026-05-29 23:38:29.478 [http-nio-8081-exec-4] DEBUG org.mybatis.spring.SqlSessionUtils - Closing non transactional SqlSession [org.apache.ibatis.session.defaults.DefaultSqlSession@af48335]
2026-05-29 23:38:29.479 [http-nio-8081-exec-4] INFO  c.u.b.i.c.ApiRequestLoggingFilter - [API] GET /api/v1/client/user-profile/space?uid=US00000000002 -> 200 (25 ms) ip=127.0.0.1 location=局域网
2026-05-29 23:38:29.479 [http-nio-8081-exec-9] INFO  c.u.b.i.c.ApiRequestLoggingFilter - [API] GET /api/v1/client/user-profile/menu?uid=USzrFBKQxd5Iq -> 200 (9 ms) ip=127.0.0.1 location=局域网
2026-05-29 23:38:29.482 [http-nio-8081-exec-6] DEBUG c.u.b.i.config.IpLocationInterceptor - IP属地解析: ip=127.0.0.1, location=局域网, uri=/api/v1/client/user-profile/space
2026-05-29 23:38:29.488 [http-nio-8081-exec-6] DEBUG org.mybatis.spring.SqlSessionUtils - Creating a new SqlSession
2026-05-29 23:38:29.488 [http-nio-8081-exec-6] DEBUG org.mybatis.spring.SqlSessionUtils - SqlSession [org.apache.ibatis.session.defaults.DefaultSqlSession@75e08240] was not registered for synchronization because synchronization is not active
2026-05-29 23:38:29.488 [http-nio-8081-exec-6] DEBUG o.m.s.t.SpringManagedTransaction - JDBC Connection [HikariProxyConnection@774956457 wrapping com.mysql.cj.jdbc.ConnectionImpl@70a6143d] will not be managed by Spring
2026-05-29 23:38:29.488 [http-nio-8081-exec-6] DEBUG c.u.b.i.p.m.C.selectList - ==>  Preparing: SELECT id,user_uid,phone,email,password_hash,account_status,account_status_changed_at,account_status_remark,last_login_at,created_at,updated_at FROM user WHERE (user_uid = ?) LIMIT 1
2026-05-29 23:38:29.489 [http-nio-8081-exec-6] DEBUG c.u.b.i.p.m.C.selectList - ==> Parameters: US00000000002(String)
2026-05-29 23:38:29.490 [http-nio-8081-exec-6] DEBUG c.u.b.i.p.m.C.selectList - <==      Total: 1
2026-05-29 23:38:29.490 [http-nio-8081-exec-6] DEBUG org.mybatis.spring.SqlSessionUtils - Closing non transactional SqlSession [org.apache.ibatis.session.defaults.DefaultSqlSession@75e08240]
2026-05-29 23:38:29.490 [http-nio-8081-exec-6] DEBUG org.mybatis.spring.SqlSessionUtils - Creating a new SqlSession
2026-05-29 23:38:29.491 [http-nio-8081-exec-6] DEBUG org.mybatis.spring.SqlSessionUtils - SqlSession [org.apache.ibatis.session.defaults.DefaultSqlSession@67c0bad7] was not registered for synchronization because synchronization is not active
2026-05-29 23:38:29.491 [http-nio-8081-exec-6] DEBUG o.m.s.t.SpringManagedTransaction - JDBC Connection [HikariProxyConnection@373540589 wrapping com.mysql.cj.jdbc.ConnectionImpl@70a6143d] will not be managed by Spring
2026-05-29 23:38:29.491 [http-nio-8081-exec-6] DEBUG c.u.b.i.p.m.C.selectList - ==>  Preparing: SELECT id,user_uid,nick_name,real_name,avatar_url,current_entity_name,level,bio_data,career_data,intro,announcement,created_at,updated_at FROM user_profile WHERE (user_uid = ?) LIMIT 1
2026-05-29 23:38:29.491 [http-nio-8081-exec-6] DEBUG c.u.b.i.p.m.C.selectList - ==> Parameters: US00000000002(String)
2026-05-29 23:38:29.492 [http-nio-8081-exec-6] DEBUG c.u.b.i.p.m.C.selectList - <==      Total: 1
2026-05-29 23:38:29.492 [http-nio-8081-exec-6] DEBUG org.mybatis.spring.SqlSessionUtils - Closing non transactional SqlSession [org.apache.ibatis.session.defaults.DefaultSqlSession@67c0bad7]
2026-05-29 23:38:29.493 [http-nio-8081-exec-6] DEBUG org.mybatis.spring.SqlSessionUtils - Creating a new SqlSession
2026-05-29 23:38:29.493 [http-nio-8081-exec-6] DEBUG org.mybatis.spring.SqlSessionUtils - SqlSession [org.apache.ibatis.session.defaults.DefaultSqlSession@7205fa9] was not registered for synchronization because synchronization is not active
2026-05-29 23:38:29.493 [http-nio-8081-exec-6] DEBUG o.m.s.t.SpringManagedTransaction - JDBC Connection [HikariProxyConnection@1700027288 wrapping com.mysql.cj.jdbc.ConnectionImpl@70a6143d] will not be managed by Spring
2026-05-29 23:38:29.493 [http-nio-8081-exec-6] DEBUG c.u.b.i.p.m.U.selectList - ==>  Preparing: SELECT id,user_uid,entity_code,role,auth_serial_no,proof_artifact_url,audit_status,is_active,remark,created_at,updated_at FROM user_auth_link WHERE (user_uid = ? AND is_active = ?) ORDER BY updated_at DESC LIMIT 1
2026-05-29 23:38:29.494 [http-nio-8081-exec-6] DEBUG c.u.b.i.p.m.U.selectList - ==> Parameters: US00000000002(String), 1(Integer)
2026-05-29 23:38:29.495 [http-nio-8081-exec-6] DEBUG c.u.b.i.p.m.U.selectList - <==      Total: 1
2026-05-29 23:38:29.495 [http-nio-8081-exec-6] DEBUG org.mybatis.spring.SqlSessionUtils - Closing non transactional SqlSession [org.apache.ibatis.session.defaults.DefaultSqlSession@7205fa9]
2026-05-29 23:38:29.495 [http-nio-8081-exec-6] DEBUG org.mybatis.spring.SqlSessionUtils - Creating a new SqlSession
2026-05-29 23:38:29.496 [http-nio-8081-exec-6] DEBUG org.mybatis.spring.SqlSessionUtils - SqlSession [org.apache.ibatis.session.defaults.DefaultSqlSession@697aaa89] was not registered for synchronization because synchronization is not active
2026-05-29 23:38:29.496 [http-nio-8081-exec-6] DEBUG o.m.s.t.SpringManagedTransaction - JDBC Connection [HikariProxyConnection@1814199576 wrapping com.mysql.cj.jdbc.ConnectionImpl@70a6143d] will not be managed by Spring
2026-05-29 23:38:29.496 [http-nio-8081-exec-6] DEBUG c.u.b.i.p.m.C.selectList - ==>  Preparing: SELECT id,entity_code,name,location,type,logo_url,banner_url,intro,announcement,created_at,updated_at FROM entity_profile WHERE (entity_code = ?) LIMIT 1
2026-05-29 23:38:29.496 [http-nio-8081-exec-6] DEBUG c.u.b.i.p.m.C.selectList - ==> Parameters: 10598(String)
2026-05-29 23:38:29.497 [http-nio-8081-exec-6] DEBUG c.u.b.i.p.m.C.selectList - <==      Total: 1
2026-05-29 23:38:29.497 [http-nio-8081-exec-6] DEBUG org.mybatis.spring.SqlSessionUtils - Closing non transactional SqlSession [org.apache.ibatis.session.defaults.DefaultSqlSession@697aaa89]
2026-05-29 23:38:29.497 [http-nio-8081-exec-6] DEBUG org.mybatis.spring.SqlSessionUtils - Creating a new SqlSession
2026-05-29 23:38:29.497 [http-nio-8081-exec-6] DEBUG org.mybatis.spring.SqlSessionUtils - SqlSession [org.apache.ibatis.session.defaults.DefaultSqlSession@287b086] was not registered for synchronization because synchronization is not active
2026-05-29 23:38:29.498 [http-nio-8081-exec-6] DEBUG o.m.s.t.SpringManagedTransaction - JDBC Connection [HikariProxyConnection@1049980093 wrapping com.mysql.cj.jdbc.ConnectionImpl@70a6143d] will not be managed by Spring
2026-05-29 23:38:29.498 [http-nio-8081-exec-6] DEBUG c.u.b.i.p.m.C.selectList - ==>  Preparing: SELECT id,team_uid,user_uid,role,lab_user_uid,career,is_admin,invited_by_uid,joined_at FROM team_member WHERE (user_uid = ?)
2026-05-29 23:38:29.498 [http-nio-8081-exec-6] DEBUG c.u.b.i.p.m.C.selectList - ==> Parameters: US00000000002(String)
2026-05-29 23:38:29.499 [http-nio-8081-exec-6] DEBUG c.u.b.i.p.m.C.selectList - <==      Total: 2
2026-05-29 23:38:29.499 [http-nio-8081-exec-6] DEBUG org.mybatis.spring.SqlSessionUtils - Closing non transactional SqlSession [org.apache.ibatis.session.defaults.DefaultSqlSession@287b086]
2026-05-29 23:38:29.499 [http-nio-8081-exec-6] DEBUG org.mybatis.spring.SqlSessionUtils - Creating a new SqlSession
2026-05-29 23:38:29.499 [http-nio-8081-exec-6] DEBUG org.mybatis.spring.SqlSessionUtils - SqlSession [org.apache.ibatis.session.defaults.DefaultSqlSession@1917eea] was not registered for synchronization because synchronization is not active
2026-05-29 23:38:29.499 [http-nio-8081-exec-6] DEBUG o.m.s.t.SpringManagedTransaction - JDBC Connection [HikariProxyConnection@1043197406 wrapping com.mysql.cj.jdbc.ConnectionImpl@70a6143d] will not be managed by Spring
2026-05-29 23:38:29.500 [http-nio-8081-exec-6] DEBUG c.u.b.i.p.m.C.selectList - ==>  Preparing: SELECT id,team_uid,type,team_logo,owner_uid,owner_name,entity_code,team_name,tag,intro,announcement,contact_email,audit_status,audited_at,audit_remark,account_status,account_status_changed_at,account_status_remark,created_at,updated_at FROM team WHERE (team_uid = ?) LIMIT 1
2026-05-29 23:38:29.500 [http-nio-8081-exec-6] DEBUG c.u.b.i.p.m.C.selectList - ==> Parameters: LB00000000001(String)
2026-05-29 23:38:29.501 [http-nio-8081-exec-6] DEBUG c.u.b.i.p.m.C.selectList - <==      Total: 1
2026-05-29 23:38:29.501 [http-nio-8081-exec-6] DEBUG org.mybatis.spring.SqlSessionUtils - Closing non transactional SqlSession [org.apache.ibatis.session.defaults.DefaultSqlSession@1917eea]
2026-05-29 23:38:29.501 [http-nio-8081-exec-6] DEBUG org.mybatis.spring.SqlSessionUtils - Creating a new SqlSession
2026-05-29 23:38:29.501 [http-nio-8081-exec-6] DEBUG org.mybatis.spring.SqlSessionUtils - SqlSession [org.apache.ibatis.session.defaults.DefaultSqlSession@6a4f81cd] was not registered for synchronization because synchronization is not active
2026-05-29 23:38:29.502 [http-nio-8081-exec-6] DEBUG o.m.s.t.SpringManagedTransaction - JDBC Connection [HikariProxyConnection@1612960832 wrapping com.mysql.cj.jdbc.ConnectionImpl@70a6143d] will not be managed by Spring
2026-05-29 23:38:29.502 [http-nio-8081-exec-6] DEBUG c.u.b.i.p.m.C.selectList - ==>  Preparing: SELECT id,team_uid,type,team_logo,owner_uid,owner_name,entity_code,team_name,tag,intro,announcement,contact_email,audit_status,audited_at,audit_remark,account_status,account_status_changed_at,account_status_remark,created_at,updated_at FROM team WHERE (team_uid = ?) LIMIT 1
2026-05-29 23:38:29.502 [http-nio-8081-exec-6] DEBUG c.u.b.i.p.m.C.selectList - ==> Parameters: LB00000000002(String)
2026-05-29 23:38:29.504 [http-nio-8081-exec-6] DEBUG c.u.b.i.p.m.C.selectList - <==      Total: 1
2026-05-29 23:38:29.504 [http-nio-8081-exec-6] DEBUG org.mybatis.spring.SqlSessionUtils - Closing non transactional SqlSession [org.apache.ibatis.session.defaults.DefaultSqlSession@6a4f81cd]
2026-05-29 23:38:29.504 [http-nio-8081-exec-6] DEBUG org.mybatis.spring.SqlSessionUtils - Creating a new SqlSession
2026-05-29 23:38:29.504 [http-nio-8081-exec-6] DEBUG org.mybatis.spring.SqlSessionUtils - SqlSession [org.apache.ibatis.session.defaults.DefaultSqlSession@5e67370d] was not registered for synchronization because synchronization is not active
2026-05-29 23:38:29.505 [http-nio-8081-exec-6] DEBUG o.m.s.t.SpringManagedTransaction - JDBC Connection [HikariProxyConnection@1219527909 wrapping com.mysql.cj.jdbc.ConnectionImpl@70a6143d] will not be managed by Spring
2026-05-29 23:38:29.505 [http-nio-8081-exec-6] DEBUG c.u.b.i.p.m.C.selectList - ==>  Preparing: SELECT id,team_uid,type,team_logo,owner_uid,owner_name,entity_code,team_name,tag,intro,announcement,contact_email,audit_status,audited_at,audit_remark,account_status,account_status_changed_at,account_status_remark,created_at,updated_at FROM team WHERE (owner_uid = ?)
2026-05-29 23:38:29.505 [http-nio-8081-exec-6] DEBUG c.u.b.i.p.m.C.selectList - ==> Parameters: US00000000002(String)
2026-05-29 23:38:29.506 [http-nio-8081-exec-6] DEBUG c.u.b.i.p.m.C.selectList - <==      Total: 2
2026-05-29 23:38:29.506 [http-nio-8081-exec-6] DEBUG org.mybatis.spring.SqlSessionUtils - Closing non transactional SqlSession [org.apache.ibatis.session.defaults.DefaultSqlSession@5e67370d]
2026-05-29 23:38:29.507 [http-nio-8081-exec-6] INFO  c.u.b.i.c.ApiRequestLoggingFilter - [API] GET /api/v1/client/user-profile/space?uid=US00000000002 -> 200 (25 ms) ip=127.0.0.1 location=局域网
2026-05-29 23:38:29.525 [http-nio-8081-exec-8] DEBUG c.u.b.i.config.IpLocationInterceptor - IP属地解析: ip=127.0.0.1, location=局域网, uri=/api/v1/client/user-profile/home
2026-05-29 23:38:29.530 [http-nio-8081-exec-8] DEBUG org.mybatis.spring.SqlSessionUtils - Creating a new SqlSession
2026-05-29 23:38:29.530 [http-nio-8081-exec-8] DEBUG org.mybatis.spring.SqlSessionUtils - SqlSession [org.apache.ibatis.session.defaults.DefaultSqlSession@3d1f37c3] was not registered for synchronization because synchronization is not active
2026-05-29 23:38:29.530 [http-nio-8081-exec-8] DEBUG o.m.s.t.SpringManagedTransaction - JDBC Connection [HikariProxyConnection@523623409 wrapping com.mysql.cj.jdbc.ConnectionImpl@34a74f45] will not be managed by Spring
2026-05-29 23:38:29.530 [http-nio-8081-exec-8] DEBUG c.u.b.i.p.m.C.selectList - ==>  Preparing: SELECT id,user_uid,phone,email,password_hash,account_status,account_status_changed_at,account_status_remark,last_login_at,created_at,updated_at FROM user WHERE (user_uid = ?) LIMIT 1
2026-05-29 23:38:29.531 [http-nio-8081-exec-8] DEBUG c.u.b.i.p.m.C.selectList - ==> Parameters: US00000000002(String)
2026-05-29 23:38:29.532 [http-nio-8081-exec-8] DEBUG c.u.b.i.p.m.C.selectList - <==      Total: 1
2026-05-29 23:38:29.532 [http-nio-8081-exec-8] DEBUG org.mybatis.spring.SqlSessionUtils - Closing non transactional SqlSession [org.apache.ibatis.session.defaults.DefaultSqlSession@3d1f37c3]
2026-05-29 23:38:29.533 [http-nio-8081-exec-8] DEBUG org.mybatis.spring.SqlSessionUtils - Creating a new SqlSession
2026-05-29 23:38:29.533 [http-nio-8081-exec-8] DEBUG org.mybatis.spring.SqlSessionUtils - SqlSession [org.apache.ibatis.session.defaults.DefaultSqlSession@110dc066] was not registered for synchronization because synchronization is not active
2026-05-29 23:38:29.533 [http-nio-8081-exec-8] DEBUG o.m.s.t.SpringManagedTransaction - JDBC Connection [HikariProxyConnection@1432902827 wrapping com.mysql.cj.jdbc.ConnectionImpl@34a74f45] will not be managed by Spring
2026-05-29 23:38:29.533 [http-nio-8081-exec-8] DEBUG c.u.b.i.p.m.C.selectList - ==>  Preparing: SELECT id,user_uid,nick_name,real_name,avatar_url,current_entity_name,level,bio_data,career_data,intro,announcement,created_at,updated_at FROM user_profile WHERE (user_uid = ?) LIMIT 1
2026-05-29 23:38:29.533 [http-nio-8081-exec-8] DEBUG c.u.b.i.p.m.C.selectList - ==> Parameters: US00000000002(String)
2026-05-29 23:38:29.534 [http-nio-8081-exec-8] DEBUG c.u.b.i.p.m.C.selectList - <==      Total: 1
2026-05-29 23:38:29.534 [http-nio-8081-exec-8] DEBUG org.mybatis.spring.SqlSessionUtils - Closing non transactional SqlSession [org.apache.ibatis.session.defaults.DefaultSqlSession@110dc066]
2026-05-29 23:38:29.535 [http-nio-8081-exec-8] DEBUG org.mybatis.spring.SqlSessionUtils - Creating a new SqlSession
2026-05-29 23:38:29.535 [http-nio-8081-exec-8] DEBUG org.mybatis.spring.SqlSessionUtils - SqlSession [org.apache.ibatis.session.defaults.DefaultSqlSession@71d86477] was not registered for synchronization because synchronization is not active
2026-05-29 23:38:29.535 [http-nio-8081-exec-8] DEBUG o.m.s.t.SpringManagedTransaction - JDBC Connection [HikariProxyConnection@237602010 wrapping com.mysql.cj.jdbc.ConnectionImpl@34a74f45] will not be managed by Spring
2026-05-29 23:38:29.535 [http-nio-8081-exec-8] DEBUG c.u.b.i.p.m.C.selectList - ==>  Preparing: SELECT id,project_uid,extended_uid,category,recruitment_type,owner_uid,team_uid,title,preview,editor_type,description,tags,duration,team_size,deadline,level,status,published_at,created_at,updated_at FROM project WHERE (owner_uid = ?) ORDER BY COALESCE(published_at, created_at) DESC, id DESC
2026-05-29 23:38:29.536 [http-nio-8081-exec-8] DEBUG c.u.b.i.p.m.C.selectList - ==> Parameters: US00000000002(String)
2026-05-29 23:38:29.537 [http-nio-8081-exec-8] DEBUG c.u.b.i.p.m.C.selectList - <==      Total: 1
2026-05-29 23:38:29.537 [http-nio-8081-exec-8] DEBUG org.mybatis.spring.SqlSessionUtils - Closing non transactional SqlSession [org.apache.ibatis.session.defaults.DefaultSqlSession@71d86477]
2026-05-29 23:38:29.537 [http-nio-8081-exec-8] DEBUG org.mybatis.spring.SqlSessionUtils - Creating a new SqlSession
2026-05-29 23:38:29.537 [http-nio-8081-exec-8] DEBUG org.mybatis.spring.SqlSessionUtils - SqlSession [org.apache.ibatis.session.defaults.DefaultSqlSession@62860eed] was not registered for synchronization because synchronization is not active
2026-05-29 23:38:29.537 [http-nio-8081-exec-8] DEBUG o.m.s.t.SpringManagedTransaction - JDBC Connection [HikariProxyConnection@1347368214 wrapping com.mysql.cj.jdbc.ConnectionImpl@34a74f45] will not be managed by Spring
2026-05-29 23:38:29.537 [http-nio-8081-exec-8] DEBUG c.u.b.i.p.m.C.selectList - ==>  Preparing: SELECT id,user_uid,content_type_code,extended_uid,title,summary,editor_type,content,cover_url,video_url,video_duration,tags,view_count,like_count,collect_count,comment_count,status,published_at,created_at,updated_at FROM note WHERE (user_uid = ? AND status = ?) ORDER BY COALESCE(published_at, created_at) DESC, id DESC
2026-05-29 23:38:29.537 [http-nio-8081-exec-8] DEBUG c.u.b.i.p.m.C.selectList - ==> Parameters: US00000000002(String), PUBLISHED(String)
2026-05-29 23:38:29.539 [http-nio-8081-exec-8] DEBUG c.u.b.i.p.m.C.selectList - <==      Total: 3
2026-05-29 23:38:29.539 [http-nio-8081-exec-8] DEBUG org.mybatis.spring.SqlSessionUtils - Closing non transactional SqlSession [org.apache.ibatis.session.defaults.DefaultSqlSession@62860eed]
2026-05-29 23:38:29.539 [http-nio-8081-exec-8] DEBUG org.mybatis.spring.SqlSessionUtils - Creating a new SqlSession
2026-05-29 23:38:29.539 [http-nio-8081-exec-8] DEBUG org.mybatis.spring.SqlSessionUtils - SqlSession [org.apache.ibatis.session.defaults.DefaultSqlSession@13553ced] was not registered for synchronization because synchronization is not active
2026-05-29 23:38:29.539 [http-nio-8081-exec-8] DEBUG o.m.s.t.SpringManagedTransaction - JDBC Connection [HikariProxyConnection@1098295564 wrapping com.mysql.cj.jdbc.ConnectionImpl@34a74f45] will not be managed by Spring
2026-05-29 23:38:29.539 [http-nio-8081-exec-8] DEBUG c.u.b.i.p.m.U.selectList - ==>  Preparing: SELECT id,user_uid,entity_code,role,auth_serial_no,proof_artifact_url,audit_status,is_active,remark,created_at,updated_at FROM user_auth_link WHERE (user_uid = ? AND is_active = ?) ORDER BY updated_at DESC LIMIT 1
2026-05-29 23:38:29.539 [http-nio-8081-exec-8] DEBUG c.u.b.i.p.m.U.selectList - ==> Parameters: US00000000002(String), 1(Integer)
2026-05-29 23:38:29.540 [http-nio-8081-exec-8] DEBUG c.u.b.i.p.m.U.selectList - <==      Total: 1
2026-05-29 23:38:29.540 [http-nio-8081-exec-8] DEBUG org.mybatis.spring.SqlSessionUtils - Closing non transactional SqlSession [org.apache.ibatis.session.defaults.DefaultSqlSession@13553ced]
2026-05-29 23:38:29.540 [http-nio-8081-exec-8] DEBUG org.mybatis.spring.SqlSessionUtils - Creating a new SqlSession
2026-05-29 23:38:29.540 [http-nio-8081-exec-8] DEBUG org.mybatis.spring.SqlSessionUtils - SqlSession [org.apache.ibatis.session.defaults.DefaultSqlSession@691f84db] was not registered for synchronization because synchronization is not active
2026-05-29 23:38:29.541 [http-nio-8081-exec-8] DEBUG o.m.s.t.SpringManagedTransaction - JDBC Connection [HikariProxyConnection@1394048833 wrapping com.mysql.cj.jdbc.ConnectionImpl@34a74f45] will not be managed by Spring
2026-05-29 23:38:29.541 [http-nio-8081-exec-8] DEBUG c.u.b.i.p.m.C.selectList - ==>  Preparing: SELECT id,entity_code,name,location,type,logo_url,banner_url,intro,announcement,created_at,updated_at FROM entity_profile WHERE (entity_code = ?) LIMIT 1
2026-05-29 23:38:29.541 [http-nio-8081-exec-8] DEBUG c.u.b.i.p.m.C.selectList - ==> Parameters: 10598(String)
2026-05-29 23:38:29.541 [http-nio-8081-exec-8] DEBUG c.u.b.i.p.m.C.selectList - <==      Total: 1
2026-05-29 23:38:29.541 [http-nio-8081-exec-8] DEBUG org.mybatis.spring.SqlSessionUtils - Closing non transactional SqlSession [org.apache.ibatis.session.defaults.DefaultSqlSession@691f84db]
2026-05-29 23:38:29.542 [http-nio-8081-exec-8] DEBUG org.mybatis.spring.SqlSessionUtils - Creating a new SqlSession
2026-05-29 23:38:29.542 [http-nio-8081-exec-8] DEBUG org.mybatis.spring.SqlSessionUtils - SqlSession [org.apache.ibatis.session.defaults.DefaultSqlSession@95678e7] was not registered for synchronization because synchronization is not active
2026-05-29 23:38:29.542 [http-nio-8081-exec-8] DEBUG o.m.s.t.SpringManagedTransaction - JDBC Connection [HikariProxyConnection@477760586 wrapping com.mysql.cj.jdbc.ConnectionImpl@34a74f45] will not be managed by Spring
2026-05-29 23:38:29.542 [http-nio-8081-exec-8] DEBUG c.u.b.i.p.m.C.selectList - ==>  Preparing: SELECT id,user_uid,nick_name,real_name,avatar_url,current_entity_name,level,bio_data,career_data,intro,announcement,created_at,updated_at FROM user_profile WHERE (user_uid = ?) LIMIT 1
2026-05-29 23:38:29.542 [http-nio-8081-exec-8] DEBUG c.u.b.i.p.m.C.selectList - ==> Parameters: US00000000002(String)
2026-05-29 23:38:29.543 [http-nio-8081-exec-8] DEBUG c.u.b.i.p.m.C.selectList - <==      Total: 1
2026-05-29 23:38:29.543 [http-nio-8081-exec-8] DEBUG org.mybatis.spring.SqlSessionUtils - Closing non transactional SqlSession [org.apache.ibatis.session.defaults.DefaultSqlSession@95678e7]
2026-05-29 23:38:29.543 [http-nio-8081-exec-8] DEBUG org.mybatis.spring.SqlSessionUtils - Creating a new SqlSession
2026-05-29 23:38:29.543 [http-nio-8081-exec-8] DEBUG org.mybatis.spring.SqlSessionUtils - SqlSession [org.apache.ibatis.session.defaults.DefaultSqlSession@3ffe7328] was not registered for synchronization because synchronization is not active
2026-05-29 23:38:29.543 [http-nio-8081-exec-8] DEBUG o.m.s.t.SpringManagedTransaction - JDBC Connection [HikariProxyConnection@89503088 wrapping com.mysql.cj.jdbc.ConnectionImpl@34a74f45] will not be managed by Spring
2026-05-29 23:38:29.543 [http-nio-8081-exec-8] DEBUG c.u.b.i.p.m.U.selectList - ==>  Preparing: SELECT id,user_uid,entity_code,role,auth_serial_no,proof_artifact_url,audit_status,is_active,remark,created_at,updated_at FROM user_auth_link WHERE (user_uid = ? AND is_active = ?) ORDER BY updated_at DESC LIMIT 1
2026-05-29 23:38:29.543 [http-nio-8081-exec-8] DEBUG c.u.b.i.p.m.U.selectList - ==> Parameters: US00000000002(String), 1(Integer)
2026-05-29 23:38:29.544 [http-nio-8081-exec-8] DEBUG c.u.b.i.p.m.U.selectList - <==      Total: 1
2026-05-29 23:38:29.544 [http-nio-8081-exec-8] DEBUG org.mybatis.spring.SqlSessionUtils - Closing non transactional SqlSession [org.apache.ibatis.session.defaults.DefaultSqlSession@3ffe7328]
2026-05-29 23:38:29.545 [http-nio-8081-exec-8] DEBUG org.mybatis.spring.SqlSessionUtils - Creating a new SqlSession
2026-05-29 23:38:29.545 [http-nio-8081-exec-8] DEBUG org.mybatis.spring.SqlSessionUtils - SqlSession [org.apache.ibatis.session.defaults.DefaultSqlSession@41d9b502] was not registered for synchronization because synchronization is not active
2026-05-29 23:38:29.545 [http-nio-8081-exec-8] DEBUG o.m.s.t.SpringManagedTransaction - JDBC Connection [HikariProxyConnection@234023202 wrapping com.mysql.cj.jdbc.ConnectionImpl@34a74f45] will not be managed by Spring
2026-05-29 23:38:29.545 [http-nio-8081-exec-8] DEBUG c.u.b.i.p.m.C.selectList - ==>  Preparing: SELECT id,entity_code,name,location,type,logo_url,banner_url,intro,announcement,created_at,updated_at FROM entity_profile WHERE (entity_code = ?) LIMIT 1
2026-05-29 23:38:29.545 [http-nio-8081-exec-8] DEBUG c.u.b.i.p.m.C.selectList - ==> Parameters: 10598(String)
2026-05-29 23:38:29.546 [http-nio-8081-exec-8] DEBUG c.u.b.i.p.m.C.selectList - <==      Total: 1
2026-05-29 23:38:29.546 [http-nio-8081-exec-8] DEBUG org.mybatis.spring.SqlSessionUtils - Closing non transactional SqlSession [org.apache.ibatis.session.defaults.DefaultSqlSession@41d9b502]
2026-05-29 23:38:29.546 [http-nio-8081-exec-8] DEBUG org.mybatis.spring.SqlSessionUtils - Creating a new SqlSession
2026-05-29 23:38:29.546 [http-nio-8081-exec-8] DEBUG org.mybatis.spring.SqlSessionUtils - SqlSession [org.apache.ibatis.session.defaults.DefaultSqlSession@63eda930] was not registered for synchronization because synchronization is not active
2026-05-29 23:38:29.547 [http-nio-8081-exec-8] DEBUG o.m.s.t.SpringManagedTransaction - JDBC Connection [HikariProxyConnection@1863344618 wrapping com.mysql.cj.jdbc.ConnectionImpl@34a74f45] will not be managed by Spring
2026-05-29 23:38:29.547 [http-nio-8081-exec-8] DEBUG c.u.b.i.p.m.C.selectList - ==>  Preparing: SELECT id,user_uid,nick_name,real_name,avatar_url,current_entity_name,level,bio_data,career_data,intro,announcement,created_at,updated_at FROM user_profile WHERE (user_uid = ?) LIMIT 1
2026-05-29 23:38:29.547 [http-nio-8081-exec-8] DEBUG c.u.b.i.p.m.C.selectList - ==> Parameters: US00000000002(String)
2026-05-29 23:38:29.547 [http-nio-8081-exec-8] DEBUG c.u.b.i.p.m.C.selectList - <==      Total: 1
2026-05-29 23:38:29.547 [http-nio-8081-exec-8] DEBUG org.mybatis.spring.SqlSessionUtils - Closing non transactional SqlSession [org.apache.ibatis.session.defaults.DefaultSqlSession@63eda930]
2026-05-29 23:38:29.548 [http-nio-8081-exec-8] DEBUG org.mybatis.spring.SqlSessionUtils - Creating a new SqlSession
2026-05-29 23:38:29.548 [http-nio-8081-exec-8] DEBUG org.mybatis.spring.SqlSessionUtils - SqlSession [org.apache.ibatis.session.defaults.DefaultSqlSession@710fe147] was not registered for synchronization because synchronization is not active
2026-05-29 23:38:29.548 [http-nio-8081-exec-8] DEBUG o.m.s.t.SpringManagedTransaction - JDBC Connection [HikariProxyConnection@2133160575 wrapping com.mysql.cj.jdbc.ConnectionImpl@34a74f45] will not be managed by Spring
2026-05-29 23:38:29.548 [http-nio-8081-exec-8] DEBUG c.u.b.i.p.m.U.selectList - ==>  Preparing: SELECT id,user_uid,entity_code,role,auth_serial_no,proof_artifact_url,audit_status,is_active,remark,created_at,updated_at FROM user_auth_link WHERE (user_uid = ? AND is_active = ?) ORDER BY updated_at DESC LIMIT 1
2026-05-29 23:38:29.548 [http-nio-8081-exec-8] DEBUG c.u.b.i.p.m.U.selectList - ==> Parameters: US00000000002(String), 1(Integer)
2026-05-29 23:38:29.549 [http-nio-8081-exec-8] DEBUG c.u.b.i.p.m.U.selectList - <==      Total: 1
2026-05-29 23:38:29.549 [http-nio-8081-exec-8] DEBUG org.mybatis.spring.SqlSessionUtils - Closing non transactional SqlSession [org.apache.ibatis.session.defaults.DefaultSqlSession@710fe147]
2026-05-29 23:38:29.550 [http-nio-8081-exec-8] DEBUG org.mybatis.spring.SqlSessionUtils - Creating a new SqlSession
2026-05-29 23:38:29.550 [http-nio-8081-exec-8] DEBUG org.mybatis.spring.SqlSessionUtils - SqlSession [org.apache.ibatis.session.defaults.DefaultSqlSession@6fedb05f] was not registered for synchronization because synchronization is not active
2026-05-29 23:38:29.550 [http-nio-8081-exec-8] DEBUG o.m.s.t.SpringManagedTransaction - JDBC Connection [HikariProxyConnection@1634103612 wrapping com.mysql.cj.jdbc.ConnectionImpl@34a74f45] will not be managed by Spring
2026-05-29 23:38:29.550 [http-nio-8081-exec-8] DEBUG c.u.b.i.p.m.C.selectList - ==>  Preparing: SELECT id,entity_code,name,location,type,logo_url,banner_url,intro,announcement,created_at,updated_at FROM entity_profile WHERE (entity_code = ?) LIMIT 1
2026-05-29 23:38:29.550 [http-nio-8081-exec-8] DEBUG c.u.b.i.p.m.C.selectList - ==> Parameters: 10598(String)
2026-05-29 23:38:29.551 [http-nio-8081-exec-8] DEBUG c.u.b.i.p.m.C.selectList - <==      Total: 1
2026-05-29 23:38:29.551 [http-nio-8081-exec-8] DEBUG org.mybatis.spring.SqlSessionUtils - Closing non transactional SqlSession [org.apache.ibatis.session.defaults.DefaultSqlSession@6fedb05f]
2026-05-29 23:38:29.551 [http-nio-8081-exec-8] DEBUG org.mybatis.spring.SqlSessionUtils - Creating a new SqlSession
2026-05-29 23:38:29.551 [http-nio-8081-exec-8] DEBUG org.mybatis.spring.SqlSessionUtils - SqlSession [org.apache.ibatis.session.defaults.DefaultSqlSession@14e95846] was not registered for synchronization because synchronization is not active
2026-05-29 23:38:29.551 [http-nio-8081-exec-8] DEBUG o.m.s.t.SpringManagedTransaction - JDBC Connection [HikariProxyConnection@369393100 wrapping com.mysql.cj.jdbc.ConnectionImpl@34a74f45] will not be managed by Spring
2026-05-29 23:38:29.551 [http-nio-8081-exec-8] DEBUG c.u.b.i.p.m.C.selectList - ==>  Preparing: SELECT id,user_uid,nick_name,real_name,avatar_url,current_entity_name,level,bio_data,career_data,intro,announcement,created_at,updated_at FROM user_profile WHERE (user_uid = ?) LIMIT 1
2026-05-29 23:38:29.552 [http-nio-8081-exec-8] DEBUG c.u.b.i.p.m.C.selectList - ==> Parameters: US00000000002(String)
2026-05-29 23:38:29.552 [http-nio-8081-exec-8] DEBUG c.u.b.i.p.m.C.selectList - <==      Total: 1
2026-05-29 23:38:29.552 [http-nio-8081-exec-8] DEBUG org.mybatis.spring.SqlSessionUtils - Closing non transactional SqlSession [org.apache.ibatis.session.defaults.DefaultSqlSession@14e95846]
2026-05-29 23:38:29.553 [http-nio-8081-exec-8] DEBUG org.mybatis.spring.SqlSessionUtils - Creating a new SqlSession
2026-05-29 23:38:29.553 [http-nio-8081-exec-8] DEBUG org.mybatis.spring.SqlSessionUtils - SqlSession [org.apache.ibatis.session.defaults.DefaultSqlSession@5325ebba] was not registered for synchronization because synchronization is not active
2026-05-29 23:38:29.553 [http-nio-8081-exec-8] DEBUG o.m.s.t.SpringManagedTransaction - JDBC Connection [HikariProxyConnection@223392496 wrapping com.mysql.cj.jdbc.ConnectionImpl@34a74f45] will not be managed by Spring
2026-05-29 23:38:29.553 [http-nio-8081-exec-8] DEBUG c.u.b.i.p.m.U.selectList - ==>  Preparing: SELECT id,user_uid,entity_code,role,auth_serial_no,proof_artifact_url,audit_status,is_active,remark,created_at,updated_at FROM user_auth_link WHERE (user_uid = ? AND is_active = ?) ORDER BY updated_at DESC LIMIT 1
2026-05-29 23:38:29.553 [http-nio-8081-exec-8] DEBUG c.u.b.i.p.m.U.selectList - ==> Parameters: US00000000002(String), 1(Integer)
2026-05-29 23:38:29.554 [http-nio-8081-exec-8] DEBUG c.u.b.i.p.m.U.selectList - <==      Total: 1
2026-05-29 23:38:29.554 [http-nio-8081-exec-8] DEBUG org.mybatis.spring.SqlSessionUtils - Closing non transactional SqlSession [org.apache.ibatis.session.defaults.DefaultSqlSession@5325ebba]
2026-05-29 23:38:29.555 [http-nio-8081-exec-8] DEBUG org.mybatis.spring.SqlSessionUtils - Creating a new SqlSession
2026-05-29 23:38:29.555 [http-nio-8081-exec-8] DEBUG org.mybatis.spring.SqlSessionUtils - SqlSession [org.apache.ibatis.session.defaults.DefaultSqlSession@34377e32] was not registered for synchronization because synchronization is not active
2026-05-29 23:38:29.555 [http-nio-8081-exec-8] DEBUG o.m.s.t.SpringManagedTransaction - JDBC Connection [HikariProxyConnection@1219705653 wrapping com.mysql.cj.jdbc.ConnectionImpl@34a74f45] will not be managed by Spring
2026-05-29 23:38:29.555 [http-nio-8081-exec-8] DEBUG c.u.b.i.p.m.C.selectList - ==>  Preparing: SELECT id,entity_code,name,location,type,logo_url,banner_url,intro,announcement,created_at,updated_at FROM entity_profile WHERE (entity_code = ?) LIMIT 1
2026-05-29 23:38:29.555 [http-nio-8081-exec-8] DEBUG c.u.b.i.p.m.C.selectList - ==> Parameters: 10598(String)
2026-05-29 23:38:29.556 [http-nio-8081-exec-8] DEBUG c.u.b.i.p.m.C.selectList - <==      Total: 1
2026-05-29 23:38:29.556 [http-nio-8081-exec-8] DEBUG org.mybatis.spring.SqlSessionUtils - Closing non transactional SqlSession [org.apache.ibatis.session.defaults.DefaultSqlSession@34377e32]
2026-05-29 23:38:29.556 [http-nio-8081-exec-8] DEBUG org.mybatis.spring.SqlSessionUtils - Creating a new SqlSession
2026-05-29 23:38:29.556 [http-nio-8081-exec-8] DEBUG org.mybatis.spring.SqlSessionUtils - SqlSession [org.apache.ibatis.session.defaults.DefaultSqlSession@2956869] was not registered for synchronization because synchronization is not active
2026-05-29 23:38:29.557 [http-nio-8081-exec-8] DEBUG o.m.s.t.SpringManagedTransaction - JDBC Connection [HikariProxyConnection@232542439 wrapping com.mysql.cj.jdbc.ConnectionImpl@34a74f45] will not be managed by Spring
2026-05-29 23:38:29.557 [http-nio-8081-exec-8] DEBUG c.u.b.i.p.m.C.selectCount - ==>  Preparing: SELECT COUNT( * ) AS total FROM project WHERE (owner_uid = ?) ORDER BY COALESCE(published_at, created_at) DESC, id DESC
2026-05-29 23:38:29.557 [http-nio-8081-exec-8] DEBUG c.u.b.i.p.m.C.selectCount - ==> Parameters: US00000000002(String)
2026-05-29 23:38:29.558 [http-nio-8081-exec-8] DEBUG c.u.b.i.p.m.C.selectCount - <==      Total: 1
2026-05-29 23:38:29.558 [http-nio-8081-exec-8] DEBUG org.mybatis.spring.SqlSessionUtils - Closing non transactional SqlSession [org.apache.ibatis.session.defaults.DefaultSqlSession@2956869]
2026-05-29 23:38:29.558 [http-nio-8081-exec-8] DEBUG org.mybatis.spring.SqlSessionUtils - Creating a new SqlSession
2026-05-29 23:38:29.558 [http-nio-8081-exec-8] DEBUG org.mybatis.spring.SqlSessionUtils - SqlSession [org.apache.ibatis.session.defaults.DefaultSqlSession@7a02bf58] was not registered for synchronization because synchronization is not active
2026-05-29 23:38:29.558 [http-nio-8081-exec-8] DEBUG o.m.s.t.SpringManagedTransaction - JDBC Connection [HikariProxyConnection@1409107537 wrapping com.mysql.cj.jdbc.ConnectionImpl@34a74f45] will not be managed by Spring
2026-05-29 23:38:29.558 [http-nio-8081-exec-8] DEBUG c.u.b.i.p.m.C.selectCount - ==>  Preparing: SELECT COUNT( * ) AS total FROM note WHERE (user_uid = ? AND status = ?) ORDER BY COALESCE(published_at, created_at) DESC, id DESC
2026-05-29 23:38:29.558 [http-nio-8081-exec-8] DEBUG c.u.b.i.p.m.C.selectCount - ==> Parameters: US00000000002(String), PUBLISHED(String)
2026-05-29 23:38:29.559 [http-nio-8081-exec-8] DEBUG c.u.b.i.p.m.C.selectCount - <==      Total: 1
2026-05-29 23:38:29.559 [http-nio-8081-exec-8] DEBUG org.mybatis.spring.SqlSessionUtils - Closing non transactional SqlSession [org.apache.ibatis.session.defaults.DefaultSqlSession@7a02bf58]
2026-05-29 23:38:29.560 [http-nio-8081-exec-8] INFO  c.u.b.i.c.ApiRequestLoggingFilter - [API] GET /api/v1/client/user-profile/home?uid=US00000000002&projectLimit=3&noteLimit=4 -> 200 (35 ms) ip=127.0.0.1 location=局域网
